origin_id,country_code,country_de,country_fr,country_en,region_canonical,region_de,region_fr,region_en,appellation_canonical,record_level,appellation_type,legal_scheme,legal_status,source_authority,source_url,legal_basis_url,validated_on,auction_lots_observed,notes_de,notes_fr,notes_en
AR-COUNTRY,AR,Argentinien,Argentine,Argentina,,,,,,country,Country of origin,Country-level origin,country_reference,Instituto Nacional de Vitivinicultura (INV),https://www.argentina.gob.ar/inv,https://www.argentina.gob.ar/normativa/nacional/ley-25163-60510/texto,2026-09-07,34,Länderangabe ohne verlässlich ableitbare Region oder Appellation.,Indication du pays sans région ni appellation pouvant être déduite de manière fiable.,Country indication without a region or appellation that can be derived reliably.
AR-ORI-LUJAN-DE-CUYO,AR,Argentinien,Argentine,Argentina,Mendoza,Mendoza,Mendoza,Mendoza,Luján de Cuyo,appellation,Denominación de Origen,IG/DO,protected_current,Instituto Nacional de Vitivinicultura (INV),https://www.argentina.gob.ar/inv,https://www.argentina.gob.ar/normativa/nacional/ley-25163-60510/texto,2026-09-07,18,Geschützter bzw. regulierter Herkunftsname; der offizielle Eigenname wird nicht übersetzt.,Nom d'origine protégé ou réglementé; le nom propre officiel n'est pas traduit.,Protected or regulated origin name; the official proper name is not translated.
AR-ORI-MENDOZA,AR,Argentinien,Argentine,Argentina,Mendoza,Mendoza,Mendoza,Mendoza,Mendoza,appellation,Indicación Geográfica,IG/DO,protected_current,Instituto Nacional de Vitivinicultura (INV),https://www.argentina.gob.ar/inv,https://www.argentina.gob.ar/normativa/nacional/ley-25163-60510/texto,2026-09-07,542,Geschützter bzw. regulierter Herkunftsname; der offizielle Eigenname wird nicht übersetzt.,Nom d'origine protégé ou réglementé; le nom propre officiel n'est pas traduit.,Protected or regulated origin name; the official proper name is not translated.
AR-ORI-VALLE-DE-UCO,AR,Argentinien,Argentine,Argentina,Mendoza,Mendoza,Mendoza,Mendoza,Valle de Uco,appellation,Indicación Geográfica,IG/DO,protected_current,Instituto Nacional de Vitivinicultura (INV),https://www.argentina.gob.ar/inv,https://www.argentina.gob.ar/normativa/nacional/ley-25163-60510/texto,2026-09-07,121,Geschützter bzw. regulierter Herkunftsname; der offizielle Eigenname wird nicht übersetzt.,Nom d'origine protégé ou réglementé; le nom propre officiel n'est pas traduit.,Protected or regulated origin name; the official proper name is not translated.
AR-ORI-PATAGONIA,AR,Argentinien,Argentine,Argentina,Patagonia,Patagonien,Patagonie,Patagonia,Patagonia,appellation,Indicación Geográfica,IG/DO,protected_current,Instituto Nacional de Vitivinicultura (INV),https://www.argentina.gob.ar/inv,https://www.argentina.gob.ar/normativa/nacional/ley-25163-60510/texto,2026-09-07,37,Geschützter bzw. regulierter Herkunftsname; der offizielle Eigenname wird nicht übersetzt.,Nom d'origine protégé ou réglementé; le nom propre officiel n'est pas traduit.,Protected or regulated origin name; the official proper name is not translated.
AR-ORI-CAFAYATE,AR,Argentinien,Argentine,Argentina,Salta,Salta,Salta,Salta,Cafayate,appellation,Indicación Geográfica,IG/DO,protected_current,Instituto Nacional de Vitivinicultura (INV),https://www.argentina.gob.ar/inv,https://www.argentina.gob.ar/normativa/nacional/ley-25163-60510/texto,2026-09-07,5,Geschützter bzw. regulierter Herkunftsname; der offizielle Eigenname wird nicht übersetzt.,Nom d'origine protégé ou réglementé; le nom propre officiel n'est pas traduit.,Protected or regulated origin name; the official proper name is not translated.
AR-ORI-SALTA,AR,Argentinien,Argentine,Argentina,Salta,Salta,Salta,Salta,Salta,appellation,Indicación Geográfica,IG/DO,protected_current,Instituto Nacional de Vitivinicultura (INV),https://www.argentina.gob.ar/inv,https://www.argentina.gob.ar/normativa/nacional/ley-25163-60510/texto,2026-09-07,10,Geschützter bzw. regulierter Herkunftsname; der offizielle Eigenname wird nicht übersetzt.,Nom d'origine protégé ou réglementé; le nom propre officiel n'est pas traduit.,Protected or regulated origin name; the official proper name is not translated.
AT-COUNTRY,AT,Österreich,Autriche,Austria,,,,,,country,Country of origin,Country-level origin,country_reference,"European Commission, eAmbrosia GI Register",https://ec.europa.eu/agriculture/eambrosia/geographical-indications-register/,https://eur-lex.europa.eu/eli/reg/2024/1143/oj,2026-09-07,121,Länderangabe ohne verlässlich ableitbare Region oder Appellation.,Indication du pays sans région ni appellation pouvant être déduite de manière fiable.,Country indication without a region or appellation that can be derived reliably.
AT-ORI-BURGENLAND,AT,Österreich,Autriche,Austria,Burgenland,Burgenland,Burgenland,Burgenland,Burgenland,appellation,g.U. / EU PDO,EU PDO/PGI,protected_current,"European Commission, eAmbrosia GI Register",https://ec.europa.eu/agriculture/eambrosia/geographical-indications-register/,https://eur-lex.europa.eu/eli/reg/2024/1143/oj,2026-09-07,263,Geschützter bzw. regulierter Herkunftsname; der offizielle Eigenname wird nicht übersetzt.,Nom d'origine protégé ou réglementé; le nom propre officiel n'est pas traduit.,Protected or regulated origin name; the official proper name is not translated.
AT-ORI-EISENBERG,AT,Österreich,Autriche,Austria,Burgenland,Burgenland,Burgenland,Burgenland,Eisenberg,appellation,DAC / EU PDO,EU PDO/PGI,protected_current,"European Commission, eAmbrosia GI Register",https://ec.europa.eu/agriculture/eambrosia/geographical-indications-register/,https://eur-lex.europa.eu/eli/reg/2024/1143/oj,2026-09-07,0,Geschützter bzw. regulierter Herkunftsname; der offizielle Eigenname wird nicht übersetzt.,Nom d'origine protégé ou réglementé; le nom propre officiel n'est pas traduit.,Protected or regulated origin name; the official proper name is not translated.
AT-ORI-LEITHABERG,AT,Österreich,Autriche,Austria,Burgenland,Burgenland,Burgenland,Burgenland,Leithaberg,appellation,DAC / EU PDO,EU PDO/PGI,protected_current,"European Commission, eAmbrosia GI Register",https://ec.europa.eu/agriculture/eambrosia/geographical-indications-register/,https://eur-lex.europa.eu/eli/reg/2024/1143/oj,2026-09-07,1,Geschützter bzw. regulierter Herkunftsname; der offizielle Eigenname wird nicht übersetzt.,Nom d'origine protégé ou réglementé; le nom propre officiel n'est pas traduit.,Protected or regulated origin name; the official proper name is not translated.
AT-ORI-MITTELBURGENLAND,AT,Österreich,Autriche,Austria,Burgenland,Burgenland,Burgenland,Burgenland,Mittelburgenland,appellation,DAC / EU PDO,EU PDO/PGI,protected_current,"European Commission, eAmbrosia GI Register",https://ec.europa.eu/agriculture/eambrosia/geographical-indications-register/,https://eur-lex.europa.eu/eli/reg/2024/1143/oj,2026-09-07,32,Geschützter bzw. regulierter Herkunftsname; der offizielle Eigenname wird nicht übersetzt.,Nom d'origine protégé ou réglementé; le nom propre officiel n'est pas traduit.,Protected or regulated origin name; the official proper name is not translated.
AT-ORI-NEUSIEDLERSEE,AT,Österreich,Autriche,Austria,Burgenland,Burgenland,Burgenland,Burgenland,Neusiedlersee,appellation,DAC / EU PDO,EU PDO/PGI,protected_current,"European Commission, eAmbrosia GI Register",https://ec.europa.eu/agriculture/eambrosia/geographical-indications-register/,https://eur-lex.europa.eu/eli/reg/2024/1143/oj,2026-09-07,84,Geschützter bzw. regulierter Herkunftsname; der offizielle Eigenname wird nicht übersetzt.,Nom d'origine protégé ou réglementé; le nom propre officiel n'est pas traduit.,Protected or regulated origin name; the official proper name is not translated.
AT-ORI-ROSALIA,AT,Österreich,Autriche,Austria,Burgenland,Burgenland,Burgenland,Burgenland,Rosalia,appellation,DAC / EU PDO,EU PDO/PGI,protected_current,"European Commission, eAmbrosia GI Register",https://ec.europa.eu/agriculture/eambrosia/geographical-indications-register/,https://eur-lex.europa.eu/eli/reg/2024/1143/oj,2026-09-07,0,Geschützter bzw. regulierter Herkunftsname; der offizielle Eigenname wird nicht übersetzt.,Nom d'origine protégé ou réglementé; le nom propre officiel n'est pas traduit.,Protected or regulated origin name; the official proper name is not translated.
AT-ORI-RUSTER-AUSBRUCH,AT,Österreich,Autriche,Austria,Burgenland,Burgenland,Burgenland,Burgenland,Ruster Ausbruch,appellation,DAC / EU PDO,EU PDO/PGI,protected_current,"European Commission, eAmbrosia GI Register",https://ec.europa.eu/agriculture/eambrosia/geographical-indications-register/,https://eur-lex.europa.eu/eli/reg/2024/1143/oj,2026-09-07,0,Geschützter bzw. regulierter Herkunftsname; der offizielle Eigenname wird nicht übersetzt.,Nom d'origine protégé ou réglementé; le nom propre officiel n'est pas traduit.,Protected or regulated origin name; the official proper name is not translated.
AT-ORI-CARNUNTUM,AT,Österreich,Autriche,Austria,Niederösterreich,Niederösterreich,Basse-Autriche,Lower Austria,Carnuntum,appellation,DAC / EU PDO,EU PDO/PGI,protected_current,"European Commission, eAmbrosia GI Register",https://ec.europa.eu/agriculture/eambrosia/geographical-indications-register/,https://eur-lex.europa.eu/eli/reg/2024/1143/oj,2026-09-07,3,Geschützter bzw. regulierter Herkunftsname; der offizielle Eigenname wird nicht übersetzt.,Nom d'origine protégé ou réglementé; le nom propre officiel n'est pas traduit.,Protected or regulated origin name; the official proper name is not translated.
AT-ORI-KAMPTAL,AT,Österreich,Autriche,Austria,Niederösterreich,Niederösterreich,Basse-Autriche,Lower Austria,Kamptal,appellation,DAC / EU PDO,EU PDO/PGI,protected_current,"European Commission, eAmbrosia GI Register",https://ec.europa.eu/agriculture/eambrosia/geographical-indications-register/,https://eur-lex.europa.eu/eli/reg/2024/1143/oj,2026-09-07,165,Geschützter bzw. regulierter Herkunftsname; der offizielle Eigenname wird nicht übersetzt.,Nom d'origine protégé ou réglementé; le nom propre officiel n'est pas traduit.,Protected or regulated origin name; the official proper name is not translated.
AT-ORI-KREMSTAL,AT,Österreich,Autriche,Austria,Niederösterreich,Niederösterreich,Basse-Autriche,Lower Austria,Kremstal,appellation,DAC / EU PDO,EU PDO/PGI,protected_current,"European Commission, eAmbrosia GI Register",https://ec.europa.eu/agriculture/eambrosia/geographical-indications-register/,https://eur-lex.europa.eu/eli/reg/2024/1143/oj,2026-09-07,142,Geschützter bzw. regulierter Herkunftsname; der offizielle Eigenname wird nicht übersetzt.,Nom d'origine protégé ou réglementé; le nom propre officiel n'est pas traduit.,Protected or regulated origin name; the official proper name is not translated.
AT-ORI-THERMENREGION,AT,Österreich,Autriche,Austria,Niederösterreich,Niederösterreich,Basse-Autriche,Lower Austria,Thermenregion,appellation,DAC / EU PDO,EU PDO/PGI,protected_current,"European Commission, eAmbrosia GI Register",https://ec.europa.eu/agriculture/eambrosia/geographical-indications-register/,https://eur-lex.europa.eu/eli/reg/2024/1143/oj,2026-09-07,11,Geschützter bzw. regulierter Herkunftsname; der offizielle Eigenname wird nicht übersetzt.,Nom d'origine protégé ou réglementé; le nom propre officiel n'est pas traduit.,Protected or regulated origin name; the official proper name is not translated.
AT-ORI-TRAISENTAL,AT,Österreich,Autriche,Austria,Niederösterreich,Niederösterreich,Basse-Autriche,Lower Austria,Traisental,appellation,DAC / EU PDO,EU PDO/PGI,protected_current,"European Commission, eAmbrosia GI Register",https://ec.europa.eu/agriculture/eambrosia/geographical-indications-register/,https://eur-lex.europa.eu/eli/reg/2024/1143/oj,2026-09-07,0,Geschützter bzw. regulierter Herkunftsname; der offizielle Eigenname wird nicht übersetzt.,Nom d'origine protégé ou réglementé; le nom propre officiel n'est pas traduit.,Protected or regulated origin name; the official proper name is not translated.
AT-ORI-WACHAU,AT,Österreich,Autriche,Austria,Niederösterreich,Niederösterreich,Basse-Autriche,Lower Austria,Wachau,appellation,DAC / EU PDO,EU PDO/PGI,protected_current,"European Commission, eAmbrosia GI Register",https://ec.europa.eu/agriculture/eambrosia/geographical-indications-register/,https://eur-lex.europa.eu/eli/reg/2024/1143/oj,2026-09-07,332,Geschützter bzw. regulierter Herkunftsname; der offizielle Eigenname wird nicht übersetzt.,Nom d'origine protégé ou réglementé; le nom propre officiel n'est pas traduit.,Protected or regulated origin name; the official proper name is not translated.
AT-ORI-WAGRAM,AT,Österreich,Autriche,Austria,Niederösterreich,Niederösterreich,Basse-Autriche,Lower Austria,Wagram,appellation,DAC / EU PDO,EU PDO/PGI,protected_current,"European Commission, eAmbrosia GI Register",https://ec.europa.eu/agriculture/eambrosia/geographical-indications-register/,https://eur-lex.europa.eu/eli/reg/2024/1143/oj,2026-09-07,2,Geschützter bzw. regulierter Herkunftsname; der offizielle Eigenname wird nicht übersetzt.,Nom d'origine protégé ou réglementé; le nom propre officiel n'est pas traduit.,Protected or regulated origin name; the official proper name is not translated.
AT-ORI-WEINVIERTEL,AT,Österreich,Autriche,Austria,Niederösterreich,Niederösterreich,Basse-Autriche,Lower Austria,Weinviertel,appellation,DAC / EU PDO,EU PDO/PGI,protected_current,"European Commission, eAmbrosia GI Register",https://ec.europa.eu/agriculture/eambrosia/geographical-indications-register/,https://eur-lex.europa.eu/eli/reg/2024/1143/oj,2026-09-07,3,Geschützter bzw. regulierter Herkunftsname; der offizielle Eigenname wird nicht übersetzt.,Nom d'origine protégé ou réglementé; le nom propre officiel n'est pas traduit.,Protected or regulated origin name; the official proper name is not translated.
AT-ORI-STEIERMARK,AT,Österreich,Autriche,Austria,Steiermark,Steiermark,Styrie,Styria,Steiermark,appellation,g.U. / EU PDO,EU PDO/PGI,protected_current,"European Commission, eAmbrosia GI Register",https://ec.europa.eu/agriculture/eambrosia/geographical-indications-register/,https://eur-lex.europa.eu/eli/reg/2024/1143/oj,2026-09-07,0,Geschützter bzw. regulierter Herkunftsname; der offizielle Eigenname wird nicht übersetzt.,Nom d'origine protégé ou réglementé; le nom propre officiel n'est pas traduit.,Protected or regulated origin name; the official proper name is not translated.
AT-ORI-SUDSTEIERMARK,AT,Österreich,Autriche,Austria,Steiermark,Steiermark,Styrie,Styria,Südsteiermark,appellation,DAC / EU PDO,EU PDO/PGI,protected_current,"European Commission, eAmbrosia GI Register",https://ec.europa.eu/agriculture/eambrosia/geographical-indications-register/,https://eur-lex.europa.eu/eli/reg/2024/1143/oj,2026-09-07,63,Geschützter bzw. regulierter Herkunftsname; der offizielle Eigenname wird nicht übersetzt.,Nom d'origine protégé ou réglementé; le nom propre officiel n'est pas traduit.,Protected or regulated origin name; the official proper name is not translated.
AT-ORI-VULKANLAND-STEIERMARK,AT,Österreich,Autriche,Austria,Steiermark,Steiermark,Styrie,Styria,Vulkanland Steiermark,appellation,DAC / EU PDO,EU PDO/PGI,protected_current,"European Commission, eAmbrosia GI Register",https://ec.europa.eu/agriculture/eambrosia/geographical-indications-register/,https://eur-lex.europa.eu/eli/reg/2024/1143/oj,2026-09-07,0,Geschützter bzw. regulierter Herkunftsname; der offizielle Eigenname wird nicht übersetzt.,Nom d'origine protégé ou réglementé; le nom propre officiel n'est pas traduit.,Protected or regulated origin name; the official proper name is not translated.
AT-ORI-WESTSTEIERMARK,AT,Österreich,Autriche,Austria,Steiermark,Steiermark,Styrie,Styria,Weststeiermark,appellation,DAC / EU PDO,EU PDO/PGI,protected_current,"European Commission, eAmbrosia GI Register",https://ec.europa.eu/agriculture/eambrosia/geographical-indications-register/,https://eur-lex.europa.eu/eli/reg/2024/1143/oj,2026-09-07,0,Geschützter bzw. regulierter Herkunftsname; der offizielle Eigenname wird nicht übersetzt.,Nom d'origine protégé ou réglementé; le nom propre officiel n'est pas traduit.,Protected or regulated origin name; the official proper name is not translated.
AT-ORI-WIEN,AT,Österreich,Autriche,Austria,Wien,Wien,Wien,Wien,Wien,appellation,g.U. / EU PDO,EU PDO/PGI,protected_current,"European Commission, eAmbrosia GI Register",https://ec.europa.eu/agriculture/eambrosia/geographical-indications-register/,https://eur-lex.europa.eu/eli/reg/2024/1143/oj,2026-09-07,2,Geschützter bzw. regulierter Herkunftsname; der offizielle Eigenname wird nicht übersetzt.,Nom d'origine protégé ou réglementé; le nom propre officiel n'est pas traduit.,Protected or regulated origin name; the official proper name is not translated.
AT-ORI-WIENER-GEMISCHTER-SATZ,AT,Österreich,Autriche,Austria,Wien,Wien,Wien,Wien,Wiener Gemischter Satz,appellation,DAC / EU PDO,EU PDO/PGI,protected_current,"European Commission, eAmbrosia GI Register",https://ec.europa.eu/agriculture/eambrosia/geographical-indications-register/,https://eur-lex.europa.eu/eli/reg/2024/1143/oj,2026-09-07,0,Geschützter bzw. regulierter Herkunftsname; der offizielle Eigenname wird nicht übersetzt.,Nom d'origine protégé ou réglementé; le nom propre officiel n'est pas traduit.,Protected or regulated origin name; the official proper name is not translated.
AU-COUNTRY,AU,Australien,Australie,Australia,,,,,,country,Country of origin,Country-level origin,country_reference,Wine Australia,https://www.wineaustralia.com/labelling/register-of-protected-gis-and-other-terms/geographical-indications,https://www.legislation.gov.au/C2013A00161/latest/text,2026-09-07,5950,Länderangabe ohne verlässlich ableitbare Region oder Appellation.,Indication du pays sans région ni appellation pouvant être déduite de manière fiable.,Country indication without a region or appellation that can be derived reliably.
AU-REG-ALBURY,AU,Australien,Australie,Australia,Albury,Albury,Albury,Albury,,region,Wine region (not asserted as protected appellation),Australian GI,regional_reference_only,Wine Australia,https://www.wineaustralia.com/labelling/register-of-protected-gis-and-other-terms/geographical-indications,https://www.legislation.gov.au/C2013A00161/latest/text,2026-09-07,90,Als Weinregion für Hierarchie und Mapping geführt; nicht als geschützte Appellation behauptet.,Conservée comme région viticole pour la hiérarchie et le mapping; aucun statut d'appellation protégée n'est affirmé.,Retained as a wine-region reference for hierarchy and mapping; not asserted as a protected appellation.
AU-REG-BAROOTA,AU,Australien,Australie,Australia,Baroota,Baroota,Baroota,Baroota,,region,Wine region (not asserted as protected appellation),Australian GI,regional_reference_only,Wine Australia,https://www.wineaustralia.com/labelling/register-of-protected-gis-and-other-terms/geographical-indications,https://www.legislation.gov.au/C2013A00161/latest/text,2026-09-07,163,Als Weinregion für Hierarchie und Mapping geführt; nicht als geschützte Appellation behauptet.,Conservée comme région viticole pour la hiérarchie et le mapping; aucun statut d'appellation protégée n'est affirmé.,Retained as a wine-region reference for hierarchy and mapping; not asserted as a protected appellation.
AU-REG-BUNDABERG,AU,Australien,Australie,Australia,Bundaberg,Bundaberg,Bundaberg,Bundaberg,,region,Wine region (not asserted as protected appellation),Australian GI,regional_reference_only,Wine Australia,https://www.wineaustralia.com/labelling/register-of-protected-gis-and-other-terms/geographical-indications,https://www.legislation.gov.au/C2013A00161/latest/text,2026-09-07,445,Als Weinregion für Hierarchie und Mapping geführt; nicht als geschützte Appellation behauptet.,Conservée comme région viticole pour la hiérarchie et le mapping; aucun statut d'appellation protégée n'est affirmé.,Retained as a wine-region reference for hierarchy and mapping; not asserted as a protected appellation.
AU-REG-CENTRAL-HIGHLANDS-NSW,AU,Australien,Australie,Australia,Central Highlands NSW,Central Highlands NSW,Central Highlands NSW,Central Highlands NSW,,region,Wine region (not asserted as protected appellation),Australian GI,regional_reference_only,Wine Australia,https://www.wineaustralia.com/labelling/register-of-protected-gis-and-other-terms/geographical-indications,https://www.legislation.gov.au/C2013A00161/latest/text,2026-09-07,67,Als Weinregion für Hierarchie und Mapping geführt; nicht als geschützte Appellation behauptet.,Conservée comme région viticole pour la hiérarchie et le mapping; aucun statut d'appellation protégée n'est affirmé.,Retained as a wine-region reference for hierarchy and mapping; not asserted as a protected appellation.
AU-REG-CENTRAL-VICTORIAN-MOUNTAIN-COUNTRY,AU,Australien,Australie,Australia,Central Victorian Mountain Country,Central Victorian Mountain Country,Central Victorian Mountain Country,Central Victorian Mountain Country,,region,Wine region (not asserted as protected appellation),Australian GI,regional_reference_only,Wine Australia,https://www.wineaustralia.com/labelling/register-of-protected-gis-and-other-terms/geographical-indications,https://www.legislation.gov.au/C2013A00161/latest/text,2026-09-07,680,Als Weinregion für Hierarchie und Mapping geführt; nicht als geschützte Appellation behauptet.,Conservée comme région viticole pour la hiérarchie et le mapping; aucun statut d'appellation protégée n'est affirmé.,Retained as a wine-region reference for hierarchy and mapping; not asserted as a protected appellation.
AU-REG-COAL-RIVER-VALLEY-TASMANIA,AU,Australien,Australie,Australia,Coal River Valley Tasmania,Coal River Valley Tasmania,Coal River Valley Tasmania,Coal River Valley Tasmania,,region,Wine region (not asserted as protected appellation),Australian GI,regional_reference_only,Wine Australia,https://www.wineaustralia.com/labelling/register-of-protected-gis-and-other-terms/geographical-indications,https://www.legislation.gov.au/C2013A00161/latest/text,2026-09-07,2127,Als Weinregion für Hierarchie und Mapping geführt; nicht als geschützte Appellation behauptet.,Conservée comme région viticole pour la hiérarchie et le mapping; aucun statut d'appellation protégée n'est affirmé.,Retained as a wine-region reference for hierarchy and mapping; not asserted as a protected appellation.
AU-REG-DERWENT-VALLEY,AU,Australien,Australie,Australia,Derwent Valley,Derwent Valley,Derwent Valley,Derwent Valley,,region,Wine region (not asserted as protected appellation),Australian GI,regional_reference_only,Wine Australia,https://www.wineaustralia.com/labelling/register-of-protected-gis-and-other-terms/geographical-indications,https://www.legislation.gov.au/C2013A00161/latest/text,2026-09-07,1242,Als Weinregion für Hierarchie und Mapping geführt; nicht als geschützte Appellation behauptet.,Conservée comme région viticole pour la hiérarchie et le mapping; aucun statut d'appellation protégée n'est affirmé.,Retained as a wine-region reference for hierarchy and mapping; not asserted as a protected appellation.
AU-REG-EASTERN-TASMANIA,AU,Australien,Australie,Australia,Eastern Tasmania,Eastern Tasmania,Eastern Tasmania,Eastern Tasmania,,region,Wine region (not asserted as protected appellation),Australian GI,regional_reference_only,Wine Australia,https://www.wineaustralia.com/labelling/register-of-protected-gis-and-other-terms/geographical-indications,https://www.legislation.gov.au/C2013A00161/latest/text,2026-09-07,1193,Als Weinregion für Hierarchie und Mapping geführt; nicht als geschützte Appellation behauptet.,Conservée comme région viticole pour la hiérarchie et le mapping; aucun statut d'appellation protégée n'est affirmé.,Retained as a wine-region reference for hierarchy and mapping; not asserted as a protected appellation.
AU-REG-FERGUSON-VALLEY,AU,Australien,Australie,Australia,Ferguson Valley,Ferguson Valley,Ferguson Valley,Ferguson Valley,,region,Wine region (not asserted as protected appellation),Australian GI,regional_reference_only,Wine Australia,https://www.wineaustralia.com/labelling/register-of-protected-gis-and-other-terms/geographical-indications,https://www.legislation.gov.au/C2013A00161/latest/text,2026-09-07,53,Als Weinregion für Hierarchie und Mapping geführt; nicht als geschützte Appellation behauptet.,Conservée comme région viticole pour la hiérarchie et le mapping; aucun statut d'appellation protégée n'est affirmé.,Retained as a wine-region reference for hierarchy and mapping; not asserted as a protected appellation.
AU-REG-FLAXMAN-VALLEY,AU,Australien,Australie,Australia,Flaxman Valley,Flaxman Valley,Flaxman Valley,Flaxman Valley,,region,Wine region (not asserted as protected appellation),Australian GI,regional_reference_only,Wine Australia,https://www.wineaustralia.com/labelling/register-of-protected-gis-and-other-terms/geographical-indications,https://www.legislation.gov.au/C2013A00161/latest/text,2026-09-07,101,Als Weinregion für Hierarchie und Mapping geführt; nicht als geschützte Appellation behauptet.,Conservée comme région viticole pour la hiérarchie et le mapping; aucun statut d'appellation protégée n'est affirmé.,Retained as a wine-region reference for hierarchy and mapping; not asserted as a protected appellation.
AU-REG-HUON-VALLEY,AU,Australien,Australie,Australia,Huon Valley,Huon Valley,Huon Valley,Huon Valley,,region,Wine region (not asserted as protected appellation),Australian GI,regional_reference_only,Wine Australia,https://www.wineaustralia.com/labelling/register-of-protected-gis-and-other-terms/geographical-indications,https://www.legislation.gov.au/C2013A00161/latest/text,2026-09-07,591,Als Weinregion für Hierarchie und Mapping geführt; nicht als geschützte Appellation behauptet.,Conservée comme région viticole pour la hiérarchie et le mapping; aucun statut d'appellation protégée n'est affirmé.,Retained as a wine-region reference for hierarchy and mapping; not asserted as a protected appellation.
AU-REG-KALIMNA,AU,Australien,Australie,Australia,Kalimna,Kalimna,Kalimna,Kalimna,,region,Wine region (not asserted as protected appellation),Australian GI,regional_reference_only,Wine Australia,https://www.wineaustralia.com/labelling/register-of-protected-gis-and-other-terms/geographical-indications,https://www.legislation.gov.au/C2013A00161/latest/text,2026-09-07,95,Als Weinregion für Hierarchie und Mapping geführt; nicht als geschützte Appellation behauptet.,Conservée comme région viticole pour la hiérarchie et le mapping; aucun statut d'appellation protégée n'est affirmé.,Retained as a wine-region reference for hierarchy and mapping; not asserted as a protected appellation.
AU-REG-MCLAREN-FLAT,AU,Australien,Australie,Australia,McLaren Flat,McLaren Flat,McLaren Flat,McLaren Flat,,region,Wine region (not asserted as protected appellation),Australian GI,regional_reference_only,Wine Australia,https://www.wineaustralia.com/labelling/register-of-protected-gis-and-other-terms/geographical-indications,https://www.legislation.gov.au/C2013A00161/latest/text,2026-09-07,65,Als Weinregion für Hierarchie und Mapping geführt; nicht als geschützte Appellation behauptet.,Conservée comme région viticole pour la hiérarchie et le mapping; aucun statut d'appellation protégée n'est affirmé.,Retained as a wine-region reference for hierarchy and mapping; not asserted as a protected appellation.
AU-REG-MELBOURNE,AU,Australien,Australie,Australia,Melbourne,Melbourne,Melbourne,Melbourne,,region,Wine region (not asserted as protected appellation),Australian GI,regional_reference_only,Wine Australia,https://www.wineaustralia.com/labelling/register-of-protected-gis-and-other-terms/geographical-indications,https://www.legislation.gov.au/C2013A00161/latest/text,2026-09-07,172,Als Weinregion für Hierarchie und Mapping geführt; nicht als geschützte Appellation behauptet.,Conservée comme région viticole pour la hiérarchie et le mapping; aucun statut d'appellation protégée n'est affirmé.,Retained as a wine-region reference for hierarchy and mapping; not asserted as a protected appellation.
AU-ORI-CANBERRA-DISTRICT,AU,Australien,Australie,Australia,New South Wales,New South Wales,Nouvelle-Galles du Sud,New South Wales,Canberra District,appellation,Protected wine GI,Australian GI,protected_current,Wine Australia,https://www.wineaustralia.com/labelling/register-of-protected-gis-and-other-terms/geographical-indications,https://www.legislation.gov.au/C2013A00161/latest/text,2026-09-07,12661,Geschützter bzw. regulierter Herkunftsname; der offizielle Eigenname wird nicht übersetzt.,Nom d'origine protégé ou réglementé; le nom propre officiel n'est pas traduit.,Protected or regulated origin name; the official proper name is not translated.
AU-ORI-CENTRAL-RANGES,AU,Australien,Australie,Australia,New South Wales,New South Wales,Nouvelle-Galles du Sud,New South Wales,Central Ranges,appellation,Protected wine GI,Australian GI,protected_current,Wine Australia,https://www.wineaustralia.com/labelling/register-of-protected-gis-and-other-terms/geographical-indications,https://www.legislation.gov.au/C2013A00161/latest/text,2026-09-07,1653,Geschützter bzw. regulierter Herkunftsname; der offizielle Eigenname wird nicht übersetzt.,Nom d'origine protégé ou réglementé; le nom propre officiel n'est pas traduit.,Protected or regulated origin name; the official proper name is not translated.
AU-ORI-COWRA,AU,Australien,Australie,Australia,New South Wales,New South Wales,Nouvelle-Galles du Sud,New South Wales,Cowra,appellation,Protected wine GI,Australian GI,protected_current,Wine Australia,https://www.wineaustralia.com/labelling/register-of-protected-gis-and-other-terms/geographical-indications,https://www.legislation.gov.au/C2013A00161/latest/text,2026-09-07,255,Geschützter bzw. regulierter Herkunftsname; der offizielle Eigenname wird nicht übersetzt.,Nom d'origine protégé ou réglementé; le nom propre officiel n'est pas traduit.,Protected or regulated origin name; the official proper name is not translated.
AU-ORI-GUNDAGAI,AU,Australien,Australie,Australia,New South Wales,New South Wales,Nouvelle-Galles du Sud,New South Wales,Gundagai,appellation,Protected wine GI,Australian GI,protected_current,Wine Australia,https://www.wineaustralia.com/labelling/register-of-protected-gis-and-other-terms/geographical-indications,https://www.legislation.gov.au/C2013A00161/latest/text,2026-09-07,224,Geschützter bzw. regulierter Herkunftsname; der offizielle Eigenname wird nicht übersetzt.,Nom d'origine protégé ou réglementé; le nom propre officiel n'est pas traduit.,Protected or regulated origin name; the official proper name is not translated.
AU-ORI-HILLTOPS,AU,Australien,Australie,Australia,New South Wales,New South Wales,Nouvelle-Galles du Sud,New South Wales,Hilltops,appellation,Protected wine GI,Australian GI,protected_current,Wine Australia,https://www.wineaustralia.com/labelling/register-of-protected-gis-and-other-terms/geographical-indications,https://www.legislation.gov.au/C2013A00161/latest/text,2026-09-07,1039,Geschützter bzw. regulierter Herkunftsname; der offizielle Eigenname wird nicht übersetzt.,Nom d'origine protégé ou réglementé; le nom propre officiel n'est pas traduit.,Protected or regulated origin name; the official proper name is not translated.
AU-ORI-HUNTER-VALLEY,AU,Australien,Australie,Australia,New South Wales,New South Wales,Nouvelle-Galles du Sud,New South Wales,Hunter Valley,appellation,Protected wine GI,Australian GI,protected_current,Wine Australia,https://www.wineaustralia.com/labelling/register-of-protected-gis-and-other-terms/geographical-indications,https://www.legislation.gov.au/C2013A00161/latest/text,2026-09-07,47589,Geschützter bzw. regulierter Herkunftsname; der offizielle Eigenname wird nicht übersetzt.,Nom d'origine protégé ou réglementé; le nom propre officiel n'est pas traduit.,Protected or regulated origin name; the official proper name is not translated.
AU-ORI-MUDGEE,AU,Australien,Australie,Australia,New South Wales,New South Wales,Nouvelle-Galles du Sud,New South Wales,Mudgee,appellation,Protected wine GI,Australian GI,protected_current,Wine Australia,https://www.wineaustralia.com/labelling/register-of-protected-gis-and-other-terms/geographical-indications,https://www.legislation.gov.au/C2013A00161/latest/text,2026-09-07,3289,Geschützter bzw. regulierter Herkunftsname; der offizielle Eigenname wird nicht übersetzt.,Nom d'origine protégé ou réglementé; le nom propre officiel n'est pas traduit.,Protected or regulated origin name; the official proper name is not translated.
AU-ORI-NEW-ENGLAND-AUSTRALIA,AU,Australien,Australie,Australia,New South Wales,New South Wales,Nouvelle-Galles du Sud,New South Wales,New England Australia,appellation,Protected wine GI,Australian GI,protected_current,Wine Australia,https://www.wineaustralia.com/labelling/register-of-protected-gis-and-other-terms/geographical-indications,https://www.legislation.gov.au/C2013A00161/latest/text,2026-09-07,75,Geschützter bzw. regulierter Herkunftsname; der offizielle Eigenname wird nicht übersetzt.,Nom d'origine protégé ou réglementé; le nom propre officiel n'est pas traduit.,Protected or regulated origin name; the official proper name is not translated.
AU-ORI-NEW-SOUTH-WALES,AU,Australien,Australie,Australia,New South Wales,New South Wales,Nouvelle-Galles du Sud,New South Wales,New South Wales,appellation,Protected wine GI,Australian GI,protected_current,Wine Australia,https://www.wineaustralia.com/labelling/register-of-protected-gis-and-other-terms/geographical-indications,https://www.legislation.gov.au/C2013A00161/latest/text,2026-09-07,915,Geschützter bzw. regulierter Herkunftsname; der offizielle Eigenname wird nicht übersetzt.,Nom d'origine protégé ou réglementé; le nom propre officiel n'est pas traduit.,Protected or regulated origin name; the official proper name is not translated.
AU-ORI-ORANGE,AU,Australien,Australie,Australia,New South Wales,New South Wales,Nouvelle-Galles du Sud,New South Wales,Orange,appellation,Protected wine GI,Australian GI,protected_current,Wine Australia,https://www.wineaustralia.com/labelling/register-of-protected-gis-and-other-terms/geographical-indications,https://www.legislation.gov.au/C2013A00161/latest/text,2026-09-07,2230,Geschützter bzw. regulierter Herkunftsname; der offizielle Eigenname wird nicht übersetzt.,Nom d'origine protégé ou réglementé; le nom propre officiel n'est pas traduit.,Protected or regulated origin name; the official proper name is not translated.
AU-ORI-POKOLBIN,AU,Australien,Australie,Australia,New South Wales,New South Wales,Nouvelle-Galles du Sud,New South Wales,Pokolbin,appellation,Protected wine GI,Australian GI,protected_current,Wine Australia,https://www.wineaustralia.com/labelling/register-of-protected-gis-and-other-terms/geographical-indications,https://www.legislation.gov.au/C2013A00161/latest/text,2026-09-07,125,Geschützter bzw. regulierter Herkunftsname; der offizielle Eigenname wird nicht übersetzt.,Nom d'origine protégé ou réglementé; le nom propre officiel n'est pas traduit.,Protected or regulated origin name; the official proper name is not translated.
AU-ORI-RIVERINA,AU,Australien,Australie,Australia,New South Wales,New South Wales,Nouvelle-Galles du Sud,New South Wales,Riverina,appellation,Protected wine GI,Australian GI,protected_current,Wine Australia,https://www.wineaustralia.com/labelling/register-of-protected-gis-and-other-terms/geographical-indications,https://www.legislation.gov.au/C2013A00161/latest/text,2026-09-07,6065,Geschützter bzw. regulierter Herkunftsname; der offizielle Eigenname wird nicht übersetzt.,Nom d'origine protégé ou réglementé; le nom propre officiel n'est pas traduit.,Protected or regulated origin name; the official proper name is not translated.
AU-ORI-SOUTHERN-HIGHLANDS,AU,Australien,Australie,Australia,New South Wales,New South Wales,Nouvelle-Galles du Sud,New South Wales,Southern Highlands,appellation,Protected wine GI,Australian GI,protected_current,Wine Australia,https://www.wineaustralia.com/labelling/register-of-protected-gis-and-other-terms/geographical-indications,https://www.legislation.gov.au/C2013A00161/latest/text,2026-09-07,289,Geschützter bzw. regulierter Herkunftsname; der offizielle Eigenname wird nicht übersetzt.,Nom d'origine protégé ou réglementé; le nom propre officiel n'est pas traduit.,Protected or regulated origin name; the official proper name is not translated.
AU-ORI-SOUTHERN-NEW-SOUTH-WALES,AU,Australien,Australie,Australia,New South Wales,New South Wales,Nouvelle-Galles du Sud,New South Wales,Southern New South Wales,appellation,Protected wine GI,Australian GI,protected_current,Wine Australia,https://www.wineaustralia.com/labelling/register-of-protected-gis-and-other-terms/geographical-indications,https://www.legislation.gov.au/C2013A00161/latest/text,2026-09-07,407,Geschützter bzw. regulierter Herkunftsname; der offizielle Eigenname wird nicht übersetzt.,Nom d'origine protégé ou réglementé; le nom propre officiel n'est pas traduit.,Protected or regulated origin name; the official proper name is not translated.
AU-ORI-TUMBARUMBA,AU,Australien,Australie,Australia,New South Wales,New South Wales,Nouvelle-Galles du Sud,New South Wales,Tumbarumba,appellation,Protected wine GI,Australian GI,protected_current,Wine Australia,https://www.wineaustralia.com/labelling/register-of-protected-gis-and-other-terms/geographical-indications,https://www.legislation.gov.au/C2013A00161/latest/text,2026-09-07,855,Geschützter bzw. regulierter Herkunftsname; der offizielle Eigenname wird nicht übersetzt.,Nom d'origine protégé ou réglementé; le nom propre officiel n'est pas traduit.,Protected or regulated origin name; the official proper name is not translated.
AU-REG-NORTHERN-RIVERS,AU,Australien,Australie,Australia,Northern Rivers,Northern Rivers,Northern Rivers,Northern Rivers,,region,Wine region (not asserted as protected appellation),Australian GI,regional_reference_only,Wine Australia,https://www.wineaustralia.com/labelling/register-of-protected-gis-and-other-terms/geographical-indications,https://www.legislation.gov.au/C2013A00161/latest/text,2026-09-07,156,Als Weinregion für Hierarchie und Mapping geführt; nicht als geschützte Appellation behauptet.,Conservée comme région viticole pour la hiérarchie et le mapping; aucun statut d'appellation protégée n'est affirmé.,Retained as a wine-region reference for hierarchy and mapping; not asserted as a protected appellation.
AU-REG-NORTHERN-TASMANIA,AU,Australien,Australie,Australia,Northern Tasmania,Northern Tasmania,Northern Tasmania,Northern Tasmania,,region,Wine region (not asserted as protected appellation),Australian GI,regional_reference_only,Wine Australia,https://www.wineaustralia.com/labelling/register-of-protected-gis-and-other-terms/geographical-indications,https://www.legislation.gov.au/C2013A00161/latest/text,2026-09-07,2697,Als Weinregion für Hierarchie und Mapping geführt; nicht als geschützte Appellation behauptet.,Conservée comme région viticole pour la hiérarchie et le mapping; aucun statut d'appellation protégée n'est affirmé.,Retained as a wine-region reference for hierarchy and mapping; not asserted as a protected appellation.
AU-REG-PIPERS-BROOK,AU,Australien,Australie,Australia,Pipers Brook,Pipers Brook,Pipers Brook,Pipers Brook,,region,Wine region (not asserted as protected appellation),Australian GI,regional_reference_only,Wine Australia,https://www.wineaustralia.com/labelling/register-of-protected-gis-and-other-terms/geographical-indications,https://www.legislation.gov.au/C2013A00161/latest/text,2026-09-07,261,Als Weinregion für Hierarchie und Mapping geführt; nicht als geschützte Appellation behauptet.,Conservée comme région viticole pour la hiérarchie et le mapping; aucun statut d'appellation protégée n'est affirmé.,Retained as a wine-region reference for hierarchy and mapping; not asserted as a protected appellation.
AU-REG-PIPERS-RIVER,AU,Australien,Australie,Australia,Pipers River,Pipers River,Pipers River,Pipers River,,region,Wine region (not asserted as protected appellation),Australian GI,regional_reference_only,Wine Australia,https://www.wineaustralia.com/labelling/register-of-protected-gis-and-other-terms/geographical-indications,https://www.legislation.gov.au/C2013A00161/latest/text,2026-09-07,235,Als Weinregion für Hierarchie und Mapping geführt; nicht als geschützte Appellation behauptet.,Conservée comme région viticole pour la hiérarchie et le mapping; aucun statut d'appellation protégée n'est affirmé.,Retained as a wine-region reference for hierarchy and mapping; not asserted as a protected appellation.
AU-REG-QUEENSLAND,AU,Australien,Australie,Australia,Queensland,Queensland,Queensland,Queensland,,region,Wine region (not asserted as protected appellation),Australian GI,regional_reference_only,Wine Australia,https://www.wineaustralia.com/labelling/register-of-protected-gis-and-other-terms/geographical-indications,https://www.legislation.gov.au/C2013A00161/latest/text,2026-09-07,156,Als Weinregion für Hierarchie und Mapping geführt; nicht als geschützte Appellation behauptet.,Conservée comme région viticole pour la hiérarchie et le mapping; aucun statut d'appellation protégée n'est affirmé.,Retained as a wine-region reference for hierarchy and mapping; not asserted as a protected appellation.
AU-ORI-GRANITE-BELT,AU,Australien,Australie,Australia,Queensland,Queensland,Queensland,Queensland,Granite Belt,appellation,Protected wine GI,Australian GI,protected_current,Wine Australia,https://www.wineaustralia.com/labelling/register-of-protected-gis-and-other-terms/geographical-indications,https://www.legislation.gov.au/C2013A00161/latest/text,2026-09-07,724,Geschützter bzw. regulierter Herkunftsname; der offizielle Eigenname wird nicht übersetzt.,Nom d'origine protégé ou réglementé; le nom propre officiel n'est pas traduit.,Protected or regulated origin name; the official proper name is not translated.
AU-ORI-ADELAIDE,AU,Australien,Australie,Australia,South Australia,Südaustralien,Australie-Méridionale,South Australia,Adelaide,appellation,Protected wine GI,Australian GI,protected_current,Wine Australia,https://www.wineaustralia.com/labelling/register-of-protected-gis-and-other-terms/geographical-indications,https://www.legislation.gov.au/C2013A00161/latest/text,2026-09-07,3393,Geschützter bzw. regulierter Herkunftsname; der offizielle Eigenname wird nicht übersetzt.,Nom d'origine protégé ou réglementé; le nom propre officiel n'est pas traduit.,Protected or regulated origin name; the official proper name is not translated.
AU-ORI-ADELAIDE-HILLS,AU,Australien,Australie,Australia,South Australia,Südaustralien,Australie-Méridionale,South Australia,Adelaide Hills,appellation,Protected wine GI,Australian GI,protected_current,Wine Australia,https://www.wineaustralia.com/labelling/register-of-protected-gis-and-other-terms/geographical-indications,https://www.legislation.gov.au/C2013A00161/latest/text,2026-09-07,16648,Geschützter bzw. regulierter Herkunftsname; der offizielle Eigenname wird nicht übersetzt.,Nom d'origine protégé ou réglementé; le nom propre officiel n'est pas traduit.,Protected or regulated origin name; the official proper name is not translated.
AU-ORI-ADELAIDE-PLAINS,AU,Australien,Australie,Australia,South Australia,Südaustralien,Australie-Méridionale,South Australia,Adelaide Plains,appellation,Protected wine GI,Australian GI,protected_current,Wine Australia,https://www.wineaustralia.com/labelling/register-of-protected-gis-and-other-terms/geographical-indications,https://www.legislation.gov.au/C2013A00161/latest/text,2026-09-07,533,Geschützter bzw. regulierter Herkunftsname; der offizielle Eigenname wird nicht übersetzt.,Nom d'origine protégé ou réglementé; le nom propre officiel n'est pas traduit.,Protected or regulated origin name; the official proper name is not translated.
AU-ORI-BAROSSA,AU,Australien,Australie,Australia,South Australia,Südaustralien,Australie-Méridionale,South Australia,Barossa,appellation,Protected wine GI,Australian GI,protected_current,Wine Australia,https://www.wineaustralia.com/labelling/register-of-protected-gis-and-other-terms/geographical-indications,https://www.legislation.gov.au/C2013A00161/latest/text,2026-09-07,23027,Geschützter bzw. regulierter Herkunftsname; der offizielle Eigenname wird nicht übersetzt.,Nom d'origine protégé ou réglementé; le nom propre officiel n'est pas traduit.,Protected or regulated origin name; the official proper name is not translated.
AU-ORI-BAROSSA-VALLEY,AU,Australien,Australie,Australia,South Australia,Südaustralien,Australie-Méridionale,South Australia,Barossa Valley,appellation,Protected wine GI,Australian GI,protected_current,Wine Australia,https://www.wineaustralia.com/labelling/register-of-protected-gis-and-other-terms/geographical-indications,https://www.legislation.gov.au/C2013A00161/latest/text,2026-09-07,145296,Geschützter bzw. regulierter Herkunftsname; der offizielle Eigenname wird nicht übersetzt.,Nom d'origine protégé ou réglementé; le nom propre officiel n'est pas traduit.,Protected or regulated origin name; the official proper name is not translated.
AU-ORI-CLARE-VALLEY,AU,Australien,Australie,Australia,South Australia,Südaustralien,Australie-Méridionale,South Australia,Clare Valley,appellation,Protected wine GI,Australian GI,protected_current,Wine Australia,https://www.wineaustralia.com/labelling/register-of-protected-gis-and-other-terms/geographical-indications,https://www.legislation.gov.au/C2013A00161/latest/text,2026-09-07,52096,Geschützter bzw. regulierter Herkunftsname; der offizielle Eigenname wird nicht übersetzt.,Nom d'origine protégé ou réglementé; le nom propre officiel n'est pas traduit.,Protected or regulated origin name; the official proper name is not translated.
AU-ORI-COONAWARRA,AU,Australien,Australie,Australia,South Australia,Südaustralien,Australie-Méridionale,South Australia,Coonawarra,appellation,Protected wine GI,Australian GI,protected_current,Wine Australia,https://www.wineaustralia.com/labelling/register-of-protected-gis-and-other-terms/geographical-indications,https://www.legislation.gov.au/C2013A00161/latest/text,2026-09-07,87486,Geschützter bzw. regulierter Herkunftsname; der offizielle Eigenname wird nicht übersetzt.,Nom d'origine protégé ou réglementé; le nom propre officiel n'est pas traduit.,Protected or regulated origin name; the official proper name is not translated.
AU-ORI-CURRENCY-CREEK,AU,Australien,Australie,Australia,South Australia,Südaustralien,Australie-Méridionale,South Australia,Currency Creek,appellation,Protected wine GI,Australian GI,protected_current,Wine Australia,https://www.wineaustralia.com/labelling/register-of-protected-gis-and-other-terms/geographical-indications,https://www.legislation.gov.au/C2013A00161/latest/text,2026-09-07,64,Geschützter bzw. regulierter Herkunftsname; der offizielle Eigenname wird nicht übersetzt.,Nom d'origine protégé ou réglementé; le nom propre officiel n'est pas traduit.,Protected or regulated origin name; the official proper name is not translated.
AU-ORI-EDEN-VALLEY,AU,Australien,Australie,Australia,South Australia,Südaustralien,Australie-Méridionale,South Australia,Eden Valley,appellation,Protected wine GI,Australian GI,protected_current,Wine Australia,https://www.wineaustralia.com/labelling/register-of-protected-gis-and-other-terms/geographical-indications,https://www.legislation.gov.au/C2013A00161/latest/text,2026-09-07,34016,Geschützter bzw. regulierter Herkunftsname; der offizielle Eigenname wird nicht übersetzt.,Nom d'origine protégé ou réglementé; le nom propre officiel n'est pas traduit.,Protected or regulated origin name; the official proper name is not translated.
AU-ORI-FLEURIEU,AU,Australien,Australie,Australia,South Australia,Südaustralien,Australie-Méridionale,South Australia,Fleurieu,appellation,Protected wine GI,Australian GI,protected_current,Wine Australia,https://www.wineaustralia.com/labelling/register-of-protected-gis-and-other-terms/geographical-indications,https://www.legislation.gov.au/C2013A00161/latest/text,2026-09-07,1050,Geschützter bzw. regulierter Herkunftsname; der offizielle Eigenname wird nicht übersetzt.,Nom d'origine protégé ou réglementé; le nom propre officiel n'est pas traduit.,Protected or regulated origin name; the official proper name is not translated.
AU-ORI-KANGAROO-ISLAND,AU,Australien,Australie,Australia,South Australia,Südaustralien,Australie-Méridionale,South Australia,Kangaroo Island,appellation,Protected wine GI,Australian GI,protected_current,Wine Australia,https://www.wineaustralia.com/labelling/register-of-protected-gis-and-other-terms/geographical-indications,https://www.legislation.gov.au/C2013A00161/latest/text,2026-09-07,2216,Geschützter bzw. regulierter Herkunftsname; der offizielle Eigenname wird nicht übersetzt.,Nom d'origine protégé ou réglementé; le nom propre officiel n'est pas traduit.,Protected or regulated origin name; the official proper name is not translated.
AU-ORI-LANGHORNE-CREEK,AU,Australien,Australie,Australia,South Australia,Südaustralien,Australie-Méridionale,South Australia,Langhorne Creek,appellation,Protected wine GI,Australian GI,protected_current,Wine Australia,https://www.wineaustralia.com/labelling/register-of-protected-gis-and-other-terms/geographical-indications,https://www.legislation.gov.au/C2013A00161/latest/text,2026-09-07,11407,Geschützter bzw. regulierter Herkunftsname; der offizielle Eigenname wird nicht übersetzt.,Nom d'origine protégé ou réglementé; le nom propre officiel n'est pas traduit.,Protected or regulated origin name; the official proper name is not translated.
AU-ORI-LENSWOOD,AU,Australien,Australie,Australia,South Australia,Südaustralien,Australie-Méridionale,South Australia,Lenswood,appellation,Protected wine GI,Australian GI,protected_current,Wine Australia,https://www.wineaustralia.com/labelling/register-of-protected-gis-and-other-terms/geographical-indications,https://www.legislation.gov.au/C2013A00161/latest/text,2026-09-07,1365,Geschützter bzw. regulierter Herkunftsname; der offizielle Eigenname wird nicht übersetzt.,Nom d'origine protégé ou réglementé; le nom propre officiel n'est pas traduit.,Protected or regulated origin name; the official proper name is not translated.
AU-ORI-LIMESTONE-COAST,AU,Australien,Australie,Australia,South Australia,Südaustralien,Australie-Méridionale,South Australia,Limestone Coast,appellation,Protected wine GI,Australian GI,protected_current,Wine Australia,https://www.wineaustralia.com/labelling/register-of-protected-gis-and-other-terms/geographical-indications,https://www.legislation.gov.au/C2013A00161/latest/text,2026-09-07,1237,Geschützter bzw. regulierter Herkunftsname; der offizielle Eigenname wird nicht übersetzt.,Nom d'origine protégé ou réglementé; le nom propre officiel n'est pas traduit.,Protected or regulated origin name; the official proper name is not translated.
AU-ORI-MCLAREN-VALE,AU,Australien,Australie,Australia,South Australia,Südaustralien,Australie-Méridionale,South Australia,McLaren Vale,appellation,Protected wine GI,Australian GI,protected_current,Wine Australia,https://www.wineaustralia.com/labelling/register-of-protected-gis-and-other-terms/geographical-indications,https://www.legislation.gov.au/C2013A00161/latest/text,2026-09-07,99613,Geschützter bzw. regulierter Herkunftsname; der offizielle Eigenname wird nicht übersetzt.,Nom d'origine protégé ou réglementé; le nom propre officiel n'est pas traduit.,Protected or regulated origin name; the official proper name is not translated.
AU-ORI-MOUNT-BENSON,AU,Australien,Australie,Australia,South Australia,Südaustralien,Australie-Méridionale,South Australia,Mount Benson,appellation,Protected wine GI,Australian GI,protected_current,Wine Australia,https://www.wineaustralia.com/labelling/register-of-protected-gis-and-other-terms/geographical-indications,https://www.legislation.gov.au/C2013A00161/latest/text,2026-09-07,575,Geschützter bzw. regulierter Herkunftsname; der offizielle Eigenname wird nicht übersetzt.,Nom d'origine protégé ou réglementé; le nom propre officiel n'est pas traduit.,Protected or regulated origin name; the official proper name is not translated.
AU-ORI-MOUNT-GAMBIER,AU,Australien,Australie,Australia,South Australia,Südaustralien,Australie-Méridionale,South Australia,Mount Gambier,appellation,Protected wine GI,Australian GI,protected_current,Wine Australia,https://www.wineaustralia.com/labelling/register-of-protected-gis-and-other-terms/geographical-indications,https://www.legislation.gov.au/C2013A00161/latest/text,2026-09-07,97,Geschützter bzw. regulierter Herkunftsname; der offizielle Eigenname wird nicht übersetzt.,Nom d'origine protégé ou réglementé; le nom propre officiel n'est pas traduit.,Protected or regulated origin name; the official proper name is not translated.
AU-ORI-MOUNT-LOFTY-RANGES,AU,Australien,Australie,Australia,South Australia,Südaustralien,Australie-Méridionale,South Australia,Mount Lofty Ranges,appellation,Protected wine GI,Australian GI,protected_current,Wine Australia,https://www.wineaustralia.com/labelling/register-of-protected-gis-and-other-terms/geographical-indications,https://www.legislation.gov.au/C2013A00161/latest/text,2026-09-07,127,Geschützter bzw. regulierter Herkunftsname; der offizielle Eigenname wird nicht übersetzt.,Nom d'origine protégé ou réglementé; le nom propre officiel n'est pas traduit.,Protected or regulated origin name; the official proper name is not translated.
AU-ORI-PADTHAWAY,AU,Australien,Australie,Australia,South Australia,Südaustralien,Australie-Méridionale,South Australia,Padthaway,appellation,Protected wine GI,Australian GI,protected_current,Wine Australia,https://www.wineaustralia.com/labelling/register-of-protected-gis-and-other-terms/geographical-indications,https://www.legislation.gov.au/C2013A00161/latest/text,2026-09-07,3451,Geschützter bzw. regulierter Herkunftsname; der offizielle Eigenname wird nicht übersetzt.,Nom d'origine protégé ou réglementé; le nom propre officiel n'est pas traduit.,Protected or regulated origin name; the official proper name is not translated.
AU-ORI-PICCADILLY-VALLEY,AU,Australien,Australie,Australia,South Australia,Südaustralien,Australie-Méridionale,South Australia,Piccadilly Valley,appellation,Protected wine GI,Australian GI,protected_current,Wine Australia,https://www.wineaustralia.com/labelling/register-of-protected-gis-and-other-terms/geographical-indications,https://www.legislation.gov.au/C2013A00161/latest/text,2026-09-07,737,Geschützter bzw. regulierter Herkunftsname; der offizielle Eigenname wird nicht übersetzt.,Nom d'origine protégé ou réglementé; le nom propre officiel n'est pas traduit.,Protected or regulated origin name; the official proper name is not translated.
AU-ORI-POLISH-HILL-RIVER,AU,Australien,Australie,Australia,South Australia,Südaustralien,Australie-Méridionale,South Australia,Polish Hill River,appellation,Protected wine GI,Australian GI,protected_current,Wine Australia,https://www.wineaustralia.com/labelling/register-of-protected-gis-and-other-terms/geographical-indications,https://www.legislation.gov.au/C2013A00161/latest/text,2026-09-07,81,Geschützter bzw. regulierter Herkunftsname; der offizielle Eigenname wird nicht übersetzt.,Nom d'origine protégé ou réglementé; le nom propre officiel n'est pas traduit.,Protected or regulated origin name; the official proper name is not translated.
AU-ORI-RIVERLAND,AU,Australien,Australie,Australia,South Australia,Südaustralien,Australie-Méridionale,South Australia,Riverland,appellation,Protected wine GI,Australian GI,protected_current,Wine Australia,https://www.wineaustralia.com/labelling/register-of-protected-gis-and-other-terms/geographical-indications,https://www.legislation.gov.au/C2013A00161/latest/text,2026-09-07,920,Geschützter bzw. regulierter Herkunftsname; der offizielle Eigenname wird nicht übersetzt.,Nom d'origine protégé ou réglementé; le nom propre officiel n'est pas traduit.,Protected or regulated origin name; the official proper name is not translated.
AU-ORI-ROBE,AU,Australien,Australie,Australia,South Australia,Südaustralien,Australie-Méridionale,South Australia,Robe,appellation,Protected wine GI,Australian GI,protected_current,Wine Australia,https://www.wineaustralia.com/labelling/register-of-protected-gis-and-other-terms/geographical-indications,https://www.legislation.gov.au/C2013A00161/latest/text,2026-09-07,271,Geschützter bzw. regulierter Herkunftsname; der offizielle Eigenname wird nicht übersetzt.,Nom d'origine protégé ou réglementé; le nom propre officiel n'est pas traduit.,Protected or regulated origin name; the official proper name is not translated.
AU-ORI-SOUTH-AUSTRALIA,AU,Australien,Australie,Australia,South Australia,Südaustralien,Australie-Méridionale,South Australia,South Australia,appellation,Protected wine GI,Australian GI,protected_current,Wine Australia,https://www.wineaustralia.com/labelling/register-of-protected-gis-and-other-terms/geographical-indications,https://www.legislation.gov.au/C2013A00161/latest/text,2026-09-07,120506,Geschützter bzw. regulierter Herkunftsname; der offizielle Eigenname wird nicht übersetzt.,Nom d'origine protégé ou réglementé; le nom propre officiel n'est pas traduit.,Protected or regulated origin name; the official proper name is not translated.
AU-ORI-SOUTH-EASTERN-AUSTRALIA,AU,Australien,Australie,Australia,South Australia,Südaustralien,Australie-Méridionale,South Australia,South Eastern Australia,appellation,Protected wine GI,Australian GI,protected_current,Wine Australia,https://www.wineaustralia.com/labelling/register-of-protected-gis-and-other-terms/geographical-indications,https://www.legislation.gov.au/C2013A00161/latest/text,2026-09-07,3178,Geschützter bzw. regulierter Herkunftsname; der offizielle Eigenname wird nicht übersetzt.,Nom d'origine protégé ou réglementé; le nom propre officiel n'est pas traduit.,Protected or regulated origin name; the official proper name is not translated.
AU-ORI-WRATTONBULLY,AU,Australien,Australie,Australia,South Australia,Südaustralien,Australie-Méridionale,South Australia,Wrattonbully,appellation,Protected wine GI,Australian GI,protected_current,Wine Australia,https://www.wineaustralia.com/labelling/register-of-protected-gis-and-other-terms/geographical-indications,https://www.legislation.gov.au/C2013A00161/latest/text,2026-09-07,1227,Geschützter bzw. regulierter Herkunftsname; der offizielle Eigenname wird nicht übersetzt.,Nom d'origine protégé ou réglementé; le nom propre officiel n'est pas traduit.,Protected or regulated origin name; the official proper name is not translated.
AU-REG-SOUTHERN-FLINDERS,AU,Australien,Australie,Australia,Southern Flinders,Southern Flinders,Southern Flinders,Southern Flinders,,region,Wine region (not asserted as protected appellation),Australian GI,regional_reference_only,Wine Australia,https://www.wineaustralia.com/labelling/register-of-protected-gis-and-other-terms/geographical-indications,https://www.legislation.gov.au/C2013A00161/latest/text,2026-09-07,57,Als Weinregion für Hierarchie und Mapping geführt; nicht als geschützte Appellation behauptet.,Conservée comme région viticole pour la hiérarchie et le mapping; aucun statut d'appellation protégée n'est affirmé.,Retained as a wine-region reference for hierarchy and mapping; not asserted as a protected appellation.
AU-REG-SOUTHERN-TASMANIA,AU,Australien,Australie,Australia,Southern Tasmania,Southern Tasmania,Southern Tasmania,Southern Tasmania,,region,Wine region (not asserted as protected appellation),Australian GI,regional_reference_only,Wine Australia,https://www.wineaustralia.com/labelling/register-of-protected-gis-and-other-terms/geographical-indications,https://www.legislation.gov.au/C2013A00161/latest/text,2026-09-07,3440,Als Weinregion für Hierarchie und Mapping geführt; nicht als geschützte Appellation behauptet.,Conservée comme région viticole pour la hiérarchie et le mapping; aucun statut d'appellation protégée n'est affirmé.,Retained as a wine-region reference for hierarchy and mapping; not asserted as a protected appellation.
AU-REG-SWAN-HILL,AU,Australien,Australie,Australia,Swan Hill,Swan Hill,Swan Hill,Swan Hill,,region,Wine region (not asserted as protected appellation),Australian GI,regional_reference_only,Wine Australia,https://www.wineaustralia.com/labelling/register-of-protected-gis-and-other-terms/geographical-indications,https://www.legislation.gov.au/C2013A00161/latest/text,2026-09-07,131,Als Weinregion für Hierarchie und Mapping geführt; nicht als geschützte Appellation behauptet.,Conservée comme région viticole pour la hiérarchie et le mapping; aucun statut d'appellation protégée n'est affirmé.,Retained as a wine-region reference for hierarchy and mapping; not asserted as a protected appellation.
AU-REG-SYDNEY,AU,Australien,Australie,Australia,Sydney,Sydney,Sydney,Sydney,,region,Wine region (not asserted as protected appellation),Australian GI,regional_reference_only,Wine Australia,https://www.wineaustralia.com/labelling/register-of-protected-gis-and-other-terms/geographical-indications,https://www.legislation.gov.au/C2013A00161/latest/text,2026-09-07,109,Als Weinregion für Hierarchie und Mapping geführt; nicht als geschützte Appellation behauptet.,Conservée comme région viticole pour la hiérarchie et le mapping; aucun statut d'appellation protégée n'est affirmé.,Retained as a wine-region reference for hierarchy and mapping; not asserted as a protected appellation.
AU-ORI-COAL-RIVER-VALLEY,AU,Australien,Australie,Australia,Tasmania,Tasmanien,Tasmanie,Tasmania,Coal River Valley,appellation,Protected wine GI,Australian GI,protected_current,Wine Australia,https://www.wineaustralia.com/labelling/register-of-protected-gis-and-other-terms/geographical-indications,https://www.legislation.gov.au/C2013A00161/latest/text,2026-09-07,1023,Geschützter bzw. regulierter Herkunftsname; der offizielle Eigenname wird nicht übersetzt.,Nom d'origine protégé ou réglementé; le nom propre officiel n'est pas traduit.,Protected or regulated origin name; the official proper name is not translated.
AU-ORI-TAMAR-VALLEY,AU,Australien,Australie,Australia,Tasmania,Tasmanien,Tasmanie,Tasmania,Tamar Valley,appellation,Protected wine GI,Australian GI,protected_current,Wine Australia,https://www.wineaustralia.com/labelling/register-of-protected-gis-and-other-terms/geographical-indications,https://www.legislation.gov.au/C2013A00161/latest/text,2026-09-07,619,Geschützter bzw. regulierter Herkunftsname; der offizielle Eigenname wird nicht übersetzt.,Nom d'origine protégé ou réglementé; le nom propre officiel n'est pas traduit.,Protected or regulated origin name; the official proper name is not translated.
AU-ORI-TASMANIA,AU,Australien,Australie,Australia,Tasmania,Tasmanien,Tasmanie,Tasmania,Tasmania,appellation,Protected wine GI,Australian GI,protected_current,Wine Australia,https://www.wineaustralia.com/labelling/register-of-protected-gis-and-other-terms/geographical-indications,https://www.legislation.gov.au/C2013A00161/latest/text,2026-09-07,6371,Geschützter bzw. regulierter Herkunftsname; der offizielle Eigenname wird nicht übersetzt.,Nom d'origine protégé ou réglementé; le nom propre officiel n'est pas traduit.,Protected or regulated origin name; the official proper name is not translated.
AU-ORI-ALPINE-VALLEYS,AU,Australien,Australie,Australia,Victoria,Victoria,Victoria,Victoria,Alpine Valleys,appellation,Protected wine GI,Australian GI,protected_current,Wine Australia,https://www.wineaustralia.com/labelling/register-of-protected-gis-and-other-terms/geographical-indications,https://www.legislation.gov.au/C2013A00161/latest/text,2026-09-07,176,Geschützter bzw. regulierter Herkunftsname; der offizielle Eigenname wird nicht übersetzt.,Nom d'origine protégé ou réglementé; le nom propre officiel n'est pas traduit.,Protected or regulated origin name; the official proper name is not translated.
AU-ORI-BALLARAT,AU,Australien,Australie,Australia,Victoria,Victoria,Victoria,Victoria,Ballarat,appellation,Protected wine GI,Australian GI,protected_current,Wine Australia,https://www.wineaustralia.com/labelling/register-of-protected-gis-and-other-terms/geographical-indications,https://www.legislation.gov.au/C2013A00161/latest/text,2026-09-07,208,Geschützter bzw. regulierter Herkunftsname; der offizielle Eigenname wird nicht übersetzt.,Nom d'origine protégé ou réglementé; le nom propre officiel n'est pas traduit.,Protected or regulated origin name; the official proper name is not translated.
AU-ORI-BEECHWORTH,AU,Australien,Australie,Australia,Victoria,Victoria,Victoria,Victoria,Beechworth,appellation,Protected wine GI,Australian GI,protected_current,Wine Australia,https://www.wineaustralia.com/labelling/register-of-protected-gis-and-other-terms/geographical-indications,https://www.legislation.gov.au/C2013A00161/latest/text,2026-09-07,16568,Geschützter bzw. regulierter Herkunftsname; der offizielle Eigenname wird nicht übersetzt.,Nom d'origine protégé ou réglementé; le nom propre officiel n'est pas traduit.,Protected or regulated origin name; the official proper name is not translated.
AU-ORI-BENDIGO,AU,Australien,Australie,Australia,Victoria,Victoria,Victoria,Victoria,Bendigo,appellation,Protected wine GI,Australian GI,protected_current,Wine Australia,https://www.wineaustralia.com/labelling/register-of-protected-gis-and-other-terms/geographical-indications,https://www.legislation.gov.au/C2013A00161/latest/text,2026-09-07,3553,Geschützter bzw. regulierter Herkunftsname; der offizielle Eigenname wird nicht übersetzt.,Nom d'origine protégé ou réglementé; le nom propre officiel n'est pas traduit.,Protected or regulated origin name; the official proper name is not translated.
AU-ORI-CENTRAL-VICTORIA,AU,Australien,Australie,Australia,Victoria,Victoria,Victoria,Victoria,Central Victoria,appellation,Protected wine GI,Australian GI,protected_current,Wine Australia,https://www.wineaustralia.com/labelling/register-of-protected-gis-and-other-terms/geographical-indications,https://www.legislation.gov.au/C2013A00161/latest/text,2026-09-07,896,Geschützter bzw. regulierter Herkunftsname; der offizielle Eigenname wird nicht übersetzt.,Nom d'origine protégé ou réglementé; le nom propre officiel n'est pas traduit.,Protected or regulated origin name; the official proper name is not translated.
AU-ORI-GEELONG,AU,Australien,Australie,Australia,Victoria,Victoria,Victoria,Victoria,Geelong,appellation,Protected wine GI,Australian GI,protected_current,Wine Australia,https://www.wineaustralia.com/labelling/register-of-protected-gis-and-other-terms/geographical-indications,https://www.legislation.gov.au/C2013A00161/latest/text,2026-09-07,10986,Geschützter bzw. regulierter Herkunftsname; der offizielle Eigenname wird nicht übersetzt.,Nom d'origine protégé ou réglementé; le nom propre officiel n'est pas traduit.,Protected or regulated origin name; the official proper name is not translated.
AU-ORI-GIPPSLAND,AU,Australien,Australie,Australia,Victoria,Victoria,Victoria,Victoria,Gippsland,appellation,Protected wine GI,Australian GI,protected_current,Wine Australia,https://www.wineaustralia.com/labelling/register-of-protected-gis-and-other-terms/geographical-indications,https://www.legislation.gov.au/C2013A00161/latest/text,2026-09-07,1804,Geschützter bzw. regulierter Herkunftsname; der offizielle Eigenname wird nicht übersetzt.,Nom d'origine protégé ou réglementé; le nom propre officiel n'est pas traduit.,Protected or regulated origin name; the official proper name is not translated.
AU-ORI-GLENROWAN,AU,Australien,Australie,Australia,Victoria,Victoria,Victoria,Victoria,Glenrowan,appellation,Protected wine GI,Australian GI,protected_current,Wine Australia,https://www.wineaustralia.com/labelling/register-of-protected-gis-and-other-terms/geographical-indications,https://www.legislation.gov.au/C2013A00161/latest/text,2026-09-07,1666,Geschützter bzw. regulierter Herkunftsname; der offizielle Eigenname wird nicht übersetzt.,Nom d'origine protégé ou réglementé; le nom propre officiel n'est pas traduit.,Protected or regulated origin name; the official proper name is not translated.
AU-ORI-GOULBURN-VALLEY,AU,Australien,Australie,Australia,Victoria,Victoria,Victoria,Victoria,Goulburn Valley,appellation,Protected wine GI,Australian GI,protected_current,Wine Australia,https://www.wineaustralia.com/labelling/register-of-protected-gis-and-other-terms/geographical-indications,https://www.legislation.gov.au/C2013A00161/latest/text,2026-09-07,1401,Geschützter bzw. regulierter Herkunftsname; der offizielle Eigenname wird nicht übersetzt.,Nom d'origine protégé ou réglementé; le nom propre officiel n'est pas traduit.,Protected or regulated origin name; the official proper name is not translated.
AU-ORI-GRAMPIANS,AU,Australien,Australie,Australia,Victoria,Victoria,Victoria,Victoria,Grampians,appellation,Protected wine GI,Australian GI,protected_current,Wine Australia,https://www.wineaustralia.com/labelling/register-of-protected-gis-and-other-terms/geographical-indications,https://www.legislation.gov.au/C2013A00161/latest/text,2026-09-07,14834,Geschützter bzw. regulierter Herkunftsname; der offizielle Eigenname wird nicht übersetzt.,Nom d'origine protégé ou réglementé; le nom propre officiel n'est pas traduit.,Protected or regulated origin name; the official proper name is not translated.
AU-ORI-GREAT-WESTERN,AU,Australien,Australie,Australia,Victoria,Victoria,Victoria,Victoria,Great Western,appellation,Protected wine GI,Australian GI,protected_current,Wine Australia,https://www.wineaustralia.com/labelling/register-of-protected-gis-and-other-terms/geographical-indications,https://www.legislation.gov.au/C2013A00161/latest/text,2026-09-07,1711,Geschützter bzw. regulierter Herkunftsname; der offizielle Eigenname wird nicht übersetzt.,Nom d'origine protégé ou réglementé; le nom propre officiel n'est pas traduit.,Protected or regulated origin name; the official proper name is not translated.
AU-ORI-HEATHCOTE,AU,Australien,Australie,Australia,Victoria,Victoria,Victoria,Victoria,Heathcote,appellation,Protected wine GI,Australian GI,protected_current,Wine Australia,https://www.wineaustralia.com/labelling/register-of-protected-gis-and-other-terms/geographical-indications,https://www.legislation.gov.au/C2013A00161/latest/text,2026-09-07,19686,Geschützter bzw. regulierter Herkunftsname; der offizielle Eigenname wird nicht übersetzt.,Nom d'origine protégé ou réglementé; le nom propre officiel n'est pas traduit.,Protected or regulated origin name; the official proper name is not translated.
AU-ORI-HENTY,AU,Australien,Australie,Australia,Victoria,Victoria,Victoria,Victoria,Henty,appellation,Protected wine GI,Australian GI,protected_current,Wine Australia,https://www.wineaustralia.com/labelling/register-of-protected-gis-and-other-terms/geographical-indications,https://www.legislation.gov.au/C2013A00161/latest/text,2026-09-07,2887,Geschützter bzw. regulierter Herkunftsname; der offizielle Eigenname wird nicht übersetzt.,Nom d'origine protégé ou réglementé; le nom propre officiel n'est pas traduit.,Protected or regulated origin name; the official proper name is not translated.
AU-ORI-KING-VALLEY,AU,Australien,Australie,Australia,Victoria,Victoria,Victoria,Victoria,King Valley,appellation,Protected wine GI,Australian GI,protected_current,Wine Australia,https://www.wineaustralia.com/labelling/register-of-protected-gis-and-other-terms/geographical-indications,https://www.legislation.gov.au/C2013A00161/latest/text,2026-09-07,3605,Geschützter bzw. regulierter Herkunftsname; der offizielle Eigenname wird nicht übersetzt.,Nom d'origine protégé ou réglementé; le nom propre officiel n'est pas traduit.,Protected or regulated origin name; the official proper name is not translated.
AU-ORI-MACEDON-RANGES,AU,Australien,Australie,Australia,Victoria,Victoria,Victoria,Victoria,Macedon Ranges,appellation,Protected wine GI,Australian GI,protected_current,Wine Australia,https://www.wineaustralia.com/labelling/register-of-protected-gis-and-other-terms/geographical-indications,https://www.legislation.gov.au/C2013A00161/latest/text,2026-09-07,6845,Geschützter bzw. regulierter Herkunftsname; der offizielle Eigenname wird nicht übersetzt.,Nom d'origine protégé ou réglementé; le nom propre officiel n'est pas traduit.,Protected or regulated origin name; the official proper name is not translated.
AU-ORI-MORNINGTON-PENINSULA,AU,Australien,Australie,Australia,Victoria,Victoria,Victoria,Victoria,Mornington Peninsula,appellation,Protected wine GI,Australian GI,protected_current,Wine Australia,https://www.wineaustralia.com/labelling/register-of-protected-gis-and-other-terms/geographical-indications,https://www.legislation.gov.au/C2013A00161/latest/text,2026-09-07,11609,Geschützter bzw. regulierter Herkunftsname; der offizielle Eigenname wird nicht übersetzt.,Nom d'origine protégé ou réglementé; le nom propre officiel n'est pas traduit.,Protected or regulated origin name; the official proper name is not translated.
AU-ORI-NAGAMBIE-LAKES,AU,Australien,Australie,Australia,Victoria,Victoria,Victoria,Victoria,Nagambie Lakes,appellation,Protected wine GI,Australian GI,protected_current,Wine Australia,https://www.wineaustralia.com/labelling/register-of-protected-gis-and-other-terms/geographical-indications,https://www.legislation.gov.au/C2013A00161/latest/text,2026-09-07,4476,Geschützter bzw. regulierter Herkunftsname; der offizielle Eigenname wird nicht übersetzt.,Nom d'origine protégé ou réglementé; le nom propre officiel n'est pas traduit.,Protected or regulated origin name; the official proper name is not translated.
AU-ORI-NORTH-EAST-VICTORIA,AU,Australien,Australie,Australia,Victoria,Victoria,Victoria,Victoria,North East Victoria,appellation,Protected wine GI,Australian GI,protected_current,Wine Australia,https://www.wineaustralia.com/labelling/register-of-protected-gis-and-other-terms/geographical-indications,https://www.legislation.gov.au/C2013A00161/latest/text,2026-09-07,458,Geschützter bzw. regulierter Herkunftsname; der offizielle Eigenname wird nicht übersetzt.,Nom d'origine protégé ou réglementé; le nom propre officiel n'est pas traduit.,Protected or regulated origin name; the official proper name is not translated.
AU-ORI-PYRENEES,AU,Australien,Australie,Australia,Victoria,Victoria,Victoria,Victoria,Pyrenees,appellation,Protected wine GI,Australian GI,protected_current,Wine Australia,https://www.wineaustralia.com/labelling/register-of-protected-gis-and-other-terms/geographical-indications,https://www.legislation.gov.au/C2013A00161/latest/text,2026-09-07,14055,Geschützter bzw. regulierter Herkunftsname; der offizielle Eigenname wird nicht übersetzt.,Nom d'origine protégé ou réglementé; le nom propre officiel n'est pas traduit.,Protected or regulated origin name; the official proper name is not translated.
AU-ORI-RUTHERGLEN,AU,Australien,Australie,Australia,Victoria,Victoria,Victoria,Victoria,Rutherglen,appellation,Protected wine GI,Australian GI,protected_current,Wine Australia,https://www.wineaustralia.com/labelling/register-of-protected-gis-and-other-terms/geographical-indications,https://www.legislation.gov.au/C2013A00161/latest/text,2026-09-07,9672,Geschützter bzw. regulierter Herkunftsname; der offizielle Eigenname wird nicht übersetzt.,Nom d'origine protégé ou réglementé; le nom propre officiel n'est pas traduit.,Protected or regulated origin name; the official proper name is not translated.
AU-ORI-SOUTH-GIPPSLAND,AU,Australien,Australie,Australia,Victoria,Victoria,Victoria,Victoria,South Gippsland,appellation,Protected wine GI,Australian GI,protected_current,Wine Australia,https://www.wineaustralia.com/labelling/register-of-protected-gis-and-other-terms/geographical-indications,https://www.legislation.gov.au/C2013A00161/latest/text,2026-09-07,7658,Geschützter bzw. regulierter Herkunftsname; der offizielle Eigenname wird nicht übersetzt.,Nom d'origine protégé ou réglementé; le nom propre officiel n'est pas traduit.,Protected or regulated origin name; the official proper name is not translated.
AU-ORI-STRATHBOGIE-RANGES,AU,Australien,Australie,Australia,Victoria,Victoria,Victoria,Victoria,Strathbogie Ranges,appellation,Protected wine GI,Australian GI,protected_current,Wine Australia,https://www.wineaustralia.com/labelling/register-of-protected-gis-and-other-terms/geographical-indications,https://www.legislation.gov.au/C2013A00161/latest/text,2026-09-07,576,Geschützter bzw. regulierter Herkunftsname; der offizielle Eigenname wird nicht übersetzt.,Nom d'origine protégé ou réglementé; le nom propre officiel n'est pas traduit.,Protected or regulated origin name; the official proper name is not translated.
AU-ORI-SUNBURY,AU,Australien,Australie,Australia,Victoria,Victoria,Victoria,Victoria,Sunbury,appellation,Protected wine GI,Australian GI,protected_current,Wine Australia,https://www.wineaustralia.com/labelling/register-of-protected-gis-and-other-terms/geographical-indications,https://www.legislation.gov.au/C2013A00161/latest/text,2026-09-07,2585,Geschützter bzw. regulierter Herkunftsname; der offizielle Eigenname wird nicht übersetzt.,Nom d'origine protégé ou réglementé; le nom propre officiel n'est pas traduit.,Protected or regulated origin name; the official proper name is not translated.
AU-ORI-UPPER-GOULBURN,AU,Australien,Australie,Australia,Victoria,Victoria,Victoria,Victoria,Upper Goulburn,appellation,Protected wine GI,Australian GI,protected_current,Wine Australia,https://www.wineaustralia.com/labelling/register-of-protected-gis-and-other-terms/geographical-indications,https://www.legislation.gov.au/C2013A00161/latest/text,2026-09-07,177,Geschützter bzw. regulierter Herkunftsname; der offizielle Eigenname wird nicht übersetzt.,Nom d'origine protégé ou réglementé; le nom propre officiel n'est pas traduit.,Protected or regulated origin name; the official proper name is not translated.
AU-ORI-VICTORIA,AU,Australien,Australie,Australia,Victoria,Victoria,Victoria,Victoria,Victoria,appellation,Protected wine GI,Australian GI,protected_current,Wine Australia,https://www.wineaustralia.com/labelling/register-of-protected-gis-and-other-terms/geographical-indications,https://www.legislation.gov.au/C2013A00161/latest/text,2026-09-07,5294,Geschützter bzw. regulierter Herkunftsname; der offizielle Eigenname wird nicht übersetzt.,Nom d'origine protégé ou réglementé; le nom propre officiel n'est pas traduit.,Protected or regulated origin name; the official proper name is not translated.
AU-ORI-YARRA-VALLEY,AU,Australien,Australie,Australia,Victoria,Victoria,Victoria,Victoria,Yarra Valley,appellation,Protected wine GI,Australian GI,protected_current,Wine Australia,https://www.wineaustralia.com/labelling/register-of-protected-gis-and-other-terms/geographical-indications,https://www.legislation.gov.au/C2013A00161/latest/text,2026-09-07,54677,Geschützter bzw. regulierter Herkunftsname; der offizielle Eigenname wird nicht übersetzt.,Nom d'origine protégé ou réglementé; le nom propre officiel n'est pas traduit.,Protected or regulated origin name; the official proper name is not translated.
AU-ORI-MURRAY-DARLING,AU,Australien,Australie,Australia,Victoria/New South Wales,Victoria/New South Wales,Victoria/New South Wales,Victoria/New South Wales,Murray Darling,appellation,Protected wine GI,Australian GI,protected_current,Wine Australia,https://www.wineaustralia.com/labelling/register-of-protected-gis-and-other-terms/geographical-indications,https://www.legislation.gov.au/C2013A00161/latest/text,2026-09-07,665,Geschützter bzw. regulierter Herkunftsname; der offizielle Eigenname wird nicht übersetzt.,Nom d'origine protégé ou réglementé; le nom propre officiel n'est pas traduit.,Protected or regulated origin name; the official proper name is not translated.
AU-REG-VINE-VALE,AU,Australien,Australie,Australia,Vine Vale,Vine Vale,Vine Vale,Vine Vale,,region,Wine region (not asserted as protected appellation),Australian GI,regional_reference_only,Wine Australia,https://www.wineaustralia.com/labelling/register-of-protected-gis-and-other-terms/geographical-indications,https://www.legislation.gov.au/C2013A00161/latest/text,2026-09-07,61,Als Weinregion für Hierarchie und Mapping geführt; nicht als geschützte Appellation behauptet.,Conservée comme région viticole pour la hiérarchie et le mapping; aucun statut d'appellation protégée n'est affirmé.,Retained as a wine-region reference for hierarchy and mapping; not asserted as a protected appellation.
AU-ORI-ALBANY,AU,Australien,Australie,Australia,Western Australia,Westaustralien,Australie-Occidentale,Western Australia,Albany,appellation,Protected wine GI,Australian GI,protected_current,Wine Australia,https://www.wineaustralia.com/labelling/register-of-protected-gis-and-other-terms/geographical-indications,https://www.legislation.gov.au/C2013A00161/latest/text,2026-09-07,227,Geschützter bzw. regulierter Herkunftsname; der offizielle Eigenname wird nicht übersetzt.,Nom d'origine protégé ou réglementé; le nom propre officiel n'est pas traduit.,Protected or regulated origin name; the official proper name is not translated.
AU-ORI-BLACKWOOD-VALLEY,AU,Australien,Australie,Australia,Western Australia,Westaustralien,Australie-Occidentale,Western Australia,Blackwood Valley,appellation,Protected wine GI,Australian GI,protected_current,Wine Australia,https://www.wineaustralia.com/labelling/register-of-protected-gis-and-other-terms/geographical-indications,https://www.legislation.gov.au/C2013A00161/latest/text,2026-09-07,220,Geschützter bzw. regulierter Herkunftsname; der offizielle Eigenname wird nicht übersetzt.,Nom d'origine protégé ou réglementé; le nom propre officiel n'est pas traduit.,Protected or regulated origin name; the official proper name is not translated.
AU-ORI-DENMARK,AU,Australien,Australie,Australia,Western Australia,Westaustralien,Australie-Occidentale,Western Australia,Denmark,appellation,Protected wine GI,Australian GI,protected_current,Wine Australia,https://www.wineaustralia.com/labelling/register-of-protected-gis-and-other-terms/geographical-indications,https://www.legislation.gov.au/C2013A00161/latest/text,2026-09-07,533,Geschützter bzw. regulierter Herkunftsname; der offizielle Eigenname wird nicht übersetzt.,Nom d'origine protégé ou réglementé; le nom propre officiel n'est pas traduit.,Protected or regulated origin name; the official proper name is not translated.
AU-ORI-FRANKLAND-RIVER,AU,Australien,Australie,Australia,Western Australia,Westaustralien,Australie-Occidentale,Western Australia,Frankland River,appellation,Protected wine GI,Australian GI,protected_current,Wine Australia,https://www.wineaustralia.com/labelling/register-of-protected-gis-and-other-terms/geographical-indications,https://www.legislation.gov.au/C2013A00161/latest/text,2026-09-07,5783,Geschützter bzw. regulierter Herkunftsname; der offizielle Eigenname wird nicht übersetzt.,Nom d'origine protégé ou réglementé; le nom propre officiel n'est pas traduit.,Protected or regulated origin name; the official proper name is not translated.
AU-ORI-GEOGRAPHE,AU,Australien,Australie,Australia,Western Australia,Westaustralien,Australie-Occidentale,Western Australia,Geographe,appellation,Protected wine GI,Australian GI,protected_current,Wine Australia,https://www.wineaustralia.com/labelling/register-of-protected-gis-and-other-terms/geographical-indications,https://www.legislation.gov.au/C2013A00161/latest/text,2026-09-07,899,Geschützter bzw. regulierter Herkunftsname; der offizielle Eigenname wird nicht übersetzt.,Nom d'origine protégé ou réglementé; le nom propre officiel n'est pas traduit.,Protected or regulated origin name; the official proper name is not translated.
AU-ORI-GREAT-SOUTHERN,AU,Australien,Australie,Australia,Western Australia,Westaustralien,Australie-Occidentale,Western Australia,Great Southern,appellation,Protected wine GI,Australian GI,protected_current,Wine Australia,https://www.wineaustralia.com/labelling/register-of-protected-gis-and-other-terms/geographical-indications,https://www.legislation.gov.au/C2013A00161/latest/text,2026-09-07,6156,Geschützter bzw. regulierter Herkunftsname; der offizielle Eigenname wird nicht übersetzt.,Nom d'origine protégé ou réglementé; le nom propre officiel n'est pas traduit.,Protected or regulated origin name; the official proper name is not translated.
AU-ORI-MANJIMUP,AU,Australien,Australie,Australia,Western Australia,Westaustralien,Australie-Occidentale,Western Australia,Manjimup,appellation,Protected wine GI,Australian GI,protected_current,Wine Australia,https://www.wineaustralia.com/labelling/register-of-protected-gis-and-other-terms/geographical-indications,https://www.legislation.gov.au/C2013A00161/latest/text,2026-09-07,219,Geschützter bzw. regulierter Herkunftsname; der offizielle Eigenname wird nicht übersetzt.,Nom d'origine protégé ou réglementé; le nom propre officiel n'est pas traduit.,Protected or regulated origin name; the official proper name is not translated.
AU-ORI-MARGARET-RIVER,AU,Australien,Australie,Australia,Western Australia,Westaustralien,Australie-Occidentale,Western Australia,Margaret River,appellation,Protected wine GI,Australian GI,protected_current,Wine Australia,https://www.wineaustralia.com/labelling/register-of-protected-gis-and-other-terms/geographical-indications,https://www.legislation.gov.au/C2013A00161/latest/text,2026-09-07,77555,Geschützter bzw. regulierter Herkunftsname; der offizielle Eigenname wird nicht übersetzt.,Nom d'origine protégé ou réglementé; le nom propre officiel n'est pas traduit.,Protected or regulated origin name; the official proper name is not translated.
AU-ORI-MOUNT-BARKER,AU,Australien,Australie,Australia,Western Australia,Westaustralien,Australie-Occidentale,Western Australia,Mount Barker,appellation,Protected wine GI,Australian GI,protected_current,Wine Australia,https://www.wineaustralia.com/labelling/register-of-protected-gis-and-other-terms/geographical-indications,https://www.legislation.gov.au/C2013A00161/latest/text,2026-09-07,3151,Geschützter bzw. regulierter Herkunftsname; der offizielle Eigenname wird nicht übersetzt.,Nom d'origine protégé ou réglementé; le nom propre officiel n'est pas traduit.,Protected or regulated origin name; the official proper name is not translated.
AU-ORI-PEEL,AU,Australien,Australie,Australia,Western Australia,Westaustralien,Australie-Occidentale,Western Australia,Peel,appellation,Protected wine GI,Australian GI,protected_current,Wine Australia,https://www.wineaustralia.com/labelling/register-of-protected-gis-and-other-terms/geographical-indications,https://www.legislation.gov.au/C2013A00161/latest/text,2026-09-07,158,Geschützter bzw. regulierter Herkunftsname; der offizielle Eigenname wird nicht übersetzt.,Nom d'origine protégé ou réglementé; le nom propre officiel n'est pas traduit.,Protected or regulated origin name; the official proper name is not translated.
AU-ORI-PEMBERTON,AU,Australien,Australie,Australia,Western Australia,Westaustralien,Australie-Occidentale,Western Australia,Pemberton,appellation,Protected wine GI,Australian GI,protected_current,Wine Australia,https://www.wineaustralia.com/labelling/register-of-protected-gis-and-other-terms/geographical-indications,https://www.legislation.gov.au/C2013A00161/latest/text,2026-09-07,1996,Geschützter bzw. regulierter Herkunftsname; der offizielle Eigenname wird nicht übersetzt.,Nom d'origine protégé ou réglementé; le nom propre officiel n'est pas traduit.,Protected or regulated origin name; the official proper name is not translated.
AU-ORI-PERTH-HILLS,AU,Australien,Australie,Australia,Western Australia,Westaustralien,Australie-Occidentale,Western Australia,Perth Hills,appellation,Protected wine GI,Australian GI,protected_current,Wine Australia,https://www.wineaustralia.com/labelling/register-of-protected-gis-and-other-terms/geographical-indications,https://www.legislation.gov.au/C2013A00161/latest/text,2026-09-07,72,Geschützter bzw. regulierter Herkunftsname; der offizielle Eigenname wird nicht übersetzt.,Nom d'origine protégé ou réglementé; le nom propre officiel n'est pas traduit.,Protected or regulated origin name; the official proper name is not translated.
AU-ORI-PORONGURUP,AU,Australien,Australie,Australia,Western Australia,Westaustralien,Australie-Occidentale,Western Australia,Porongurup,appellation,Protected wine GI,Australian GI,protected_current,Wine Australia,https://www.wineaustralia.com/labelling/register-of-protected-gis-and-other-terms/geographical-indications,https://www.legislation.gov.au/C2013A00161/latest/text,2026-09-07,570,Geschützter bzw. regulierter Herkunftsname; der offizielle Eigenname wird nicht übersetzt.,Nom d'origine protégé ou réglementé; le nom propre officiel n'est pas traduit.,Protected or regulated origin name; the official proper name is not translated.
AU-ORI-SWAN-DISTRICT,AU,Australien,Australie,Australia,Western Australia,Westaustralien,Australie-Occidentale,Western Australia,Swan District,appellation,Protected wine GI,Australian GI,protected_current,Wine Australia,https://www.wineaustralia.com/labelling/register-of-protected-gis-and-other-terms/geographical-indications,https://www.legislation.gov.au/C2013A00161/latest/text,2026-09-07,534,Geschützter bzw. regulierter Herkunftsname; der offizielle Eigenname wird nicht übersetzt.,Nom d'origine protégé ou réglementé; le nom propre officiel n'est pas traduit.,Protected or regulated origin name; the official proper name is not translated.
AU-ORI-SWAN-VALLEY,AU,Australien,Australie,Australia,Western Australia,Westaustralien,Australie-Occidentale,Western Australia,Swan Valley,appellation,Protected wine GI,Australian GI,protected_current,Wine Australia,https://www.wineaustralia.com/labelling/register-of-protected-gis-and-other-terms/geographical-indications,https://www.legislation.gov.au/C2013A00161/latest/text,2026-09-07,147,Geschützter bzw. regulierter Herkunftsname; der offizielle Eigenname wird nicht übersetzt.,Nom d'origine protégé ou réglementé; le nom propre officiel n'est pas traduit.,Protected or regulated origin name; the official proper name is not translated.
AU-ORI-WESTERN-AUSTRALIA,AU,Australien,Australie,Australia,Western Australia,Westaustralien,Australie-Occidentale,Western Australia,Western Australia,appellation,Protected wine GI,Australian GI,protected_current,Wine Australia,https://www.wineaustralia.com/labelling/register-of-protected-gis-and-other-terms/geographical-indications,https://www.legislation.gov.au/C2013A00161/latest/text,2026-09-07,6326,Geschützter bzw. regulierter Herkunftsname; der offizielle Eigenname wird nicht übersetzt.,Nom d'origine protégé ou réglementé; le nom propre officiel n'est pas traduit.,Protected or regulated origin name; the official proper name is not translated.
AU-ORI-WILYABRUP,AU,Australien,Australie,Australia,Western Australia,Westaustralien,Australie-Occidentale,Western Australia,Wilyabrup,appellation,Protected wine GI,Australian GI,protected_current,Wine Australia,https://www.wineaustralia.com/labelling/register-of-protected-gis-and-other-terms/geographical-indications,https://www.legislation.gov.au/C2013A00161/latest/text,2026-09-07,62,Geschützter bzw. regulierter Herkunftsname; der offizielle Eigenname wird nicht übersetzt.,Nom d'origine protégé ou réglementé; le nom propre officiel n'est pas traduit.,Protected or regulated origin name; the official proper name is not translated.
AU-REG-WHITLANDS,AU,Australien,Australie,Australia,Whitlands,Whitlands,Whitlands,Whitlands,,region,Wine region (not asserted as protected appellation),Australian GI,regional_reference_only,Wine Australia,https://www.wineaustralia.com/labelling/register-of-protected-gis-and-other-terms/geographical-indications,https://www.legislation.gov.au/C2013A00161/latest/text,2026-09-07,154,Als Weinregion für Hierarchie und Mapping geführt; nicht als geschützte Appellation behauptet.,Conservée comme région viticole pour la hiérarchie et le mapping; aucun statut d'appellation protégée n'est affirmé.,Retained as a wine-region reference for hierarchy and mapping; not asserted as a protected appellation.
AU-REG-YEA-VALLEY,AU,Australien,Australie,Australia,Yea Valley,Yea Valley,Yea Valley,Yea Valley,,region,Wine region (not asserted as protected appellation),Australian GI,regional_reference_only,Wine Australia,https://www.wineaustralia.com/labelling/register-of-protected-gis-and-other-terms/geographical-indications,https://www.legislation.gov.au/C2013A00161/latest/text,2026-09-07,61,Als Weinregion für Hierarchie und Mapping geführt; nicht als geschützte Appellation behauptet.,Conservée comme région viticole pour la hiérarchie et le mapping; aucun statut d'appellation protégée n'est affirmé.,Retained as a wine-region reference for hierarchy and mapping; not asserted as a protected appellation.
CA-COUNTRY,CA,Kanada,Canada,Canada,,,,,,country,Country of origin,Country-level origin,country_reference,Canadian authorities (CIPO and provincial VQA systems),https://ised-isde.canada.ca/site/canadian-intellectual-property-office/en/trademarks/geographical-indications,https://laws-lois.justice.gc.ca/eng/acts/t-13/,2026-09-07,28,Länderangabe ohne verlässlich ableitbare Region oder Appellation.,Indication du pays sans région ni appellation pouvant être déduite de manière fiable.,Country indication without a region or appellation that can be derived reliably.
CA-ORI-OKANAGAN-VALLEY,CA,Kanada,Canada,Canada,British Columbia,British Columbia,Colombie-Britannique,British Columbia,Okanagan Valley,appellation,Regulated wine appellation / GI,Canadian/provincial GI,protected_current,Canadian authorities (CIPO and provincial VQA systems),https://ised-isde.canada.ca/site/canadian-intellectual-property-office/en/trademarks/geographical-indications,https://laws-lois.justice.gc.ca/eng/acts/t-13/,2026-09-07,48,Geschützter bzw. regulierter Herkunftsname; der offizielle Eigenname wird nicht übersetzt.,Nom d'origine protégé ou réglementé; le nom propre officiel n'est pas traduit.,Protected or regulated origin name; the official proper name is not translated.
CA-ORI-NIAGARA-PENINSULA,CA,Kanada,Canada,Canada,Ontario,Ontario,Ontario,Ontario,Niagara Peninsula,appellation,Regulated wine appellation / GI,Canadian/provincial GI,protected_current,Canadian authorities (CIPO and provincial VQA systems),https://ised-isde.canada.ca/site/canadian-intellectual-property-office/en/trademarks/geographical-indications,https://laws-lois.justice.gc.ca/eng/acts/t-13/,2026-09-07,72,Geschützter bzw. regulierter Herkunftsname; der offizielle Eigenname wird nicht übersetzt.,Nom d'origine protégé ou réglementé; le nom propre officiel n'est pas traduit.,Protected or regulated origin name; the official proper name is not translated.
CA-ORI-PRINCE-EDWARD-COUNTY,CA,Kanada,Canada,Canada,Ontario,Ontario,Ontario,Ontario,Prince Edward County,appellation,Regulated wine appellation / GI,Canadian/provincial GI,protected_current,Canadian authorities (CIPO and provincial VQA systems),https://ised-isde.canada.ca/site/canadian-intellectual-property-office/en/trademarks/geographical-indications,https://laws-lois.justice.gc.ca/eng/acts/t-13/,2026-09-07,1,Geschützter bzw. regulierter Herkunftsname; der offizielle Eigenname wird nicht übersetzt.,Nom d'origine protégé ou réglementé; le nom propre officiel n'est pas traduit.,Protected or regulated origin name; the official proper name is not translated.
CH-COUNTRY,CH,Schweiz,Suisse,Switzerland,,,,,,country,Country of origin,Country-level origin,country_reference,Bundesamt für Landwirtschaft (BLW),https://www.blw.admin.ch/de/wein,https://www.fedlex.admin.ch/eli/cc/2007/745/de,2026-09-07,11,Länderangabe ohne verlässlich ableitbare Region oder Appellation.,Indication du pays sans région ni appellation pouvant être déduite de manière fiable.,Country indication without a region or appellation that can be derived reliably.
CH-ORI-AARGAU,CH,Schweiz,Suisse,Switzerland,Aargau,Aargau,Aargau,Aargau,Aargau,appellation,KUB/AOC,KUB/AOC,protected_current,Bundesamt für Landwirtschaft (BLW),https://www.blw.admin.ch/de/wein,https://www.fedlex.admin.ch/eli/cc/2007/745/de,2026-09-07,11,Geschützter bzw. regulierter Herkunftsname; der offizielle Eigenname wird nicht übersetzt.,Nom d'origine protégé ou réglementé; le nom propre officiel n'est pas traduit.,Protected or regulated origin name; the official proper name is not translated.
CH-ORI-BASEL-LANDSCHAFT,CH,Schweiz,Suisse,Switzerland,Basel-Landschaft,Basel-Landschaft,Basel-Landschaft,Basel-Landschaft,Basel-Landschaft,appellation,KUB/AOC,KUB/AOC,protected_current,Bundesamt für Landwirtschaft (BLW),https://www.blw.admin.ch/de/wein,https://www.fedlex.admin.ch/eli/cc/2007/745/de,2026-09-07,0,Geschützter bzw. regulierter Herkunftsname; der offizielle Eigenname wird nicht übersetzt.,Nom d'origine protégé ou réglementé; le nom propre officiel n'est pas traduit.,Protected or regulated origin name; the official proper name is not translated.
CH-ORI-BIELERSEE,CH,Schweiz,Suisse,Switzerland,Bielersee,Bielersee,Bielersee,Bielersee,Bielersee,appellation,KUB/AOC,KUB/AOC,protected_current,Bundesamt für Landwirtschaft (BLW),https://www.blw.admin.ch/de/wein,https://www.fedlex.admin.ch/eli/cc/2007/745/de,2026-09-07,4,Geschützter bzw. regulierter Herkunftsname; der offizielle Eigenname wird nicht übersetzt.,Nom d'origine protégé ou réglementé; le nom propre officiel n'est pas traduit.,Protected or regulated origin name; the official proper name is not translated.
CH-ORI-CALAMIN,CH,Schweiz,Suisse,Switzerland,Calamin,Calamin,Calamin,Calamin,Calamin,appellation,KUB/AOC,KUB/AOC,protected_current,Bundesamt für Landwirtschaft (BLW),https://www.blw.admin.ch/de/wein,https://www.fedlex.admin.ch/eli/cc/2007/745/de,2026-09-07,0,Geschützter bzw. regulierter Herkunftsname; der offizielle Eigenname wird nicht übersetzt.,Nom d'origine protégé ou réglementé; le nom propre officiel n'est pas traduit.,Protected or regulated origin name; the official proper name is not translated.
CH-ORI-CHABLAIS,CH,Schweiz,Suisse,Switzerland,Chablais,Chablais,Chablais,Chablais,Chablais,appellation,KUB/AOC,KUB/AOC,protected_current,Bundesamt für Landwirtschaft (BLW),https://www.blw.admin.ch/de/wein,https://www.fedlex.admin.ch/eli/cc/2007/745/de,2026-09-07,0,Geschützter bzw. regulierter Herkunftsname; der offizielle Eigenname wird nicht übersetzt.,Nom d'origine protégé ou réglementé; le nom propre officiel n'est pas traduit.,Protected or regulated origin name; the official proper name is not translated.
CH-ORI-DEZALEY,CH,Schweiz,Suisse,Switzerland,Dézaley,Dézaley,Dézaley,Dézaley,Dézaley,appellation,KUB/AOC,KUB/AOC,protected_current,Bundesamt für Landwirtschaft (BLW),https://www.blw.admin.ch/de/wein,https://www.fedlex.admin.ch/eli/cc/2007/745/de,2026-09-07,0,Geschützter bzw. regulierter Herkunftsname; der offizielle Eigenname wird nicht übersetzt.,Nom d'origine protégé ou réglementé; le nom propre officiel n'est pas traduit.,Protected or regulated origin name; the official proper name is not translated.
CH-ORI-EPESSES,CH,Schweiz,Suisse,Switzerland,Epesses,Epesses,Epesses,Epesses,Epesses,appellation,KUB/AOC,KUB/AOC,protected_current,Bundesamt für Landwirtschaft (BLW),https://www.blw.admin.ch/de/wein,https://www.fedlex.admin.ch/eli/cc/2007/745/de,2026-09-07,0,Geschützter bzw. regulierter Herkunftsname; der offizielle Eigenname wird nicht übersetzt.,Nom d'origine protégé ou réglementé; le nom propre officiel n'est pas traduit.,Protected or regulated origin name; the official proper name is not translated.
CH-ORI-GENEVE,CH,Schweiz,Suisse,Switzerland,Genève,Genève,Genève,Genève,Genève,appellation,KUB/AOC,KUB/AOC,protected_current,Bundesamt für Landwirtschaft (BLW),https://www.blw.admin.ch/de/wein,https://www.fedlex.admin.ch/eli/cc/2007/745/de,2026-09-07,0,Geschützter bzw. regulierter Herkunftsname; der offizielle Eigenname wird nicht übersetzt.,Nom d'origine protégé ou réglementé; le nom propre officiel n'est pas traduit.,Protected or regulated origin name; the official proper name is not translated.
CH-ORI-GRAUBUNDEN,CH,Schweiz,Suisse,Switzerland,Graubünden,Graubünden,Graubünden,Graubünden,Graubünden,appellation,KUB/AOC,KUB/AOC,protected_current,Bundesamt für Landwirtschaft (BLW),https://www.blw.admin.ch/de/wein,https://www.fedlex.admin.ch/eli/cc/2007/745/de,2026-09-07,24,Geschützter bzw. regulierter Herkunftsname; der offizielle Eigenname wird nicht übersetzt.,Nom d'origine protégé ou réglementé; le nom propre officiel n'est pas traduit.,Protected or regulated origin name; the official proper name is not translated.
CH-ORI-LA-COTE,CH,Schweiz,Suisse,Switzerland,La Côte,La Côte,La Côte,La Côte,La Côte,appellation,KUB/AOC,KUB/AOC,protected_current,Bundesamt für Landwirtschaft (BLW),https://www.blw.admin.ch/de/wein,https://www.fedlex.admin.ch/eli/cc/2007/745/de,2026-09-07,0,Geschützter bzw. regulierter Herkunftsname; der offizielle Eigenname wird nicht übersetzt.,Nom d'origine protégé ou réglementé; le nom propre officiel n'est pas traduit.,Protected or regulated origin name; the official proper name is not translated.
CH-ORI-LAVAUX,CH,Schweiz,Suisse,Switzerland,Lavaux,Lavaux,Lavaux,Lavaux,Lavaux,appellation,KUB/AOC,KUB/AOC,protected_current,Bundesamt für Landwirtschaft (BLW),https://www.blw.admin.ch/de/wein,https://www.fedlex.admin.ch/eli/cc/2007/745/de,2026-09-07,0,Geschützter bzw. regulierter Herkunftsname; der offizielle Eigenname wird nicht übersetzt.,Nom d'origine protégé ou réglementé; le nom propre officiel n'est pas traduit.,Protected or regulated origin name; the official proper name is not translated.
CH-ORI-NEUCHATEL,CH,Schweiz,Suisse,Switzerland,Neuchâtel,Neuchâtel,Neuchâtel,Neuchâtel,Neuchâtel,appellation,KUB/AOC,KUB/AOC,protected_current,Bundesamt für Landwirtschaft (BLW),https://www.blw.admin.ch/de/wein,https://www.fedlex.admin.ch/eli/cc/2007/745/de,2026-09-07,31,Geschützter bzw. regulierter Herkunftsname; der offizielle Eigenname wird nicht übersetzt.,Nom d'origine protégé ou réglementé; le nom propre officiel n'est pas traduit.,Protected or regulated origin name; the official proper name is not translated.
CH-ORI-SCHAFFHAUSEN,CH,Schweiz,Suisse,Switzerland,Schaffhausen,Schaffhausen,Schaffhausen,Schaffhausen,Schaffhausen,appellation,KUB/AOC,KUB/AOC,protected_current,Bundesamt für Landwirtschaft (BLW),https://www.blw.admin.ch/de/wein,https://www.fedlex.admin.ch/eli/cc/2007/745/de,2026-09-07,18,Geschützter bzw. regulierter Herkunftsname; der offizielle Eigenname wird nicht übersetzt.,Nom d'origine protégé ou réglementé; le nom propre officiel n'est pas traduit.,Protected or regulated origin name; the official proper name is not translated.
CH-ORI-SAINT-GALLEN,CH,Schweiz,Suisse,Switzerland,St. Gallen,St. Gallen,St. Gallen,St. Gallen,St. Gallen,appellation,KUB/AOC,KUB/AOC,protected_current,Bundesamt für Landwirtschaft (BLW),https://www.blw.admin.ch/de/wein,https://www.fedlex.admin.ch/eli/cc/2007/745/de,2026-09-07,0,Geschützter bzw. regulierter Herkunftsname; der offizielle Eigenname wird nicht übersetzt.,Nom d'origine protégé ou réglementé; le nom propre officiel n'est pas traduit.,Protected or regulated origin name; the official proper name is not translated.
CH-ORI-THURGAU,CH,Schweiz,Suisse,Switzerland,Thurgau,Thurgau,Thurgau,Thurgau,Thurgau,appellation,KUB/AOC,KUB/AOC,protected_current,Bundesamt für Landwirtschaft (BLW),https://www.blw.admin.ch/de/wein,https://www.fedlex.admin.ch/eli/cc/2007/745/de,2026-09-07,4,Geschützter bzw. regulierter Herkunftsname; der offizielle Eigenname wird nicht übersetzt.,Nom d'origine protégé ou réglementé; le nom propre officiel n'est pas traduit.,Protected or regulated origin name; the official proper name is not translated.
CH-ORI-TICINO,CH,Schweiz,Suisse,Switzerland,Ticino,Ticino,Ticino,Ticino,Ticino,appellation,KUB/AOC,KUB/AOC,protected_current,Bundesamt für Landwirtschaft (BLW),https://www.blw.admin.ch/de/wein,https://www.fedlex.admin.ch/eli/cc/2007/745/de,2026-09-07,77,Geschützter bzw. regulierter Herkunftsname; der offizielle Eigenname wird nicht übersetzt.,Nom d'origine protégé ou réglementé; le nom propre officiel n'est pas traduit.,Protected or regulated origin name; the official proper name is not translated.
CH-ORI-VALAIS,CH,Schweiz,Suisse,Switzerland,Valais,Valais,Valais,Valais,Valais,appellation,KUB/AOC,KUB/AOC,protected_current,Bundesamt für Landwirtschaft (BLW),https://www.blw.admin.ch/de/wein,https://www.fedlex.admin.ch/eli/cc/2007/745/de,2026-09-07,210,Geschützter bzw. regulierter Herkunftsname; der offizielle Eigenname wird nicht übersetzt.,Nom d'origine protégé ou réglementé; le nom propre officiel n'est pas traduit.,Protected or regulated origin name; the official proper name is not translated.
CH-ORI-VAUD,CH,Schweiz,Suisse,Switzerland,Vaud,Vaud,Vaud,Vaud,Vaud,appellation,KUB/AOC,KUB/AOC,protected_current,Bundesamt für Landwirtschaft (BLW),https://www.blw.admin.ch/de/wein,https://www.fedlex.admin.ch/eli/cc/2007/745/de,2026-09-07,162,Geschützter bzw. regulierter Herkunftsname; der offizielle Eigenname wird nicht übersetzt.,Nom d'origine protégé ou réglementé; le nom propre officiel n'est pas traduit.,Protected or regulated origin name; the official proper name is not translated.
CH-ORI-VULLY,CH,Schweiz,Suisse,Switzerland,Vully,Vully,Vully,Vully,Vully,appellation,KUB/AOC,KUB/AOC,protected_current,Bundesamt für Landwirtschaft (BLW),https://www.blw.admin.ch/de/wein,https://www.fedlex.admin.ch/eli/cc/2007/745/de,2026-09-07,1,Geschützter bzw. regulierter Herkunftsname; der offizielle Eigenname wird nicht übersetzt.,Nom d'origine protégé ou réglementé; le nom propre officiel n'est pas traduit.,Protected or regulated origin name; the official proper name is not translated.
CH-ORI-YVORNE,CH,Schweiz,Suisse,Switzerland,Yvorne,Yvorne,Yvorne,Yvorne,Yvorne,appellation,KUB/AOC,KUB/AOC,protected_current,Bundesamt für Landwirtschaft (BLW),https://www.blw.admin.ch/de/wein,https://www.fedlex.admin.ch/eli/cc/2007/745/de,2026-09-07,0,Geschützter bzw. regulierter Herkunftsname; der offizielle Eigenname wird nicht übersetzt.,Nom d'origine protégé ou réglementé; le nom propre officiel n'est pas traduit.,Protected or regulated origin name; the official proper name is not translated.
CH-ORI-ZURICH,CH,Schweiz,Suisse,Switzerland,Zürich,Zürich,Zürich,Zürich,Zürich,appellation,KUB/AOC,KUB/AOC,protected_current,Bundesamt für Landwirtschaft (BLW),https://www.blw.admin.ch/de/wein,https://www.fedlex.admin.ch/eli/cc/2007/745/de,2026-09-07,15,Geschützter bzw. regulierter Herkunftsname; der offizielle Eigenname wird nicht übersetzt.,Nom d'origine protégé ou réglementé; le nom propre officiel n'est pas traduit.,Protected or regulated origin name; the official proper name is not translated.
CL-COUNTRY,CL,Chile,Chili,Chile,,,,,,country,Country of origin,Country-level origin,country_reference,Servicio Agrícola y Ganadero / Biblioteca del Congreso Nacional de Chile,https://www.bcn.cl/leychile/navegar?idNorma=13601,https://www.bcn.cl/leychile/navegar?idNorma=13601,2026-09-07,159,Länderangabe ohne verlässlich ableitbare Region oder Appellation.,Indication du pays sans région ni appellation pouvant être déduite de manière fiable.,Country indication without a region or appellation that can be derived reliably.
CL-ORI-VALLE-DE-CASABLANCA,CL,Chile,Chili,Chile,Aconcagua,Aconcagua,Aconcagua,Aconcagua,Valle de Casablanca,appellation,Denominación de Origen,DO,protected_current,Servicio Agrícola y Ganadero / Biblioteca del Congreso Nacional de Chile,https://www.bcn.cl/leychile/navegar?idNorma=13601,https://www.bcn.cl/leychile/navegar?idNorma=13601,2026-09-07,20,Geschützter bzw. regulierter Herkunftsname; der offizielle Eigenname wird nicht übersetzt.,Nom d'origine protégé ou réglementé; le nom propre officiel n'est pas traduit.,Protected or regulated origin name; the official proper name is not translated.
CL-ORI-VALLE-DEL-ACONCAGUA,CL,Chile,Chili,Chile,Aconcagua,Aconcagua,Aconcagua,Aconcagua,Valle del Aconcagua,appellation,Denominación de Origen,DO,protected_current,Servicio Agrícola y Ganadero / Biblioteca del Congreso Nacional de Chile,https://www.bcn.cl/leychile/navegar?idNorma=13601,https://www.bcn.cl/leychile/navegar?idNorma=13601,2026-09-07,109,Geschützter bzw. regulierter Herkunftsname; der offizielle Eigenname wird nicht übersetzt.,Nom d'origine protégé ou réglementé; le nom propre officiel n'est pas traduit.,Protected or regulated origin name; the official proper name is not translated.
CL-ORI-VALLE-DEL-LIMARI,CL,Chile,Chili,Chile,Coquimbo,Coquimbo,Coquimbo,Coquimbo,Valle del Limarí,appellation,Denominación de Origen,DO,protected_current,Servicio Agrícola y Ganadero / Biblioteca del Congreso Nacional de Chile,https://www.bcn.cl/leychile/navegar?idNorma=13601,https://www.bcn.cl/leychile/navegar?idNorma=13601,2026-09-07,0,Geschützter bzw. regulierter Herkunftsname; der offizielle Eigenname wird nicht übersetzt.,Nom d'origine protégé ou réglementé; le nom propre officiel n'est pas traduit.,Protected or regulated origin name; the official proper name is not translated.
CL-ORI-VALLE-DEL-ITATA,CL,Chile,Chili,Chile,Región Sur,Región Sur,Región Sur,Región Sur,Valle del Itata,appellation,Denominación de Origen,DO,protected_current,Servicio Agrícola y Ganadero / Biblioteca del Congreso Nacional de Chile,https://www.bcn.cl/leychile/navegar?idNorma=13601,https://www.bcn.cl/leychile/navegar?idNorma=13601,2026-09-07,9,Geschützter bzw. regulierter Herkunftsname; der offizielle Eigenname wird nicht übersetzt.,Nom d'origine protégé ou réglementé; le nom propre officiel n'est pas traduit.,Protected or regulated origin name; the official proper name is not translated.
CL-ORI-VALLE-DE-COLCHAGUA,CL,Chile,Chili,Chile,Valle Central,Valle Central,Valle Central,Valle Central,Valle de Colchagua,appellation,Denominación de Origen,DO,protected_current,Servicio Agrícola y Ganadero / Biblioteca del Congreso Nacional de Chile,https://www.bcn.cl/leychile/navegar?idNorma=13601,https://www.bcn.cl/leychile/navegar?idNorma=13601,2026-09-07,27,Geschützter bzw. regulierter Herkunftsname; der offizielle Eigenname wird nicht übersetzt.,Nom d'origine protégé ou réglementé; le nom propre officiel n'est pas traduit.,Protected or regulated origin name; the official proper name is not translated.
CL-ORI-VALLE-DEL-MAIPO,CL,Chile,Chili,Chile,Valle Central,Valle Central,Valle Central,Valle Central,Valle del Maipo,appellation,Denominación de Origen,DO,protected_current,Servicio Agrícola y Ganadero / Biblioteca del Congreso Nacional de Chile,https://www.bcn.cl/leychile/navegar?idNorma=13601,https://www.bcn.cl/leychile/navegar?idNorma=13601,2026-09-07,68,Geschützter bzw. regulierter Herkunftsname; der offizielle Eigenname wird nicht übersetzt.,Nom d'origine protégé ou réglementé; le nom propre officiel n'est pas traduit.,Protected or regulated origin name; the official proper name is not translated.
CL-ORI-VALLE-DEL-MAULE,CL,Chile,Chili,Chile,Valle Central,Valle Central,Valle Central,Valle Central,Valle del Maule,appellation,Denominación de Origen,DO,protected_current,Servicio Agrícola y Ganadero / Biblioteca del Congreso Nacional de Chile,https://www.bcn.cl/leychile/navegar?idNorma=13601,https://www.bcn.cl/leychile/navegar?idNorma=13601,2026-09-07,4,Geschützter bzw. regulierter Herkunftsname; der offizielle Eigenname wird nicht übersetzt.,Nom d'origine protégé ou réglementé; le nom propre officiel n'est pas traduit.,Protected or regulated origin name; the official proper name is not translated.
CL-ORI-VALLE-DEL-RAPEL,CL,Chile,Chili,Chile,Valle Central,Valle Central,Valle Central,Valle Central,Valle del Rapel,appellation,Denominación de Origen,DO,protected_current,Servicio Agrícola y Ganadero / Biblioteca del Congreso Nacional de Chile,https://www.bcn.cl/leychile/navegar?idNorma=13601,https://www.bcn.cl/leychile/navegar?idNorma=13601,2026-09-07,196,Geschützter bzw. regulierter Herkunftsname; der offizielle Eigenname wird nicht übersetzt.,Nom d'origine protégé ou réglementé; le nom propre officiel n'est pas traduit.,Protected or regulated origin name; the official proper name is not translated.
DE-COUNTRY,DE,Deutschland,Allemagne,Germany,,,,,,country,Country of origin,Country-level origin,country_reference,"European Commission, eAmbrosia GI Register",https://ec.europa.eu/agriculture/eambrosia/geographical-indications-register/,https://eur-lex.europa.eu/eli/reg/2024/1143/oj,2026-09-07,240,Länderangabe ohne verlässlich ableitbare Region oder Appellation.,Indication du pays sans région ni appellation pouvant être déduite de manière fiable.,Country indication without a region or appellation that can be derived reliably.
DE-ORI-AHR,DE,Deutschland,Allemagne,Germany,Ahr,Ahr,Ahr,Ahr,Ahr,appellation,g.U. / EU PDO,EU PDO/PGI,protected_current,"European Commission, eAmbrosia GI Register",https://ec.europa.eu/agriculture/eambrosia/geographical-indications-register/,https://eur-lex.europa.eu/eli/reg/2024/1143/oj,2026-09-07,25,Geschützter bzw. regulierter Herkunftsname; der offizielle Eigenname wird nicht übersetzt.,Nom d'origine protégé ou réglementé; le nom propre officiel n'est pas traduit.,Protected or regulated origin name; the official proper name is not translated.
DE-ORI-BADEN,DE,Deutschland,Allemagne,Germany,Baden,Baden,Baden,Baden,Baden,appellation,g.U. / EU PDO,EU PDO/PGI,protected_current,"European Commission, eAmbrosia GI Register",https://ec.europa.eu/agriculture/eambrosia/geographical-indications-register/,https://eur-lex.europa.eu/eli/reg/2024/1143/oj,2026-09-07,127,Geschützter bzw. regulierter Herkunftsname; der offizielle Eigenname wird nicht übersetzt.,Nom d'origine protégé ou réglementé; le nom propre officiel n'est pas traduit.,Protected or regulated origin name; the official proper name is not translated.
DE-ORI-FRANKEN,DE,Deutschland,Allemagne,Germany,Franken,Franken,Franken,Franken,Franken,appellation,g.U. / EU PDO,EU PDO/PGI,protected_current,"European Commission, eAmbrosia GI Register",https://ec.europa.eu/agriculture/eambrosia/geographical-indications-register/,https://eur-lex.europa.eu/eli/reg/2024/1143/oj,2026-09-07,49,Geschützter bzw. regulierter Herkunftsname; der offizielle Eigenname wird nicht übersetzt.,Nom d'origine protégé ou réglementé; le nom propre officiel n'est pas traduit.,Protected or regulated origin name; the official proper name is not translated.
DE-ORI-HESSISCHE-BERGSTRA-E,DE,Deutschland,Allemagne,Germany,Hessische Bergstraße,Hessische Bergstraße,Hessische Bergstraße,Hessische Bergstraße,Hessische Bergstraße,appellation,g.U. / EU PDO,EU PDO/PGI,protected_current,"European Commission, eAmbrosia GI Register",https://ec.europa.eu/agriculture/eambrosia/geographical-indications-register/,https://eur-lex.europa.eu/eli/reg/2024/1143/oj,2026-09-07,1,Geschützter bzw. regulierter Herkunftsname; der offizielle Eigenname wird nicht übersetzt.,Nom d'origine protégé ou réglementé; le nom propre officiel n'est pas traduit.,Protected or regulated origin name; the official proper name is not translated.
DE-ORI-MITTELRHEIN,DE,Deutschland,Allemagne,Germany,Mittelrhein,Mittelrhein,Mittelrhein,Mittelrhein,Mittelrhein,appellation,g.U. / EU PDO,EU PDO/PGI,protected_current,"European Commission, eAmbrosia GI Register",https://ec.europa.eu/agriculture/eambrosia/geographical-indications-register/,https://eur-lex.europa.eu/eli/reg/2024/1143/oj,2026-09-07,1,Geschützter bzw. regulierter Herkunftsname; der offizielle Eigenname wird nicht übersetzt.,Nom d'origine protégé ou réglementé; le nom propre officiel n'est pas traduit.,Protected or regulated origin name; the official proper name is not translated.
DE-ORI-MOSEL,DE,Deutschland,Allemagne,Germany,Mosel,Mosel,Mosel,Mosel,Mosel,appellation,g.U. / EU PDO,EU PDO/PGI,protected_current,"European Commission, eAmbrosia GI Register",https://ec.europa.eu/agriculture/eambrosia/geographical-indications-register/,https://eur-lex.europa.eu/eli/reg/2024/1143/oj,2026-09-07,3632,Geschützter bzw. regulierter Herkunftsname; der offizielle Eigenname wird nicht übersetzt.,Nom d'origine protégé ou réglementé; le nom propre officiel n'est pas traduit.,Protected or regulated origin name; the official proper name is not translated.
DE-ORI-NAHE,DE,Deutschland,Allemagne,Germany,Nahe,Nahe,Nahe,Nahe,Nahe,appellation,g.U. / EU PDO,EU PDO/PGI,protected_current,"European Commission, eAmbrosia GI Register",https://ec.europa.eu/agriculture/eambrosia/geographical-indications-register/,https://eur-lex.europa.eu/eli/reg/2024/1143/oj,2026-09-07,504,Geschützter bzw. regulierter Herkunftsname; der offizielle Eigenname wird nicht übersetzt.,Nom d'origine protégé ou réglementé; le nom propre officiel n'est pas traduit.,Protected or regulated origin name; the official proper name is not translated.
DE-ORI-PFALZ,DE,Deutschland,Allemagne,Germany,Pfalz,Pfalz,Pfalz,Pfalz,Pfalz,appellation,g.U. / EU PDO,EU PDO/PGI,protected_current,"European Commission, eAmbrosia GI Register",https://ec.europa.eu/agriculture/eambrosia/geographical-indications-register/,https://eur-lex.europa.eu/eli/reg/2024/1143/oj,2026-09-07,976,Geschützter bzw. regulierter Herkunftsname; der offizielle Eigenname wird nicht übersetzt.,Nom d'origine protégé ou réglementé; le nom propre officiel n'est pas traduit.,Protected or regulated origin name; the official proper name is not translated.
DE-ORI-RHEINGAU,DE,Deutschland,Allemagne,Germany,Rheingau,Rheingau,Rheingau,Rheingau,Rheingau,appellation,g.U. / EU PDO,EU PDO/PGI,protected_current,"European Commission, eAmbrosia GI Register",https://ec.europa.eu/agriculture/eambrosia/geographical-indications-register/,https://eur-lex.europa.eu/eli/reg/2024/1143/oj,2026-09-07,845,Geschützter bzw. regulierter Herkunftsname; der offizielle Eigenname wird nicht übersetzt.,Nom d'origine protégé ou réglementé; le nom propre officiel n'est pas traduit.,Protected or regulated origin name; the official proper name is not translated.
DE-ORI-RHEINHESSEN,DE,Deutschland,Allemagne,Germany,Rheinhessen,Rheinhessen,Rheinhessen,Rheinhessen,Rheinhessen,appellation,g.U. / EU PDO,EU PDO/PGI,protected_current,"European Commission, eAmbrosia GI Register",https://ec.europa.eu/agriculture/eambrosia/geographical-indications-register/,https://eur-lex.europa.eu/eli/reg/2024/1143/oj,2026-09-07,1082,Geschützter bzw. regulierter Herkunftsname; der offizielle Eigenname wird nicht übersetzt.,Nom d'origine protégé ou réglementé; le nom propre officiel n'est pas traduit.,Protected or regulated origin name; the official proper name is not translated.
DE-ORI-SAALE-UNSTRUT,DE,Deutschland,Allemagne,Germany,Saale-Unstrut,Saale-Unstrut,Saale-Unstrut,Saale-Unstrut,Saale-Unstrut,appellation,g.U. / EU PDO,EU PDO/PGI,protected_current,"European Commission, eAmbrosia GI Register",https://ec.europa.eu/agriculture/eambrosia/geographical-indications-register/,https://eur-lex.europa.eu/eli/reg/2024/1143/oj,2026-09-07,0,Geschützter bzw. regulierter Herkunftsname; der offizielle Eigenname wird nicht übersetzt.,Nom d'origine protégé ou réglementé; le nom propre officiel n'est pas traduit.,Protected or regulated origin name; the official proper name is not translated.
DE-REG-SAAR,DE,Deutschland,Allemagne,Germany,Saar,Saar,Saar,Saar,,region,Wine region (not asserted as protected appellation),EU PDO/PGI,regional_reference_only,"European Commission, eAmbrosia GI Register",https://ec.europa.eu/agriculture/eambrosia/geographical-indications-register/,https://eur-lex.europa.eu/eli/reg/2024/1143/oj,2026-09-07,70,Als Weinregion für Hierarchie und Mapping geführt; nicht als geschützte Appellation behauptet.,Conservée comme région viticole pour la hiérarchie et le mapping; aucun statut d'appellation protégée n'est affirmé.,Retained as a wine-region reference for hierarchy and mapping; not asserted as a protected appellation.
DE-ORI-SACHSEN,DE,Deutschland,Allemagne,Germany,Sachsen,Sachsen,Sachsen,Sachsen,Sachsen,appellation,g.U. / EU PDO,EU PDO/PGI,protected_current,"European Commission, eAmbrosia GI Register",https://ec.europa.eu/agriculture/eambrosia/geographical-indications-register/,https://eur-lex.europa.eu/eli/reg/2024/1143/oj,2026-09-07,0,Geschützter bzw. regulierter Herkunftsname; der offizielle Eigenname wird nicht übersetzt.,Nom d'origine protégé ou réglementé; le nom propre officiel n'est pas traduit.,Protected or regulated origin name; the official proper name is not translated.
DE-ORI-WURTTEMBERG,DE,Deutschland,Allemagne,Germany,Württemberg,Württemberg,Württemberg,Württemberg,Württemberg,appellation,g.U. / EU PDO,EU PDO/PGI,protected_current,"European Commission, eAmbrosia GI Register",https://ec.europa.eu/agriculture/eambrosia/geographical-indications-register/,https://eur-lex.europa.eu/eli/reg/2024/1143/oj,2026-09-07,10,Geschützter bzw. regulierter Herkunftsname; der offizielle Eigenname wird nicht übersetzt.,Nom d'origine protégé ou réglementé; le nom propre officiel n'est pas traduit.,Protected or regulated origin name; the official proper name is not translated.
ES-COUNTRY,ES,Spanien,Espagne,Spain,,,,,,country,Country of origin,Country-level origin,country_reference,"European Commission, eAmbrosia GI Register",https://ec.europa.eu/agriculture/eambrosia/geographical-indications-register/,https://eur-lex.europa.eu/eli/reg/2024/1143/oj,2026-09-07,130,Länderangabe ohne verlässlich ableitbare Region oder Appellation.,Indication du pays sans région ni appellation pouvant être déduite de manière fiable.,Country indication without a region or appellation that can be derived reliably.
ES-ORI-JEREZ-XERES-SHERRY,ES,Spanien,Espagne,Spain,Andalucía,Andalucía,Andalucía,Andalucía,Jerez-Xérès-Sherry,appellation,DO / EU PDO,EU PDO/PGI,protected_current,"European Commission, eAmbrosia GI Register",https://ec.europa.eu/agriculture/eambrosia/geographical-indications-register/,https://eur-lex.europa.eu/eli/reg/2024/1143/oj,2026-09-07,364,Geschützter bzw. regulierter Herkunftsname; der offizielle Eigenname wird nicht übersetzt.,Nom d'origine protégé ou réglementé; le nom propre officiel n'est pas traduit.,Protected or regulated origin name; the official proper name is not translated.
ES-ORI-MALAGA,ES,Spanien,Espagne,Spain,Andalucía,Andalucía,Andalucía,Andalucía,Málaga,appellation,DO / EU PDO,EU PDO/PGI,protected_current,"European Commission, eAmbrosia GI Register",https://ec.europa.eu/agriculture/eambrosia/geographical-indications-register/,https://eur-lex.europa.eu/eli/reg/2024/1143/oj,2026-09-07,84,Geschützter bzw. regulierter Herkunftsname; der offizielle Eigenname wird nicht übersetzt.,Nom d'origine protégé ou réglementé; le nom propre officiel n'est pas traduit.,Protected or regulated origin name; the official proper name is not translated.
ES-ORI-MONTILLA-MORILES,ES,Spanien,Espagne,Spain,Andalucía,Andalucía,Andalucía,Andalucía,Montilla-Moriles,appellation,DO / EU PDO,EU PDO/PGI,protected_current,"European Commission, eAmbrosia GI Register",https://ec.europa.eu/agriculture/eambrosia/geographical-indications-register/,https://eur-lex.europa.eu/eli/reg/2024/1143/oj,2026-09-07,68,Geschützter bzw. regulierter Herkunftsname; der offizielle Eigenname wird nicht übersetzt.,Nom d'origine protégé ou réglementé; le nom propre officiel n'est pas traduit.,Protected or regulated origin name; the official proper name is not translated.
ES-REG-ARAGON,ES,Spanien,Espagne,Spain,Aragón,Aragón,Aragón,Aragón,,region,Wine region (not asserted as protected appellation),EU PDO/PGI,regional_reference_only,"European Commission, eAmbrosia GI Register",https://ec.europa.eu/agriculture/eambrosia/geographical-indications-register/,https://eur-lex.europa.eu/eli/reg/2024/1143/oj,2026-09-07,196,Als Weinregion für Hierarchie und Mapping geführt; nicht als geschützte Appellation behauptet.,Conservée comme région viticole pour la hiérarchie et le mapping; aucun statut d'appellation protégée n'est affirmé.,Retained as a wine-region reference for hierarchy and mapping; not asserted as a protected appellation.
ES-ORI-CAMPO-DE-BORJA,ES,Spanien,Espagne,Spain,Aragón,Aragón,Aragón,Aragón,Campo de Borja,appellation,DO / EU PDO,EU PDO/PGI,protected_current,"European Commission, eAmbrosia GI Register",https://ec.europa.eu/agriculture/eambrosia/geographical-indications-register/,https://eur-lex.europa.eu/eli/reg/2024/1143/oj,2026-09-07,122,Geschützter bzw. regulierter Herkunftsname; der offizielle Eigenname wird nicht übersetzt.,Nom d'origine protégé ou réglementé; le nom propre officiel n'est pas traduit.,Protected or regulated origin name; the official proper name is not translated.
ES-ORI-SOMONTANO,ES,Spanien,Espagne,Spain,Aragón,Aragón,Aragón,Aragón,Somontano,appellation,DO / EU PDO,EU PDO/PGI,protected_current,"European Commission, eAmbrosia GI Register",https://ec.europa.eu/agriculture/eambrosia/geographical-indications-register/,https://eur-lex.europa.eu/eli/reg/2024/1143/oj,2026-09-07,11,Geschützter bzw. regulierter Herkunftsname; der offizielle Eigenname wird nicht übersetzt.,Nom d'origine protégé ou réglementé; le nom propre officiel n'est pas traduit.,Protected or regulated origin name; the official proper name is not translated.
ES-ORI-ARABAKO-TXAKOLINA,ES,Spanien,Espagne,Spain,Basque Country,Basque Country,Basque Country,Basque Country,Arabako Txakolina,appellation,DO / EU PDO,EU PDO/PGI,protected_current,"European Commission, eAmbrosia GI Register",https://ec.europa.eu/agriculture/eambrosia/geographical-indications-register/,https://eur-lex.europa.eu/eli/reg/2024/1143/oj,2026-09-07,52,Geschützter bzw. regulierter Herkunftsname; der offizielle Eigenname wird nicht übersetzt.,Nom d'origine protégé ou réglementé; le nom propre officiel n'est pas traduit.,Protected or regulated origin name; the official proper name is not translated.
ES-REG-CASTILLA-Y-LEON,ES,Spanien,Espagne,Spain,Castilla y León,Castilla y León,Castilla y León,Castilla y León,,region,Wine region (not asserted as protected appellation),EU PDO/PGI,regional_reference_only,"European Commission, eAmbrosia GI Register",https://ec.europa.eu/agriculture/eambrosia/geographical-indications-register/,https://eur-lex.europa.eu/eli/reg/2024/1143/oj,2026-09-07,314,Als Weinregion für Hierarchie und Mapping geführt; nicht als geschützte Appellation behauptet.,Conservée comme région viticole pour la hiérarchie et le mapping; aucun statut d'appellation protégée n'est affirmé.,Retained as a wine-region reference for hierarchy and mapping; not asserted as a protected appellation.
ES-ORI-BIERZO,ES,Spanien,Espagne,Spain,Castilla y León,Castilla y León,Castilla y León,Castilla y León,Bierzo,appellation,DO / EU PDO,EU PDO/PGI,protected_current,"European Commission, eAmbrosia GI Register",https://ec.europa.eu/agriculture/eambrosia/geographical-indications-register/,https://eur-lex.europa.eu/eli/reg/2024/1143/oj,2026-09-07,338,Geschützter bzw. regulierter Herkunftsname; der offizielle Eigenname wird nicht übersetzt.,Nom d'origine protégé ou réglementé; le nom propre officiel n'est pas traduit.,Protected or regulated origin name; the official proper name is not translated.
ES-ORI-RIBERA-DEL-DUERO,ES,Spanien,Espagne,Spain,Castilla y León,Castilla y León,Castilla y León,Castilla y León,Ribera del Duero,appellation,DO / EU PDO,EU PDO/PGI,protected_current,"European Commission, eAmbrosia GI Register",https://ec.europa.eu/agriculture/eambrosia/geographical-indications-register/,https://eur-lex.europa.eu/eli/reg/2024/1143/oj,2026-09-07,1227,Geschützter bzw. regulierter Herkunftsname; der offizielle Eigenname wird nicht übersetzt.,Nom d'origine protégé ou réglementé; le nom propre officiel n'est pas traduit.,Protected or regulated origin name; the official proper name is not translated.
ES-ORI-RUEDA,ES,Spanien,Espagne,Spain,Castilla y León,Castilla y León,Castilla y León,Castilla y León,Rueda,appellation,DO / EU PDO,EU PDO/PGI,protected_current,"European Commission, eAmbrosia GI Register",https://ec.europa.eu/agriculture/eambrosia/geographical-indications-register/,https://eur-lex.europa.eu/eli/reg/2024/1143/oj,2026-09-07,184,Geschützter bzw. regulierter Herkunftsname; der offizielle Eigenname wird nicht übersetzt.,Nom d'origine protégé ou réglementé; le nom propre officiel n'est pas traduit.,Protected or regulated origin name; the official proper name is not translated.
ES-ORI-TORO,ES,Spanien,Espagne,Spain,Castilla y León,Castilla y León,Castilla y León,Castilla y León,Toro,appellation,DO / EU PDO,EU PDO/PGI,protected_current,"European Commission, eAmbrosia GI Register",https://ec.europa.eu/agriculture/eambrosia/geographical-indications-register/,https://eur-lex.europa.eu/eli/reg/2024/1143/oj,2026-09-07,354,Geschützter bzw. regulierter Herkunftsname; der offizielle Eigenname wird nicht übersetzt.,Nom d'origine protégé ou réglementé; le nom propre officiel n'est pas traduit.,Protected or regulated origin name; the official proper name is not translated.
ES-REG-CASTILLA-LA-MANCHA,ES,Spanien,Espagne,Spain,Castilla-La Mancha,Castilla-La Mancha,Castilla-La Mancha,Castilla-La Mancha,,region,Wine region (not asserted as protected appellation),EU PDO/PGI,regional_reference_only,"European Commission, eAmbrosia GI Register",https://ec.europa.eu/agriculture/eambrosia/geographical-indications-register/,https://eur-lex.europa.eu/eli/reg/2024/1143/oj,2026-09-07,10,Als Weinregion für Hierarchie und Mapping geführt; nicht als geschützte Appellation behauptet.,Conservée comme région viticole pour la hiérarchie et le mapping; aucun statut d'appellation protégée n'est affirmé.,Retained as a wine-region reference for hierarchy and mapping; not asserted as a protected appellation.
ES-ORI-CASTILLA,ES,Spanien,Espagne,Spain,Castilla-La Mancha,Castilla-La Mancha,Castilla-La Mancha,Castilla-La Mancha,Castilla,appellation,IGP,EU PDO/PGI,protected_current,"European Commission, eAmbrosia GI Register",https://ec.europa.eu/agriculture/eambrosia/geographical-indications-register/,https://eur-lex.europa.eu/eli/reg/2024/1143/oj,2026-09-07,80,Geschützter bzw. regulierter Herkunftsname; der offizielle Eigenname wird nicht übersetzt.,Nom d'origine protégé ou réglementé; le nom propre officiel n'est pas traduit.,Protected or regulated origin name; the official proper name is not translated.
ES-ORI-LA-MANCHA,ES,Spanien,Espagne,Spain,Castilla-La Mancha,Castilla-La Mancha,Castilla-La Mancha,Castilla-La Mancha,La Mancha,appellation,DO / EU PDO,EU PDO/PGI,protected_current,"European Commission, eAmbrosia GI Register",https://ec.europa.eu/agriculture/eambrosia/geographical-indications-register/,https://eur-lex.europa.eu/eli/reg/2024/1143/oj,2026-09-07,96,Geschützter bzw. regulierter Herkunftsname; der offizielle Eigenname wird nicht übersetzt.,Nom d'origine protégé ou réglementé; le nom propre officiel n'est pas traduit.,Protected or regulated origin name; the official proper name is not translated.
ES-ORI-MENTRIDA,ES,Spanien,Espagne,Spain,Castilla-La Mancha,Castilla-La Mancha,Castilla-La Mancha,Castilla-La Mancha,Méntrida,appellation,DO / EU PDO,EU PDO/PGI,protected_current,"European Commission, eAmbrosia GI Register",https://ec.europa.eu/agriculture/eambrosia/geographical-indications-register/,https://eur-lex.europa.eu/eli/reg/2024/1143/oj,2026-09-07,134,Geschützter bzw. regulierter Herkunftsname; der offizielle Eigenname wird nicht übersetzt.,Nom d'origine protégé ou réglementé; le nom propre officiel n'est pas traduit.,Protected or regulated origin name; the official proper name is not translated.
ES-ORI-CATALUNYA,ES,Spanien,Espagne,Spain,Catalunya,Catalunya,Catalunya,Catalunya,Catalunya,appellation,DO / EU PDO,EU PDO/PGI,protected_current,"European Commission, eAmbrosia GI Register",https://ec.europa.eu/agriculture/eambrosia/geographical-indications-register/,https://eur-lex.europa.eu/eli/reg/2024/1143/oj,2026-09-07,46,Geschützter bzw. regulierter Herkunftsname; der offizielle Eigenname wird nicht übersetzt.,Nom d'origine protégé ou réglementé; le nom propre officiel n'est pas traduit.,Protected or regulated origin name; the official proper name is not translated.
ES-ORI-CONCA-DE-BARBERA,ES,Spanien,Espagne,Spain,Catalunya,Catalunya,Catalunya,Catalunya,Conca de Barberà,appellation,DO / EU PDO,EU PDO/PGI,protected_current,"European Commission, eAmbrosia GI Register",https://ec.europa.eu/agriculture/eambrosia/geographical-indications-register/,https://eur-lex.europa.eu/eli/reg/2024/1143/oj,2026-09-07,148,Geschützter bzw. regulierter Herkunftsname; der offizielle Eigenname wird nicht übersetzt.,Nom d'origine protégé ou réglementé; le nom propre officiel n'est pas traduit.,Protected or regulated origin name; the official proper name is not translated.
ES-ORI-MONTSANT,ES,Spanien,Espagne,Spain,Catalunya,Catalunya,Catalunya,Catalunya,Montsant,appellation,DO / EU PDO,EU PDO/PGI,protected_current,"European Commission, eAmbrosia GI Register",https://ec.europa.eu/agriculture/eambrosia/geographical-indications-register/,https://eur-lex.europa.eu/eli/reg/2024/1143/oj,2026-09-07,104,Geschützter bzw. regulierter Herkunftsname; der offizielle Eigenname wird nicht übersetzt.,Nom d'origine protégé ou réglementé; le nom propre officiel n'est pas traduit.,Protected or regulated origin name; the official proper name is not translated.
ES-ORI-PENEDES,ES,Spanien,Espagne,Spain,Catalunya,Catalunya,Catalunya,Catalunya,Penedès,appellation,DO / EU PDO,EU PDO/PGI,protected_current,"European Commission, eAmbrosia GI Register",https://ec.europa.eu/agriculture/eambrosia/geographical-indications-register/,https://eur-lex.europa.eu/eli/reg/2024/1143/oj,2026-09-07,578,Geschützter bzw. regulierter Herkunftsname; der offizielle Eigenname wird nicht übersetzt.,Nom d'origine protégé ou réglementé; le nom propre officiel n'est pas traduit.,Protected or regulated origin name; the official proper name is not translated.
ES-ORI-PRIORAT,ES,Spanien,Espagne,Spain,Catalunya,Catalunya,Catalunya,Catalunya,Priorat,appellation,DOQ / EU PDO,EU PDO/PGI,protected_current,"European Commission, eAmbrosia GI Register",https://ec.europa.eu/agriculture/eambrosia/geographical-indications-register/,https://eur-lex.europa.eu/eli/reg/2024/1143/oj,2026-09-07,527,Geschützter bzw. regulierter Herkunftsname; der offizielle Eigenname wird nicht übersetzt.,Nom d'origine protégé ou réglementé; le nom propre officiel n'est pas traduit.,Protected or regulated origin name; the official proper name is not translated.
ES-ORI-ALICANTE,ES,Spanien,Espagne,Spain,Comunitat Valenciana,Comunitat Valenciana,Comunitat Valenciana,Comunitat Valenciana,Alicante,appellation,DO / EU PDO,EU PDO/PGI,protected_current,"European Commission, eAmbrosia GI Register",https://ec.europa.eu/agriculture/eambrosia/geographical-indications-register/,https://eur-lex.europa.eu/eli/reg/2024/1143/oj,2026-09-07,51,Geschützter bzw. regulierter Herkunftsname; der offizielle Eigenname wird nicht übersetzt.,Nom d'origine protégé ou réglementé; le nom propre officiel n'est pas traduit.,Protected or regulated origin name; the official proper name is not translated.
ES-ORI-VALENCIA,ES,Spanien,Espagne,Spain,Comunitat Valenciana,Comunitat Valenciana,Comunitat Valenciana,Comunitat Valenciana,Valencia,appellation,DO / EU PDO,EU PDO/PGI,protected_current,"European Commission, eAmbrosia GI Register",https://ec.europa.eu/agriculture/eambrosia/geographical-indications-register/,https://eur-lex.europa.eu/eli/reg/2024/1143/oj,2026-09-07,21,Geschützter bzw. regulierter Herkunftsname; der offizielle Eigenname wird nicht übersetzt.,Nom d'origine protégé ou réglementé; le nom propre officiel n'est pas traduit.,Protected or regulated origin name; the official proper name is not translated.
ES-ORI-RIAS-BAIXAS,ES,Spanien,Espagne,Spain,Galicia,Galicia,Galicia,Galicia,Rías Baixas,appellation,DO / EU PDO,EU PDO/PGI,protected_current,"European Commission, eAmbrosia GI Register",https://ec.europa.eu/agriculture/eambrosia/geographical-indications-register/,https://eur-lex.europa.eu/eli/reg/2024/1143/oj,2026-09-07,196,Geschützter bzw. regulierter Herkunftsname; der offizielle Eigenname wird nicht übersetzt.,Nom d'origine protégé ou réglementé; le nom propre officiel n'est pas traduit.,Protected or regulated origin name; the official proper name is not translated.
ES-ORI-RIBEIRA-SACRA,ES,Spanien,Espagne,Spain,Galicia,Galicia,Galicia,Galicia,Ribeira Sacra,appellation,DO / EU PDO,EU PDO/PGI,protected_current,"European Commission, eAmbrosia GI Register",https://ec.europa.eu/agriculture/eambrosia/geographical-indications-register/,https://eur-lex.europa.eu/eli/reg/2024/1143/oj,2026-09-07,54,Geschützter bzw. regulierter Herkunftsname; der offizielle Eigenname wird nicht übersetzt.,Nom d'origine protégé ou réglementé; le nom propre officiel n'est pas traduit.,Protected or regulated origin name; the official proper name is not translated.
ES-ORI-VALDEORRAS,ES,Spanien,Espagne,Spain,Galicia,Galicia,Galicia,Galicia,Valdeorras,appellation,DO / EU PDO,EU PDO/PGI,protected_current,"European Commission, eAmbrosia GI Register",https://ec.europa.eu/agriculture/eambrosia/geographical-indications-register/,https://eur-lex.europa.eu/eli/reg/2024/1143/oj,2026-09-07,100,Geschützter bzw. regulierter Herkunftsname; der offizielle Eigenname wird nicht übersetzt.,Nom d'origine protégé ou réglementé; le nom propre officiel n'est pas traduit.,Protected or regulated origin name; the official proper name is not translated.
ES-ORI-NAVARRA,ES,Spanien,Espagne,Spain,Navarra,Navarra,Navarra,Navarra,Navarra,appellation,DO / EU PDO,EU PDO/PGI,protected_current,"European Commission, eAmbrosia GI Register",https://ec.europa.eu/agriculture/eambrosia/geographical-indications-register/,https://eur-lex.europa.eu/eli/reg/2024/1143/oj,2026-09-07,132,Geschützter bzw. regulierter Herkunftsname; der offizielle Eigenname wird nicht übersetzt.,Nom d'origine protégé ou réglementé; le nom propre officiel n'est pas traduit.,Protected or regulated origin name; the official proper name is not translated.
ES-ORI-JUMILLA,ES,Spanien,Espagne,Spain,Región de Murcia,Región de Murcia,Región de Murcia,Región de Murcia,Jumilla,appellation,DO / EU PDO,EU PDO/PGI,protected_current,"European Commission, eAmbrosia GI Register",https://ec.europa.eu/agriculture/eambrosia/geographical-indications-register/,https://eur-lex.europa.eu/eli/reg/2024/1143/oj,2026-09-07,279,Geschützter bzw. regulierter Herkunftsname; der offizielle Eigenname wird nicht übersetzt.,Nom d'origine protégé ou réglementé; le nom propre officiel n'est pas traduit.,Protected or regulated origin name; the official proper name is not translated.
ES-ORI-YECLA,ES,Spanien,Espagne,Spain,Región de Murcia,Región de Murcia,Región de Murcia,Región de Murcia,Yecla,appellation,DO / EU PDO,EU PDO/PGI,protected_current,"European Commission, eAmbrosia GI Register",https://ec.europa.eu/agriculture/eambrosia/geographical-indications-register/,https://eur-lex.europa.eu/eli/reg/2024/1143/oj,2026-09-07,62,Geschützter bzw. regulierter Herkunftsname; der offizielle Eigenname wird nicht übersetzt.,Nom d'origine protégé ou réglementé; le nom propre officiel n'est pas traduit.,Protected or regulated origin name; the official proper name is not translated.
ES-ORI-RIOJA,ES,Spanien,Espagne,Spain,Rioja,Rioja,Rioja,Rioja,Rioja,appellation,DOCa / EU PDO,EU PDO/PGI,protected_current,"European Commission, eAmbrosia GI Register",https://ec.europa.eu/agriculture/eambrosia/geographical-indications-register/,https://eur-lex.europa.eu/eli/reg/2024/1143/oj,2026-09-07,2101,Geschützter bzw. regulierter Herkunftsname; der offizielle Eigenname wird nicht übersetzt.,Nom d'origine protégé ou réglementé; le nom propre officiel n'est pas traduit.,Protected or regulated origin name; the official proper name is not translated.
ES-ORI-CAVA,ES,Spanien,Espagne,Spain,Spain,Spanien,Espagne,Spain,Cava,appellation,DO / EU PDO,EU PDO/PGI,protected_current,"European Commission, eAmbrosia GI Register",https://ec.europa.eu/agriculture/eambrosia/geographical-indications-register/,https://eur-lex.europa.eu/eli/reg/2024/1143/oj,2026-09-07,7,Geschützter bzw. regulierter Herkunftsname; der offizielle Eigenname wird nicht übersetzt.,Nom d'origine protégé ou réglementé; le nom propre officiel n'est pas traduit.,Protected or regulated origin name; the official proper name is not translated.
FR-COUNTRY,FR,Frankreich,France,France,,,,,,country,Country of origin,Country-level origin,country_reference,INAO and European Commission,https://www.inao.gouv.fr/,https://ec.europa.eu/agriculture/eambrosia/geographical-indications-register/,2026-09-07,1475,Länderangabe ohne verlässlich ableitbare Region oder Appellation.,Indication du pays sans région ni appellation pouvant être déduite de manière fiable.,Country indication without a region or appellation that can be derived reliably.
FR-ORI-ALSACE,FR,Frankreich,France,France,Alsace,Alsace,Alsace,Alsace,Alsace,appellation,AOC/AOP,AOC/AOP or IGP,protected_current,INAO and European Commission,https://www.inao.gouv.fr/,https://ec.europa.eu/agriculture/eambrosia/geographical-indications-register/,2026-09-07,1429,Geschützter bzw. regulierter Herkunftsname; der offizielle Eigenname wird nicht übersetzt.,Nom d'origine protégé ou réglementé; le nom propre officiel n'est pas traduit.,Protected or regulated origin name; the official proper name is not translated.
FR-ORI-CREMANT-D-ALSACE,FR,Frankreich,France,France,Alsace,Alsace,Alsace,Alsace,Crémant d'Alsace,appellation,AOC/AOP,AOC/AOP or IGP,protected_current,INAO and European Commission,https://www.inao.gouv.fr/,https://ec.europa.eu/agriculture/eambrosia/geographical-indications-register/,2026-09-07,97,Geschützter bzw. regulierter Herkunftsname; der offizielle Eigenname wird nicht übersetzt.,Nom d'origine protégé ou réglementé; le nom propre officiel n'est pas traduit.,Protected or regulated origin name; the official proper name is not translated.
FR-ORI-BEAUJOLAIS,FR,Frankreich,France,France,Beaujolais,Beaujolais,Beaujolais,Beaujolais,Beaujolais,appellation,AOC/AOP,AOC/AOP or IGP,protected_current,INAO and European Commission,https://www.inao.gouv.fr/,https://ec.europa.eu/agriculture/eambrosia/geographical-indications-register/,2026-09-07,158,Geschützter bzw. regulierter Herkunftsname; der offizielle Eigenname wird nicht übersetzt.,Nom d'origine protégé ou réglementé; le nom propre officiel n'est pas traduit.,Protected or regulated origin name; the official proper name is not translated.
FR-ORI-BEAUJOLAIS-VILLAGES,FR,Frankreich,France,France,Beaujolais,Beaujolais,Beaujolais,Beaujolais,Beaujolais-Villages,appellation,AOC/AOP,AOC/AOP or IGP,protected_current,INAO and European Commission,https://www.inao.gouv.fr/,https://ec.europa.eu/agriculture/eambrosia/geographical-indications-register/,2026-09-07,161,Geschützter bzw. regulierter Herkunftsname; der offizielle Eigenname wird nicht übersetzt.,Nom d'origine protégé ou réglementé; le nom propre officiel n'est pas traduit.,Protected or regulated origin name; the official proper name is not translated.
FR-ORI-COTE-DE-BROUILLY,FR,Frankreich,France,France,Beaujolais,Beaujolais,Beaujolais,Beaujolais,Côte de Brouilly,appellation,AOC/AOP,AOC/AOP or IGP,protected_current,INAO and European Commission,https://www.inao.gouv.fr/,https://ec.europa.eu/agriculture/eambrosia/geographical-indications-register/,2026-09-07,69,Geschützter bzw. regulierter Herkunftsname; der offizielle Eigenname wird nicht übersetzt.,Nom d'origine protégé ou réglementé; le nom propre officiel n'est pas traduit.,Protected or regulated origin name; the official proper name is not translated.
FR-ORI-FLEURIE,FR,Frankreich,France,France,Beaujolais,Beaujolais,Beaujolais,Beaujolais,Fleurie,appellation,AOC/AOP,AOC/AOP or IGP,protected_current,INAO and European Commission,https://www.inao.gouv.fr/,https://ec.europa.eu/agriculture/eambrosia/geographical-indications-register/,2026-09-07,208,Geschützter bzw. regulierter Herkunftsname; der offizielle Eigenname wird nicht übersetzt.,Nom d'origine protégé ou réglementé; le nom propre officiel n'est pas traduit.,Protected or regulated origin name; the official proper name is not translated.
FR-ORI-MORGON,FR,Frankreich,France,France,Beaujolais,Beaujolais,Beaujolais,Beaujolais,Morgon,appellation,AOC/AOP,AOC/AOP or IGP,protected_current,INAO and European Commission,https://www.inao.gouv.fr/,https://ec.europa.eu/agriculture/eambrosia/geographical-indications-register/,2026-09-07,650,Geschützter bzw. regulierter Herkunftsname; der offizielle Eigenname wird nicht übersetzt.,Nom d'origine protégé ou réglementé; le nom propre officiel n'est pas traduit.,Protected or regulated origin name; the official proper name is not translated.
FR-ORI-MOULIN-A-VENT,FR,Frankreich,France,France,Beaujolais,Beaujolais,Beaujolais,Beaujolais,Moulin-à-Vent,appellation,AOC/AOP,AOC/AOP or IGP,protected_current,INAO and European Commission,https://www.inao.gouv.fr/,https://ec.europa.eu/agriculture/eambrosia/geographical-indications-register/,2026-09-07,368,Geschützter bzw. regulierter Herkunftsname; der offizielle Eigenname wird nicht übersetzt.,Nom d'origine protégé ou réglementé; le nom propre officiel n'est pas traduit.,Protected or regulated origin name; the official proper name is not translated.
FR-REG-BERGHEIM,FR,Frankreich,France,France,Bergheim,Bergheim,Bergheim,Bergheim,,region,Wine region (not asserted as protected appellation),AOC/AOP or IGP,regional_reference_only,INAO and European Commission,https://www.inao.gouv.fr/,https://ec.europa.eu/agriculture/eambrosia/geographical-indications-register/,2026-09-07,57,Als Weinregion für Hierarchie und Mapping geführt; nicht als geschützte Appellation behauptet.,Conservée comme région viticole pour la hiérarchie et le mapping; aucun statut d'appellation protégée n'est affirmé.,Retained as a wine-region reference for hierarchy and mapping; not asserted as a protected appellation.
FR-ORI-BARSAC,FR,Frankreich,France,France,Bordeaux,Bordeaux,Bordeaux,Bordeaux,Barsac,appellation,AOC/AOP,AOC/AOP or IGP,protected_current,INAO and European Commission,https://www.inao.gouv.fr/,https://ec.europa.eu/agriculture/eambrosia/geographical-indications-register/,2026-09-07,233,Geschützter bzw. regulierter Herkunftsname; der offizielle Eigenname wird nicht übersetzt.,Nom d'origine protégé ou réglementé; le nom propre officiel n'est pas traduit.,Protected or regulated origin name; the official proper name is not translated.
FR-ORI-BLAYE-COTES-DE-BORDEAUX,FR,Frankreich,France,France,Bordeaux,Bordeaux,Bordeaux,Bordeaux,Blaye Côtes de Bordeaux,appellation,AOC/AOP,AOC/AOP or IGP,protected_current,INAO and European Commission,https://www.inao.gouv.fr/,https://ec.europa.eu/agriculture/eambrosia/geographical-indications-register/,2026-09-07,61,Geschützter bzw. regulierter Herkunftsname; der offizielle Eigenname wird nicht übersetzt.,Nom d'origine protégé ou réglementé; le nom propre officiel n'est pas traduit.,Protected or regulated origin name; the official proper name is not translated.
FR-ORI-BORDEAUX,FR,Frankreich,France,France,Bordeaux,Bordeaux,Bordeaux,Bordeaux,Bordeaux,appellation,AOC/AOP,AOC/AOP or IGP,protected_current,INAO and European Commission,https://www.inao.gouv.fr/,https://ec.europa.eu/agriculture/eambrosia/geographical-indications-register/,2026-09-07,13952,Geschützter bzw. regulierter Herkunftsname; der offizielle Eigenname wird nicht übersetzt.,Nom d'origine protégé ou réglementé; le nom propre officiel n'est pas traduit.,Protected or regulated origin name; the official proper name is not translated.
FR-ORI-BORDEAUX-SUPERIEUR,FR,Frankreich,France,France,Bordeaux,Bordeaux,Bordeaux,Bordeaux,Bordeaux Supérieur,appellation,AOC/AOP,AOC/AOP or IGP,protected_current,INAO and European Commission,https://www.inao.gouv.fr/,https://ec.europa.eu/agriculture/eambrosia/geographical-indications-register/,2026-09-07,405,Geschützter bzw. regulierter Herkunftsname; der offizielle Eigenname wird nicht übersetzt.,Nom d'origine protégé ou réglementé; le nom propre officiel n'est pas traduit.,Protected or regulated origin name; the official proper name is not translated.
FR-ORI-CADILLAC,FR,Frankreich,France,France,Bordeaux,Bordeaux,Bordeaux,Bordeaux,Cadillac,appellation,AOC/AOP,AOC/AOP or IGP,protected_current,INAO and European Commission,https://www.inao.gouv.fr/,https://ec.europa.eu/agriculture/eambrosia/geographical-indications-register/,2026-09-07,128,Geschützter bzw. regulierter Herkunftsname; der offizielle Eigenname wird nicht übersetzt.,Nom d'origine protégé ou réglementé; le nom propre officiel n'est pas traduit.,Protected or regulated origin name; the official proper name is not translated.
FR-ORI-CANON-FRONSAC,FR,Frankreich,France,France,Bordeaux,Bordeaux,Bordeaux,Bordeaux,Canon-Fronsac,appellation,AOC/AOP,AOC/AOP or IGP,protected_current,INAO and European Commission,https://www.inao.gouv.fr/,https://ec.europa.eu/agriculture/eambrosia/geographical-indications-register/,2026-09-07,151,Geschützter bzw. regulierter Herkunftsname; der offizielle Eigenname wird nicht übersetzt.,Nom d'origine protégé ou réglementé; le nom propre officiel n'est pas traduit.,Protected or regulated origin name; the official proper name is not translated.
FR-ORI-CASTILLON-COTES-DE-BORDEAUX,FR,Frankreich,France,France,Bordeaux,Bordeaux,Bordeaux,Bordeaux,Castillon Côtes de Bordeaux,appellation,AOC/AOP,AOC/AOP or IGP,protected_current,INAO and European Commission,https://www.inao.gouv.fr/,https://ec.europa.eu/agriculture/eambrosia/geographical-indications-register/,2026-09-07,444,Geschützter bzw. regulierter Herkunftsname; der offizielle Eigenname wird nicht übersetzt.,Nom d'origine protégé ou réglementé; le nom propre officiel n'est pas traduit.,Protected or regulated origin name; the official proper name is not translated.
FR-ORI-COTES-DE-BORDEAUX,FR,Frankreich,France,France,Bordeaux,Bordeaux,Bordeaux,Bordeaux,Côtes de Bordeaux,appellation,AOC/AOP,AOC/AOP or IGP,protected_current,INAO and European Commission,https://www.inao.gouv.fr/,https://ec.europa.eu/agriculture/eambrosia/geographical-indications-register/,2026-09-07,234,Geschützter bzw. regulierter Herkunftsname; der offizielle Eigenname wird nicht übersetzt.,Nom d'origine protégé ou réglementé; le nom propre officiel n'est pas traduit.,Protected or regulated origin name; the official proper name is not translated.
FR-ORI-COTES-DE-BOURG,FR,Frankreich,France,France,Bordeaux,Bordeaux,Bordeaux,Bordeaux,Côtes de Bourg,appellation,AOC/AOP,AOC/AOP or IGP,protected_current,INAO and European Commission,https://www.inao.gouv.fr/,https://ec.europa.eu/agriculture/eambrosia/geographical-indications-register/,2026-09-07,329,Geschützter bzw. regulierter Herkunftsname; der offizielle Eigenname wird nicht übersetzt.,Nom d'origine protégé ou réglementé; le nom propre officiel n'est pas traduit.,Protected or regulated origin name; the official proper name is not translated.
FR-ORI-ENTRE-DEUX-MERS,FR,Frankreich,France,France,Bordeaux,Bordeaux,Bordeaux,Bordeaux,Entre-deux-Mers,appellation,AOC/AOP,AOC/AOP or IGP,protected_current,INAO and European Commission,https://www.inao.gouv.fr/,https://ec.europa.eu/agriculture/eambrosia/geographical-indications-register/,2026-09-07,235,Geschützter bzw. regulierter Herkunftsname; der offizielle Eigenname wird nicht übersetzt.,Nom d'origine protégé ou réglementé; le nom propre officiel n'est pas traduit.,Protected or regulated origin name; the official proper name is not translated.
FR-ORI-FRANCS-COTES-DE-BORDEAUX,FR,Frankreich,France,France,Bordeaux,Bordeaux,Bordeaux,Bordeaux,Francs Côtes de Bordeaux,appellation,AOC/AOP,AOC/AOP or IGP,protected_current,INAO and European Commission,https://www.inao.gouv.fr/,https://ec.europa.eu/agriculture/eambrosia/geographical-indications-register/,2026-09-07,634,Geschützter bzw. regulierter Herkunftsname; der offizielle Eigenname wird nicht übersetzt.,Nom d'origine protégé ou réglementé; le nom propre officiel n'est pas traduit.,Protected or regulated origin name; the official proper name is not translated.
FR-ORI-FRONSAC,FR,Frankreich,France,France,Bordeaux,Bordeaux,Bordeaux,Bordeaux,Fronsac,appellation,AOC/AOP,AOC/AOP or IGP,protected_current,INAO and European Commission,https://www.inao.gouv.fr/,https://ec.europa.eu/agriculture/eambrosia/geographical-indications-register/,2026-09-07,373,Geschützter bzw. regulierter Herkunftsname; der offizielle Eigenname wird nicht übersetzt.,Nom d'origine protégé ou réglementé; le nom propre officiel n'est pas traduit.,Protected or regulated origin name; the official proper name is not translated.
FR-ORI-GRAVES,FR,Frankreich,France,France,Bordeaux,Bordeaux,Bordeaux,Bordeaux,Graves,appellation,AOC/AOP,AOC/AOP or IGP,protected_current,INAO and European Commission,https://www.inao.gouv.fr/,https://ec.europa.eu/agriculture/eambrosia/geographical-indications-register/,2026-09-07,2946,Geschützter bzw. regulierter Herkunftsname; der offizielle Eigenname wird nicht übersetzt.,Nom d'origine protégé ou réglementé; le nom propre officiel n'est pas traduit.,Protected or regulated origin name; the official proper name is not translated.
FR-ORI-HAUT-MEDOC,FR,Frankreich,France,France,Bordeaux,Bordeaux,Bordeaux,Bordeaux,Haut-Médoc,appellation,AOC/AOP,AOC/AOP or IGP,protected_current,INAO and European Commission,https://www.inao.gouv.fr/,https://ec.europa.eu/agriculture/eambrosia/geographical-indications-register/,2026-09-07,4487,Geschützter bzw. regulierter Herkunftsname; der offizielle Eigenname wird nicht übersetzt.,Nom d'origine protégé ou réglementé; le nom propre officiel n'est pas traduit.,Protected or regulated origin name; the official proper name is not translated.
FR-ORI-LALANDE-DE-POMEROL,FR,Frankreich,France,France,Bordeaux,Bordeaux,Bordeaux,Bordeaux,Lalande-de-Pomerol,appellation,AOC/AOP,AOC/AOP or IGP,protected_current,INAO and European Commission,https://www.inao.gouv.fr/,https://ec.europa.eu/agriculture/eambrosia/geographical-indications-register/,2026-09-07,407,Geschützter bzw. regulierter Herkunftsname; der offizielle Eigenname wird nicht übersetzt.,Nom d'origine protégé ou réglementé; le nom propre officiel n'est pas traduit.,Protected or regulated origin name; the official proper name is not translated.
FR-ORI-LISTRAC-MEDOC,FR,Frankreich,France,France,Bordeaux,Bordeaux,Bordeaux,Bordeaux,Listrac-Médoc,appellation,AOC/AOP,AOC/AOP or IGP,protected_current,INAO and European Commission,https://www.inao.gouv.fr/,https://ec.europa.eu/agriculture/eambrosia/geographical-indications-register/,2026-09-07,181,Geschützter bzw. regulierter Herkunftsname; der offizielle Eigenname wird nicht übersetzt.,Nom d'origine protégé ou réglementé; le nom propre officiel n'est pas traduit.,Protected or regulated origin name; the official proper name is not translated.
FR-ORI-LOUPIAC,FR,Frankreich,France,France,Bordeaux,Bordeaux,Bordeaux,Bordeaux,Loupiac,appellation,AOC/AOP,AOC/AOP or IGP,protected_current,INAO and European Commission,https://www.inao.gouv.fr/,https://ec.europa.eu/agriculture/eambrosia/geographical-indications-register/,2026-09-07,51,Geschützter bzw. regulierter Herkunftsname; der offizielle Eigenname wird nicht übersetzt.,Nom d'origine protégé ou réglementé; le nom propre officiel n'est pas traduit.,Protected or regulated origin name; the official proper name is not translated.
FR-ORI-LUSSAC-SAINT-EMILION,FR,Frankreich,France,France,Bordeaux,Bordeaux,Bordeaux,Bordeaux,Lussac-Saint-Émilion,appellation,AOC/AOP,AOC/AOP or IGP,protected_current,INAO and European Commission,https://www.inao.gouv.fr/,https://ec.europa.eu/agriculture/eambrosia/geographical-indications-register/,2026-09-07,115,Geschützter bzw. regulierter Herkunftsname; der offizielle Eigenname wird nicht übersetzt.,Nom d'origine protégé ou réglementé; le nom propre officiel n'est pas traduit.,Protected or regulated origin name; the official proper name is not translated.
FR-ORI-MARGAUX,FR,Frankreich,France,France,Bordeaux,Bordeaux,Bordeaux,Bordeaux,Margaux,appellation,AOC/AOP,AOC/AOP or IGP,protected_current,INAO and European Commission,https://www.inao.gouv.fr/,https://ec.europa.eu/agriculture/eambrosia/geographical-indications-register/,2026-09-07,7338,Geschützter bzw. regulierter Herkunftsname; der offizielle Eigenname wird nicht übersetzt.,Nom d'origine protégé ou réglementé; le nom propre officiel n'est pas traduit.,Protected or regulated origin name; the official proper name is not translated.
FR-ORI-MEDOC,FR,Frankreich,France,France,Bordeaux,Bordeaux,Bordeaux,Bordeaux,Médoc,appellation,AOC/AOP,AOC/AOP or IGP,protected_current,INAO and European Commission,https://www.inao.gouv.fr/,https://ec.europa.eu/agriculture/eambrosia/geographical-indications-register/,2026-09-07,1265,Geschützter bzw. regulierter Herkunftsname; der offizielle Eigenname wird nicht übersetzt.,Nom d'origine protégé ou réglementé; le nom propre officiel n'est pas traduit.,Protected or regulated origin name; the official proper name is not translated.
FR-ORI-MONTAGNE-SAINT-EMILION,FR,Frankreich,France,France,Bordeaux,Bordeaux,Bordeaux,Bordeaux,Montagne-Saint-Émilion,appellation,AOC/AOP,AOC/AOP or IGP,protected_current,INAO and European Commission,https://www.inao.gouv.fr/,https://ec.europa.eu/agriculture/eambrosia/geographical-indications-register/,2026-09-07,173,Geschützter bzw. regulierter Herkunftsname; der offizielle Eigenname wird nicht übersetzt.,Nom d'origine protégé ou réglementé; le nom propre officiel n'est pas traduit.,Protected or regulated origin name; the official proper name is not translated.
FR-ORI-MOULIS-EN-MEDOC,FR,Frankreich,France,France,Bordeaux,Bordeaux,Bordeaux,Bordeaux,Moulis-en-Médoc,appellation,AOC/AOP,AOC/AOP or IGP,protected_current,INAO and European Commission,https://www.inao.gouv.fr/,https://ec.europa.eu/agriculture/eambrosia/geographical-indications-register/,2026-09-07,609,Geschützter bzw. regulierter Herkunftsname; der offizielle Eigenname wird nicht übersetzt.,Nom d'origine protégé ou réglementé; le nom propre officiel n'est pas traduit.,Protected or regulated origin name; the official proper name is not translated.
FR-ORI-PAUILLAC,FR,Frankreich,France,France,Bordeaux,Bordeaux,Bordeaux,Bordeaux,Pauillac,appellation,AOC/AOP,AOC/AOP or IGP,protected_current,INAO and European Commission,https://www.inao.gouv.fr/,https://ec.europa.eu/agriculture/eambrosia/geographical-indications-register/,2026-09-07,14728,Geschützter bzw. regulierter Herkunftsname; der offizielle Eigenname wird nicht übersetzt.,Nom d'origine protégé ou réglementé; le nom propre officiel n'est pas traduit.,Protected or regulated origin name; the official proper name is not translated.
FR-ORI-PESSAC-LEOGNAN,FR,Frankreich,France,France,Bordeaux,Bordeaux,Bordeaux,Bordeaux,Pessac-Léognan,appellation,AOC/AOP,AOC/AOP or IGP,protected_current,INAO and European Commission,https://www.inao.gouv.fr/,https://ec.europa.eu/agriculture/eambrosia/geographical-indications-register/,2026-09-07,2655,Geschützter bzw. regulierter Herkunftsname; der offizielle Eigenname wird nicht übersetzt.,Nom d'origine protégé ou réglementé; le nom propre officiel n'est pas traduit.,Protected or regulated origin name; the official proper name is not translated.
FR-ORI-POMEROL,FR,Frankreich,France,France,Bordeaux,Bordeaux,Bordeaux,Bordeaux,Pomerol,appellation,AOC/AOP,AOC/AOP or IGP,protected_current,INAO and European Commission,https://www.inao.gouv.fr/,https://ec.europa.eu/agriculture/eambrosia/geographical-indications-register/,2026-09-07,8491,Geschützter bzw. regulierter Herkunftsname; der offizielle Eigenname wird nicht übersetzt.,Nom d'origine protégé ou réglementé; le nom propre officiel n'est pas traduit.,Protected or regulated origin name; the official proper name is not translated.
FR-ORI-PUISSEGUIN-SAINT-EMILION,FR,Frankreich,France,France,Bordeaux,Bordeaux,Bordeaux,Bordeaux,Puisseguin-Saint-Émilion,appellation,AOC/AOP,AOC/AOP or IGP,protected_current,INAO and European Commission,https://www.inao.gouv.fr/,https://ec.europa.eu/agriculture/eambrosia/geographical-indications-register/,2026-09-07,188,Geschützter bzw. regulierter Herkunftsname; der offizielle Eigenname wird nicht übersetzt.,Nom d'origine protégé ou réglementé; le nom propre officiel n'est pas traduit.,Protected or regulated origin name; the official proper name is not translated.
FR-ORI-SAINT-EMILION,FR,Frankreich,France,France,Bordeaux,Bordeaux,Bordeaux,Bordeaux,Saint-Émilion,appellation,AOC/AOP,AOC/AOP or IGP,protected_current,INAO and European Commission,https://www.inao.gouv.fr/,https://ec.europa.eu/agriculture/eambrosia/geographical-indications-register/,2026-09-07,7807,Geschützter bzw. regulierter Herkunftsname; der offizielle Eigenname wird nicht übersetzt.,Nom d'origine protégé ou réglementé; le nom propre officiel n'est pas traduit.,Protected or regulated origin name; the official proper name is not translated.
FR-ORI-SAINT-EMILION-GRAND-CRU,FR,Frankreich,France,France,Bordeaux,Bordeaux,Bordeaux,Bordeaux,Saint-Émilion Grand Cru,appellation,AOC/AOP,AOC/AOP or IGP,protected_current,INAO and European Commission,https://www.inao.gouv.fr/,https://ec.europa.eu/agriculture/eambrosia/geographical-indications-register/,2026-09-07,1459,Geschützter bzw. regulierter Herkunftsname; der offizielle Eigenname wird nicht übersetzt.,Nom d'origine protégé ou réglementé; le nom propre officiel n'est pas traduit.,Protected or regulated origin name; the official proper name is not translated.
FR-ORI-SAINT-ESTEPHE,FR,Frankreich,France,France,Bordeaux,Bordeaux,Bordeaux,Bordeaux,Saint-Estèphe,appellation,AOC/AOP,AOC/AOP or IGP,protected_current,INAO and European Commission,https://www.inao.gouv.fr/,https://ec.europa.eu/agriculture/eambrosia/geographical-indications-register/,2026-09-07,4968,Geschützter bzw. regulierter Herkunftsname; der offizielle Eigenname wird nicht übersetzt.,Nom d'origine protégé ou réglementé; le nom propre officiel n'est pas traduit.,Protected or regulated origin name; the official proper name is not translated.
FR-ORI-SAINT-GEORGES-SAINT-EMILION,FR,Frankreich,France,France,Bordeaux,Bordeaux,Bordeaux,Bordeaux,Saint-Georges-Saint-Émilion,appellation,AOC/AOP,AOC/AOP or IGP,protected_current,INAO and European Commission,https://www.inao.gouv.fr/,https://ec.europa.eu/agriculture/eambrosia/geographical-indications-register/,2026-09-07,33,Geschützter bzw. regulierter Herkunftsname; der offizielle Eigenname wird nicht übersetzt.,Nom d'origine protégé ou réglementé; le nom propre officiel n'est pas traduit.,Protected or regulated origin name; the official proper name is not translated.
FR-ORI-SAINT-JULIEN,FR,Frankreich,France,France,Bordeaux,Bordeaux,Bordeaux,Bordeaux,Saint-Julien,appellation,AOC/AOP,AOC/AOP or IGP,protected_current,INAO and European Commission,https://www.inao.gouv.fr/,https://ec.europa.eu/agriculture/eambrosia/geographical-indications-register/,2026-09-07,8640,Geschützter bzw. regulierter Herkunftsname; der offizielle Eigenname wird nicht übersetzt.,Nom d'origine protégé ou réglementé; le nom propre officiel n'est pas traduit.,Protected or regulated origin name; the official proper name is not translated.
FR-ORI-SAINTE-FOY-BORDEAUX,FR,Frankreich,France,France,Bordeaux,Bordeaux,Bordeaux,Bordeaux,Sainte-Foy-Bordeaux,appellation,AOC/AOP,AOC/AOP or IGP,protected_current,INAO and European Commission,https://www.inao.gouv.fr/,https://ec.europa.eu/agriculture/eambrosia/geographical-indications-register/,2026-09-07,42,Geschützter bzw. regulierter Herkunftsname; der offizielle Eigenname wird nicht übersetzt.,Nom d'origine protégé ou réglementé; le nom propre officiel n'est pas traduit.,Protected or regulated origin name; the official proper name is not translated.
FR-ORI-SAUTERNES,FR,Frankreich,France,France,Bordeaux,Bordeaux,Bordeaux,Bordeaux,Sauternes,appellation,AOC/AOP,AOC/AOP or IGP,protected_current,INAO and European Commission,https://www.inao.gouv.fr/,https://ec.europa.eu/agriculture/eambrosia/geographical-indications-register/,2026-09-07,6588,Geschützter bzw. regulierter Herkunftsname; der offizielle Eigenname wird nicht übersetzt.,Nom d'origine protégé ou réglementé; le nom propre officiel n'est pas traduit.,Protected or regulated origin name; the official proper name is not translated.
FR-ORI-ALOXE-CORTON,FR,Frankreich,France,France,Bourgogne,Burgund,Bourgogne,Burgundy,Aloxe-Corton,appellation,AOC/AOP,AOC/AOP or IGP,protected_current,INAO and European Commission,https://www.inao.gouv.fr/,https://ec.europa.eu/agriculture/eambrosia/geographical-indications-register/,2026-09-07,706,Geschützter bzw. regulierter Herkunftsname; der offizielle Eigenname wird nicht übersetzt.,Nom d'origine protégé ou réglementé; le nom propre officiel n'est pas traduit.,Protected or regulated origin name; the official proper name is not translated.
FR-ORI-AUXEY-DURESSES,FR,Frankreich,France,France,Bourgogne,Burgund,Bourgogne,Burgundy,Auxey-Duresses,appellation,AOC/AOP,AOC/AOP or IGP,protected_current,INAO and European Commission,https://www.inao.gouv.fr/,https://ec.europa.eu/agriculture/eambrosia/geographical-indications-register/,2026-09-07,599,Geschützter bzw. regulierter Herkunftsname; der offizielle Eigenname wird nicht übersetzt.,Nom d'origine protégé ou réglementé; le nom propre officiel n'est pas traduit.,Protected or regulated origin name; the official proper name is not translated.
FR-ORI-BATARD-MONTRACHET,FR,Frankreich,France,France,Bourgogne,Burgund,Bourgogne,Burgundy,Bâtard-Montrachet,appellation,AOC/AOP,AOC/AOP or IGP,protected_current,INAO and European Commission,https://www.inao.gouv.fr/,https://ec.europa.eu/agriculture/eambrosia/geographical-indications-register/,2026-09-07,1113,Geschützter bzw. regulierter Herkunftsname; der offizielle Eigenname wird nicht übersetzt.,Nom d'origine protégé ou réglementé; le nom propre officiel n'est pas traduit.,Protected or regulated origin name; the official proper name is not translated.
FR-ORI-BEAUNE,FR,Frankreich,France,France,Bourgogne,Burgund,Bourgogne,Burgundy,Beaune,appellation,AOC/AOP,AOC/AOP or IGP,protected_current,INAO and European Commission,https://www.inao.gouv.fr/,https://ec.europa.eu/agriculture/eambrosia/geographical-indications-register/,2026-09-07,3223,Geschützter bzw. regulierter Herkunftsname; der offizielle Eigenname wird nicht übersetzt.,Nom d'origine protégé ou réglementé; le nom propre officiel n'est pas traduit.,Protected or regulated origin name; the official proper name is not translated.
FR-ORI-BIENVENUES-BATARD-MONTRACHET,FR,Frankreich,France,France,Bourgogne,Burgund,Bourgogne,Burgundy,Bienvenues-Bâtard-Montrachet,appellation,AOC/AOP,AOC/AOP or IGP,protected_current,INAO and European Commission,https://www.inao.gouv.fr/,https://ec.europa.eu/agriculture/eambrosia/geographical-indications-register/,2026-09-07,379,Geschützter bzw. regulierter Herkunftsname; der offizielle Eigenname wird nicht übersetzt.,Nom d'origine protégé ou réglementé; le nom propre officiel n'est pas traduit.,Protected or regulated origin name; the official proper name is not translated.
FR-ORI-BONNES-MARES,FR,Frankreich,France,France,Bourgogne,Burgund,Bourgogne,Burgundy,Bonnes-Mares,appellation,AOC/AOP,AOC/AOP or IGP,protected_current,INAO and European Commission,https://www.inao.gouv.fr/,https://ec.europa.eu/agriculture/eambrosia/geographical-indications-register/,2026-09-07,1400,Geschützter bzw. regulierter Herkunftsname; der offizielle Eigenname wird nicht übersetzt.,Nom d'origine protégé ou réglementé; le nom propre officiel n'est pas traduit.,Protected or regulated origin name; the official proper name is not translated.
FR-ORI-BOURGOGNE,FR,Frankreich,France,France,Bourgogne,Burgund,Bourgogne,Burgundy,Bourgogne,appellation,AOC/AOP,AOC/AOP or IGP,protected_current,INAO and European Commission,https://www.inao.gouv.fr/,https://ec.europa.eu/agriculture/eambrosia/geographical-indications-register/,2026-09-07,56484,Geschützter bzw. regulierter Herkunftsname; der offizielle Eigenname wird nicht übersetzt.,Nom d'origine protégé ou réglementé; le nom propre officiel n'est pas traduit.,Protected or regulated origin name; the official proper name is not translated.
FR-ORI-BOURGOGNE-ALIGOTE,FR,Frankreich,France,France,Bourgogne,Burgund,Bourgogne,Burgundy,Bourgogne Aligoté,appellation,AOC/AOP,AOC/AOP or IGP,protected_current,INAO and European Commission,https://www.inao.gouv.fr/,https://ec.europa.eu/agriculture/eambrosia/geographical-indications-register/,2026-09-07,986,Geschützter bzw. regulierter Herkunftsname; der offizielle Eigenname wird nicht übersetzt.,Nom d'origine protégé ou réglementé; le nom propre officiel n'est pas traduit.,Protected or regulated origin name; the official proper name is not translated.
FR-ORI-BOURGOGNE-COTE-CHALONNAISE,FR,Frankreich,France,France,Bourgogne,Burgund,Bourgogne,Burgundy,Bourgogne Côte Chalonnaise,legal_subdesignation,AOC/AOP geographical denomination,AOC/AOP or IGP,protected_current,INAO and European Commission,https://www.inao.gouv.fr/,https://ec.europa.eu/agriculture/eambrosia/geographical-indications-register/,2026-09-07,2,Geschützter bzw. regulierter Herkunftsname; der offizielle Eigenname wird nicht übersetzt.,Nom d'origine protégé ou réglementé; le nom propre officiel n'est pas traduit.,Protected or regulated origin name; the official proper name is not translated.
FR-ORI-BOURGOGNE-COTE-D-OR,FR,Frankreich,France,France,Bourgogne,Burgund,Bourgogne,Burgundy,Bourgogne Côte d'Or,legal_subdesignation,AOC/AOP geographical denomination,AOC/AOP or IGP,protected_current,INAO and European Commission,https://www.inao.gouv.fr/,https://ec.europa.eu/agriculture/eambrosia/geographical-indications-register/,2026-09-07,385,Geschützter bzw. regulierter Herkunftsname; der offizielle Eigenname wird nicht übersetzt.,Nom d'origine protégé ou réglementé; le nom propre officiel n'est pas traduit.,Protected or regulated origin name; the official proper name is not translated.
FR-ORI-BOURGOGNE-COTES-D-AUXERRE,FR,Frankreich,France,France,Bourgogne,Burgund,Bourgogne,Burgundy,Bourgogne Côtes d'Auxerre,legal_subdesignation,AOC/AOP geographical denomination,AOC/AOP or IGP,protected_current,INAO and European Commission,https://www.inao.gouv.fr/,https://ec.europa.eu/agriculture/eambrosia/geographical-indications-register/,2026-09-07,192,Geschützter bzw. regulierter Herkunftsname; der offizielle Eigenname wird nicht übersetzt.,Nom d'origine protégé ou réglementé; le nom propre officiel n'est pas traduit.,Protected or regulated origin name; the official proper name is not translated.
FR-ORI-BOURGOGNE-HAUTES-COTES-DE-BEAUNE,FR,Frankreich,France,France,Bourgogne,Burgund,Bourgogne,Burgundy,Bourgogne Hautes Côtes de Beaune,appellation,AOC/AOP,AOC/AOP or IGP,protected_current,INAO and European Commission,https://www.inao.gouv.fr/,https://ec.europa.eu/agriculture/eambrosia/geographical-indications-register/,2026-09-07,202,Geschützter bzw. regulierter Herkunftsname; der offizielle Eigenname wird nicht übersetzt.,Nom d'origine protégé ou réglementé; le nom propre officiel n'est pas traduit.,Protected or regulated origin name; the official proper name is not translated.
FR-ORI-BOURGOGNE-HAUTES-COTES-DE-NUITS,FR,Frankreich,France,France,Bourgogne,Burgund,Bourgogne,Burgundy,Bourgogne Hautes Côtes de Nuits,appellation,AOC/AOP,AOC/AOP or IGP,protected_current,INAO and European Commission,https://www.inao.gouv.fr/,https://ec.europa.eu/agriculture/eambrosia/geographical-indications-register/,2026-09-07,28,Geschützter bzw. regulierter Herkunftsname; der offizielle Eigenname wird nicht übersetzt.,Nom d'origine protégé ou réglementé; le nom propre officiel n'est pas traduit.,Protected or regulated origin name; the official proper name is not translated.
FR-ORI-BOURGOGNE-MONTRECUL,FR,Frankreich,France,France,Bourgogne,Burgund,Bourgogne,Burgundy,Bourgogne Montrecul,legal_subdesignation,AOC/AOP geographical denomination,AOC/AOP or IGP,protected_current,INAO and European Commission,https://www.inao.gouv.fr/,https://ec.europa.eu/agriculture/eambrosia/geographical-indications-register/,2026-09-07,26,Geschützter bzw. regulierter Herkunftsname; der offizielle Eigenname wird nicht übersetzt.,Nom d'origine protégé ou réglementé; le nom propre officiel n'est pas traduit.,Protected or regulated origin name; the official proper name is not translated.
FR-ORI-BOURGOGNE-PASSE-TOUT-GRAINS,FR,Frankreich,France,France,Bourgogne,Burgund,Bourgogne,Burgundy,Bourgogne Passe-tout-grains,appellation,AOC/AOP,AOC/AOP or IGP,protected_current,INAO and European Commission,https://www.inao.gouv.fr/,https://ec.europa.eu/agriculture/eambrosia/geographical-indications-register/,2026-09-07,114,Geschützter bzw. regulierter Herkunftsname; der offizielle Eigenname wird nicht übersetzt.,Nom d'origine protégé ou réglementé; le nom propre officiel n'est pas traduit.,Protected or regulated origin name; the official proper name is not translated.
FR-ORI-BOUZERON,FR,Frankreich,France,France,Bourgogne,Burgund,Bourgogne,Burgundy,Bouzeron,appellation,AOC/AOP,AOC/AOP or IGP,protected_current,INAO and European Commission,https://www.inao.gouv.fr/,https://ec.europa.eu/agriculture/eambrosia/geographical-indications-register/,2026-09-07,57,Geschützter bzw. regulierter Herkunftsname; der offizielle Eigenname wird nicht übersetzt.,Nom d'origine protégé ou réglementé; le nom propre officiel n'est pas traduit.,Protected or regulated origin name; the official proper name is not translated.
FR-ORI-CHABLIS,FR,Frankreich,France,France,Bourgogne,Burgund,Bourgogne,Burgundy,Chablis,appellation,AOC/AOP,AOC/AOP or IGP,protected_current,INAO and European Commission,https://www.inao.gouv.fr/,https://ec.europa.eu/agriculture/eambrosia/geographical-indications-register/,2026-09-07,8591,Geschützter bzw. regulierter Herkunftsname; der offizielle Eigenname wird nicht übersetzt.,Nom d'origine protégé ou réglementé; le nom propre officiel n'est pas traduit.,Protected or regulated origin name; the official proper name is not translated.
FR-ORI-CHAMBERTIN,FR,Frankreich,France,France,Bourgogne,Burgund,Bourgogne,Burgundy,Chambertin,appellation,AOC/AOP,AOC/AOP or IGP,protected_current,INAO and European Commission,https://www.inao.gouv.fr/,https://ec.europa.eu/agriculture/eambrosia/geographical-indications-register/,2026-09-07,1674,Geschützter bzw. regulierter Herkunftsname; der offizielle Eigenname wird nicht übersetzt.,Nom d'origine protégé ou réglementé; le nom propre officiel n'est pas traduit.,Protected or regulated origin name; the official proper name is not translated.
FR-ORI-CHAMBERTIN-CLOS-DE-BEZE,FR,Frankreich,France,France,Bourgogne,Burgund,Bourgogne,Burgundy,Chambertin-Clos de Bèze,appellation,AOC/AOP,AOC/AOP or IGP,protected_current,INAO and European Commission,https://www.inao.gouv.fr/,https://ec.europa.eu/agriculture/eambrosia/geographical-indications-register/,2026-09-07,1459,Geschützter bzw. regulierter Herkunftsname; der offizielle Eigenname wird nicht übersetzt.,Nom d'origine protégé ou réglementé; le nom propre officiel n'est pas traduit.,Protected or regulated origin name; the official proper name is not translated.
FR-ORI-CHAMBOLLE-MUSIGNY,FR,Frankreich,France,France,Bourgogne,Burgund,Bourgogne,Burgundy,Chambolle-Musigny,appellation,AOC/AOP,AOC/AOP or IGP,protected_current,INAO and European Commission,https://www.inao.gouv.fr/,https://ec.europa.eu/agriculture/eambrosia/geographical-indications-register/,2026-09-07,6106,Geschützter bzw. regulierter Herkunftsname; der offizielle Eigenname wird nicht übersetzt.,Nom d'origine protégé ou réglementé; le nom propre officiel n'est pas traduit.,Protected or regulated origin name; the official proper name is not translated.
FR-ORI-CHAPELLE-CHAMBERTIN,FR,Frankreich,France,France,Bourgogne,Burgund,Bourgogne,Burgundy,Chapelle-Chambertin,appellation,AOC/AOP,AOC/AOP or IGP,protected_current,INAO and European Commission,https://www.inao.gouv.fr/,https://ec.europa.eu/agriculture/eambrosia/geographical-indications-register/,2026-09-07,276,Geschützter bzw. regulierter Herkunftsname; der offizielle Eigenname wird nicht übersetzt.,Nom d'origine protégé ou réglementé; le nom propre officiel n'est pas traduit.,Protected or regulated origin name; the official proper name is not translated.
FR-ORI-CHARMES-CHAMBERTIN,FR,Frankreich,France,France,Bourgogne,Burgund,Bourgogne,Burgundy,Charmes-Chambertin,appellation,AOC/AOP,AOC/AOP or IGP,protected_current,INAO and European Commission,https://www.inao.gouv.fr/,https://ec.europa.eu/agriculture/eambrosia/geographical-indications-register/,2026-09-07,1902,Geschützter bzw. regulierter Herkunftsname; der offizielle Eigenname wird nicht übersetzt.,Nom d'origine protégé ou réglementé; le nom propre officiel n'est pas traduit.,Protected or regulated origin name; the official proper name is not translated.
FR-ORI-CHASSAGNE-MONTRACHET,FR,Frankreich,France,France,Bourgogne,Burgund,Bourgogne,Burgundy,Chassagne-Montrachet,appellation,AOC/AOP,AOC/AOP or IGP,protected_current,INAO and European Commission,https://www.inao.gouv.fr/,https://ec.europa.eu/agriculture/eambrosia/geographical-indications-register/,2026-09-07,5884,Geschützter bzw. regulierter Herkunftsname; der offizielle Eigenname wird nicht übersetzt.,Nom d'origine protégé ou réglementé; le nom propre officiel n'est pas traduit.,Protected or regulated origin name; the official proper name is not translated.
FR-ORI-CHEVALIER-MONTRACHET,FR,Frankreich,France,France,Bourgogne,Burgund,Bourgogne,Burgundy,Chevalier-Montrachet,appellation,AOC/AOP,AOC/AOP or IGP,protected_current,INAO and European Commission,https://www.inao.gouv.fr/,https://ec.europa.eu/agriculture/eambrosia/geographical-indications-register/,2026-09-07,557,Geschützter bzw. regulierter Herkunftsname; der offizielle Eigenname wird nicht übersetzt.,Nom d'origine protégé ou réglementé; le nom propre officiel n'est pas traduit.,Protected or regulated origin name; the official proper name is not translated.
FR-ORI-CHOREY-LES-BEAUNE,FR,Frankreich,France,France,Bourgogne,Burgund,Bourgogne,Burgundy,Chorey-lès-Beaune,appellation,AOC/AOP,AOC/AOP or IGP,protected_current,INAO and European Commission,https://www.inao.gouv.fr/,https://ec.europa.eu/agriculture/eambrosia/geographical-indications-register/,2026-09-07,178,Geschützter bzw. regulierter Herkunftsname; der offizielle Eigenname wird nicht übersetzt.,Nom d'origine protégé ou réglementé; le nom propre officiel n'est pas traduit.,Protected or regulated origin name; the official proper name is not translated.
FR-ORI-CLOS-DE-LA-ROCHE,FR,Frankreich,France,France,Bourgogne,Burgund,Bourgogne,Burgundy,Clos de la Roche,appellation,AOC/AOP,AOC/AOP or IGP,protected_current,INAO and European Commission,https://www.inao.gouv.fr/,https://ec.europa.eu/agriculture/eambrosia/geographical-indications-register/,2026-09-07,1211,Geschützter bzw. regulierter Herkunftsname; der offizielle Eigenname wird nicht übersetzt.,Nom d'origine protégé ou réglementé; le nom propre officiel n'est pas traduit.,Protected or regulated origin name; the official proper name is not translated.
FR-ORI-CLOS-DE-TART,FR,Frankreich,France,France,Bourgogne,Burgund,Bourgogne,Burgundy,Clos de Tart,appellation,AOC/AOP,AOC/AOP or IGP,protected_current,INAO and European Commission,https://www.inao.gouv.fr/,https://ec.europa.eu/agriculture/eambrosia/geographical-indications-register/,2026-09-07,100,Geschützter bzw. regulierter Herkunftsname; der offizielle Eigenname wird nicht übersetzt.,Nom d'origine protégé ou réglementé; le nom propre officiel n'est pas traduit.,Protected or regulated origin name; the official proper name is not translated.
FR-ORI-CLOS-DE-VOUGEOT,FR,Frankreich,France,France,Bourgogne,Burgund,Bourgogne,Burgundy,Clos de Vougeot,appellation,AOC/AOP,AOC/AOP or IGP,protected_current,INAO and European Commission,https://www.inao.gouv.fr/,https://ec.europa.eu/agriculture/eambrosia/geographical-indications-register/,2026-09-07,2725,Geschützter bzw. regulierter Herkunftsname; der offizielle Eigenname wird nicht übersetzt.,Nom d'origine protégé ou réglementé; le nom propre officiel n'est pas traduit.,Protected or regulated origin name; the official proper name is not translated.
FR-ORI-CLOS-DES-LAMBRAYS,FR,Frankreich,France,France,Bourgogne,Burgund,Bourgogne,Burgundy,Clos des Lambrays,appellation,AOC/AOP,AOC/AOP or IGP,protected_current,INAO and European Commission,https://www.inao.gouv.fr/,https://ec.europa.eu/agriculture/eambrosia/geographical-indications-register/,2026-09-07,81,Geschützter bzw. regulierter Herkunftsname; der offizielle Eigenname wird nicht übersetzt.,Nom d'origine protégé ou réglementé; le nom propre officiel n'est pas traduit.,Protected or regulated origin name; the official proper name is not translated.
FR-ORI-CLOS-SAINT-DENIS,FR,Frankreich,France,France,Bourgogne,Burgund,Bourgogne,Burgundy,Clos Saint-Denis,appellation,AOC/AOP,AOC/AOP or IGP,protected_current,INAO and European Commission,https://www.inao.gouv.fr/,https://ec.europa.eu/agriculture/eambrosia/geographical-indications-register/,2026-09-07,569,Geschützter bzw. regulierter Herkunftsname; der offizielle Eigenname wird nicht übersetzt.,Nom d'origine protégé ou réglementé; le nom propre officiel n'est pas traduit.,Protected or regulated origin name; the official proper name is not translated.
FR-ORI-CORTON,FR,Frankreich,France,France,Bourgogne,Burgund,Bourgogne,Burgundy,Corton,appellation,AOC/AOP,AOC/AOP or IGP,protected_current,INAO and European Commission,https://www.inao.gouv.fr/,https://ec.europa.eu/agriculture/eambrosia/geographical-indications-register/,2026-09-07,2720,Geschützter bzw. regulierter Herkunftsname; der offizielle Eigenname wird nicht übersetzt.,Nom d'origine protégé ou réglementé; le nom propre officiel n'est pas traduit.,Protected or regulated origin name; the official proper name is not translated.
FR-ORI-CORTON-CHARLEMAGNE,FR,Frankreich,France,France,Bourgogne,Burgund,Bourgogne,Burgundy,Corton-Charlemagne,appellation,AOC/AOP,AOC/AOP or IGP,protected_current,INAO and European Commission,https://www.inao.gouv.fr/,https://ec.europa.eu/agriculture/eambrosia/geographical-indications-register/,2026-09-07,1661,Geschützter bzw. regulierter Herkunftsname; der offizielle Eigenname wird nicht übersetzt.,Nom d'origine protégé ou réglementé; le nom propre officiel n'est pas traduit.,Protected or regulated origin name; the official proper name is not translated.
FR-ORI-COTE-DE-NUITS-VILLAGES,FR,Frankreich,France,France,Bourgogne,Burgund,Bourgogne,Burgundy,Côte de Nuits-Villages,appellation,AOC/AOP,AOC/AOP or IGP,protected_current,INAO and European Commission,https://www.inao.gouv.fr/,https://ec.europa.eu/agriculture/eambrosia/geographical-indications-register/,2026-09-07,217,Geschützter bzw. regulierter Herkunftsname; der offizielle Eigenname wird nicht übersetzt.,Nom d'origine protégé ou réglementé; le nom propre officiel n'est pas traduit.,Protected or regulated origin name; the official proper name is not translated.
FR-ORI-CRIOTS-BATARD-MONTRACHET,FR,Frankreich,France,France,Bourgogne,Burgund,Bourgogne,Burgundy,Criots-Bâtard-Montrachet,appellation,AOC/AOP,AOC/AOP or IGP,protected_current,INAO and European Commission,https://www.inao.gouv.fr/,https://ec.europa.eu/agriculture/eambrosia/geographical-indications-register/,2026-09-07,166,Geschützter bzw. regulierter Herkunftsname; der offizielle Eigenname wird nicht übersetzt.,Nom d'origine protégé ou réglementé; le nom propre officiel n'est pas traduit.,Protected or regulated origin name; the official proper name is not translated.
FR-ORI-ECHEZEAUX,FR,Frankreich,France,France,Bourgogne,Burgund,Bourgogne,Burgundy,Échezeaux,appellation,AOC/AOP,AOC/AOP or IGP,protected_current,INAO and European Commission,https://www.inao.gouv.fr/,https://ec.europa.eu/agriculture/eambrosia/geographical-indications-register/,2026-09-07,1536,Geschützter bzw. regulierter Herkunftsname; der offizielle Eigenname wird nicht übersetzt.,Nom d'origine protégé ou réglementé; le nom propre officiel n'est pas traduit.,Protected or regulated origin name; the official proper name is not translated.
FR-ORI-FIXIN,FR,Frankreich,France,France,Bourgogne,Burgund,Bourgogne,Burgundy,Fixin,appellation,AOC/AOP,AOC/AOP or IGP,protected_current,INAO and European Commission,https://www.inao.gouv.fr/,https://ec.europa.eu/agriculture/eambrosia/geographical-indications-register/,2026-09-07,178,Geschützter bzw. regulierter Herkunftsname; der offizielle Eigenname wird nicht übersetzt.,Nom d'origine protégé ou réglementé; le nom propre officiel n'est pas traduit.,Protected or regulated origin name; the official proper name is not translated.
FR-ORI-GEVREY-CHAMBERTIN,FR,Frankreich,France,France,Bourgogne,Burgund,Bourgogne,Burgundy,Gevrey-Chambertin,appellation,AOC/AOP,AOC/AOP or IGP,protected_current,INAO and European Commission,https://www.inao.gouv.fr/,https://ec.europa.eu/agriculture/eambrosia/geographical-indications-register/,2026-09-07,6259,Geschützter bzw. regulierter Herkunftsname; der offizielle Eigenname wird nicht übersetzt.,Nom d'origine protégé ou réglementé; le nom propre officiel n'est pas traduit.,Protected or regulated origin name; the official proper name is not translated.
FR-ORI-GIVRY,FR,Frankreich,France,France,Bourgogne,Burgund,Bourgogne,Burgundy,Givry,appellation,AOC/AOP,AOC/AOP or IGP,protected_current,INAO and European Commission,https://www.inao.gouv.fr/,https://ec.europa.eu/agriculture/eambrosia/geographical-indications-register/,2026-09-07,302,Geschützter bzw. regulierter Herkunftsname; der offizielle Eigenname wird nicht übersetzt.,Nom d'origine protégé ou réglementé; le nom propre officiel n'est pas traduit.,Protected or regulated origin name; the official proper name is not translated.
FR-ORI-GRANDS-ECHEZEAUX,FR,Frankreich,France,France,Bourgogne,Burgund,Bourgogne,Burgundy,Grands Échezeaux,appellation,AOC/AOP,AOC/AOP or IGP,protected_current,INAO and European Commission,https://www.inao.gouv.fr/,https://ec.europa.eu/agriculture/eambrosia/geographical-indications-register/,2026-09-07,713,Geschützter bzw. regulierter Herkunftsname; der offizielle Eigenname wird nicht übersetzt.,Nom d'origine protégé ou réglementé; le nom propre officiel n'est pas traduit.,Protected or regulated origin name; the official proper name is not translated.
FR-ORI-GRIOTTE-CHAMBERTIN,FR,Frankreich,France,France,Bourgogne,Burgund,Bourgogne,Burgundy,Griotte-Chambertin,appellation,AOC/AOP,AOC/AOP or IGP,protected_current,INAO and European Commission,https://www.inao.gouv.fr/,https://ec.europa.eu/agriculture/eambrosia/geographical-indications-register/,2026-09-07,163,Geschützter bzw. regulierter Herkunftsname; der offizielle Eigenname wird nicht übersetzt.,Nom d'origine protégé ou réglementé; le nom propre officiel n'est pas traduit.,Protected or regulated origin name; the official proper name is not translated.
FR-ORI-LA-GRANDE-RUE,FR,Frankreich,France,France,Bourgogne,Burgund,Bourgogne,Burgundy,La Grande Rue,appellation,AOC/AOP,AOC/AOP or IGP,protected_current,INAO and European Commission,https://www.inao.gouv.fr/,https://ec.europa.eu/agriculture/eambrosia/geographical-indications-register/,2026-09-07,124,Geschützter bzw. regulierter Herkunftsname; der offizielle Eigenname wird nicht übersetzt.,Nom d'origine protégé ou réglementé; le nom propre officiel n'est pas traduit.,Protected or regulated origin name; the official proper name is not translated.
FR-ORI-LA-ROMANEE,FR,Frankreich,France,France,Bourgogne,Burgund,Bourgogne,Burgundy,La Romanée,appellation,AOC/AOP,AOC/AOP or IGP,protected_current,INAO and European Commission,https://www.inao.gouv.fr/,https://ec.europa.eu/agriculture/eambrosia/geographical-indications-register/,2026-09-07,49,Geschützter bzw. regulierter Herkunftsname; der offizielle Eigenname wird nicht übersetzt.,Nom d'origine protégé ou réglementé; le nom propre officiel n'est pas traduit.,Protected or regulated origin name; the official proper name is not translated.
FR-ORI-LA-TACHE,FR,Frankreich,France,France,Bourgogne,Burgund,Bourgogne,Burgundy,La Tâche,appellation,AOC/AOP,AOC/AOP or IGP,protected_current,INAO and European Commission,https://www.inao.gouv.fr/,https://ec.europa.eu/agriculture/eambrosia/geographical-indications-register/,2026-09-07,601,Geschützter bzw. regulierter Herkunftsname; der offizielle Eigenname wird nicht übersetzt.,Nom d'origine protégé ou réglementé; le nom propre officiel n'est pas traduit.,Protected or regulated origin name; the official proper name is not translated.
FR-ORI-LADOIX,FR,Frankreich,France,France,Bourgogne,Burgund,Bourgogne,Burgundy,Ladoix,appellation,AOC/AOP,AOC/AOP or IGP,protected_current,INAO and European Commission,https://www.inao.gouv.fr/,https://ec.europa.eu/agriculture/eambrosia/geographical-indications-register/,2026-09-07,63,Geschützter bzw. regulierter Herkunftsname; der offizielle Eigenname wird nicht übersetzt.,Nom d'origine protégé ou réglementé; le nom propre officiel n'est pas traduit.,Protected or regulated origin name; the official proper name is not translated.
FR-ORI-LATRICIERES-CHAMBERTIN,FR,Frankreich,France,France,Bourgogne,Burgund,Bourgogne,Burgundy,Latricières-Chambertin,appellation,AOC/AOP,AOC/AOP or IGP,protected_current,INAO and European Commission,https://www.inao.gouv.fr/,https://ec.europa.eu/agriculture/eambrosia/geographical-indications-register/,2026-09-07,308,Geschützter bzw. regulierter Herkunftsname; der offizielle Eigenname wird nicht übersetzt.,Nom d'origine protégé ou réglementé; le nom propre officiel n'est pas traduit.,Protected or regulated origin name; the official proper name is not translated.
FR-ORI-MACON-VILLAGES,FR,Frankreich,France,France,Bourgogne,Burgund,Bourgogne,Burgundy,Mâcon-Villages,appellation,AOC/AOP,AOC/AOP or IGP,protected_current,INAO and European Commission,https://www.inao.gouv.fr/,https://ec.europa.eu/agriculture/eambrosia/geographical-indications-register/,2026-09-07,94,Geschützter bzw. regulierter Herkunftsname; der offizielle Eigenname wird nicht übersetzt.,Nom d'origine protégé ou réglementé; le nom propre officiel n'est pas traduit.,Protected or regulated origin name; the official proper name is not translated.
FR-ORI-MARANGES,FR,Frankreich,France,France,Bourgogne,Burgund,Bourgogne,Burgundy,Maranges,appellation,AOC/AOP,AOC/AOP or IGP,protected_current,INAO and European Commission,https://www.inao.gouv.fr/,https://ec.europa.eu/agriculture/eambrosia/geographical-indications-register/,2026-09-07,51,Geschützter bzw. regulierter Herkunftsname; der offizielle Eigenname wird nicht übersetzt.,Nom d'origine protégé ou réglementé; le nom propre officiel n'est pas traduit.,Protected or regulated origin name; the official proper name is not translated.
FR-ORI-MARSANNAY,FR,Frankreich,France,France,Bourgogne,Burgund,Bourgogne,Burgundy,Marsannay,appellation,AOC/AOP,AOC/AOP or IGP,protected_current,INAO and European Commission,https://www.inao.gouv.fr/,https://ec.europa.eu/agriculture/eambrosia/geographical-indications-register/,2026-09-07,318,Geschützter bzw. regulierter Herkunftsname; der offizielle Eigenname wird nicht übersetzt.,Nom d'origine protégé ou réglementé; le nom propre officiel n'est pas traduit.,Protected or regulated origin name; the official proper name is not translated.
FR-ORI-MAZIS-CHAMBERTIN,FR,Frankreich,France,France,Bourgogne,Burgund,Bourgogne,Burgundy,Mazis-Chambertin,appellation,AOC/AOP,AOC/AOP or IGP,protected_current,INAO and European Commission,https://www.inao.gouv.fr/,https://ec.europa.eu/agriculture/eambrosia/geographical-indications-register/,2026-09-07,551,Geschützter bzw. regulierter Herkunftsname; der offizielle Eigenname wird nicht übersetzt.,Nom d'origine protégé ou réglementé; le nom propre officiel n'est pas traduit.,Protected or regulated origin name; the official proper name is not translated.
FR-ORI-MAZOYERES-CHAMBERTIN,FR,Frankreich,France,France,Bourgogne,Burgund,Bourgogne,Burgundy,Mazoyères-Chambertin,appellation,AOC/AOP,AOC/AOP or IGP,protected_current,INAO and European Commission,https://www.inao.gouv.fr/,https://ec.europa.eu/agriculture/eambrosia/geographical-indications-register/,2026-09-07,82,Geschützter bzw. regulierter Herkunftsname; der offizielle Eigenname wird nicht übersetzt.,Nom d'origine protégé ou réglementé; le nom propre officiel n'est pas traduit.,Protected or regulated origin name; the official proper name is not translated.
FR-ORI-MERCUREY,FR,Frankreich,France,France,Bourgogne,Burgund,Bourgogne,Burgundy,Mercurey,appellation,AOC/AOP,AOC/AOP or IGP,protected_current,INAO and European Commission,https://www.inao.gouv.fr/,https://ec.europa.eu/agriculture/eambrosia/geographical-indications-register/,2026-09-07,668,Geschützter bzw. regulierter Herkunftsname; der offizielle Eigenname wird nicht übersetzt.,Nom d'origine protégé ou réglementé; le nom propre officiel n'est pas traduit.,Protected or regulated origin name; the official proper name is not translated.
FR-ORI-MEURSAULT,FR,Frankreich,France,France,Bourgogne,Burgund,Bourgogne,Burgundy,Meursault,appellation,AOC/AOP,AOC/AOP or IGP,protected_current,INAO and European Commission,https://www.inao.gouv.fr/,https://ec.europa.eu/agriculture/eambrosia/geographical-indications-register/,2026-09-07,3266,Geschützter bzw. regulierter Herkunftsname; der offizielle Eigenname wird nicht übersetzt.,Nom d'origine protégé ou réglementé; le nom propre officiel n'est pas traduit.,Protected or regulated origin name; the official proper name is not translated.
FR-ORI-MONTHELIE,FR,Frankreich,France,France,Bourgogne,Burgund,Bourgogne,Burgundy,Monthélie,appellation,AOC/AOP,AOC/AOP or IGP,protected_current,INAO and European Commission,https://www.inao.gouv.fr/,https://ec.europa.eu/agriculture/eambrosia/geographical-indications-register/,2026-09-07,192,Geschützter bzw. regulierter Herkunftsname; der offizielle Eigenname wird nicht übersetzt.,Nom d'origine protégé ou réglementé; le nom propre officiel n'est pas traduit.,Protected or regulated origin name; the official proper name is not translated.
FR-ORI-MONTRACHET,FR,Frankreich,France,France,Bourgogne,Burgund,Bourgogne,Burgundy,Montrachet,appellation,AOC/AOP,AOC/AOP or IGP,protected_current,INAO and European Commission,https://www.inao.gouv.fr/,https://ec.europa.eu/agriculture/eambrosia/geographical-indications-register/,2026-09-07,358,Geschützter bzw. regulierter Herkunftsname; der offizielle Eigenname wird nicht übersetzt.,Nom d'origine protégé ou réglementé; le nom propre officiel n'est pas traduit.,Protected or regulated origin name; the official proper name is not translated.
FR-ORI-MOREY-SAINT-DENIS,FR,Frankreich,France,France,Bourgogne,Burgund,Bourgogne,Burgundy,Morey-Saint-Denis,appellation,AOC/AOP,AOC/AOP or IGP,protected_current,INAO and European Commission,https://www.inao.gouv.fr/,https://ec.europa.eu/agriculture/eambrosia/geographical-indications-register/,2026-09-07,1531,Geschützter bzw. regulierter Herkunftsname; der offizielle Eigenname wird nicht übersetzt.,Nom d'origine protégé ou réglementé; le nom propre officiel n'est pas traduit.,Protected or regulated origin name; the official proper name is not translated.
FR-ORI-MUSIGNY,FR,Frankreich,France,France,Bourgogne,Burgund,Bourgogne,Burgundy,Musigny,appellation,AOC/AOP,AOC/AOP or IGP,protected_current,INAO and European Commission,https://www.inao.gouv.fr/,https://ec.europa.eu/agriculture/eambrosia/geographical-indications-register/,2026-09-07,831,Geschützter bzw. regulierter Herkunftsname; der offizielle Eigenname wird nicht übersetzt.,Nom d'origine protégé ou réglementé; le nom propre officiel n'est pas traduit.,Protected or regulated origin name; the official proper name is not translated.
FR-ORI-NUITS-SAINT-GEORGES,FR,Frankreich,France,France,Bourgogne,Burgund,Bourgogne,Burgundy,Nuits-Saint-Georges,appellation,AOC/AOP,AOC/AOP or IGP,protected_current,INAO and European Commission,https://www.inao.gouv.fr/,https://ec.europa.eu/agriculture/eambrosia/geographical-indications-register/,2026-09-07,3593,Geschützter bzw. regulierter Herkunftsname; der offizielle Eigenname wird nicht übersetzt.,Nom d'origine protégé ou réglementé; le nom propre officiel n'est pas traduit.,Protected or regulated origin name; the official proper name is not translated.
FR-ORI-PERNAND-VERGELESSES,FR,Frankreich,France,France,Bourgogne,Burgund,Bourgogne,Burgundy,Pernand-Vergelesses,appellation,AOC/AOP,AOC/AOP or IGP,protected_current,INAO and European Commission,https://www.inao.gouv.fr/,https://ec.europa.eu/agriculture/eambrosia/geographical-indications-register/,2026-09-07,342,Geschützter bzw. regulierter Herkunftsname; der offizielle Eigenname wird nicht übersetzt.,Nom d'origine protégé ou réglementé; le nom propre officiel n'est pas traduit.,Protected or regulated origin name; the official proper name is not translated.
FR-ORI-PETIT-CHABLIS,FR,Frankreich,France,France,Bourgogne,Burgund,Bourgogne,Burgundy,Petit Chablis,appellation,AOC/AOP,AOC/AOP or IGP,protected_current,INAO and European Commission,https://www.inao.gouv.fr/,https://ec.europa.eu/agriculture/eambrosia/geographical-indications-register/,2026-09-07,109,Geschützter bzw. regulierter Herkunftsname; der offizielle Eigenname wird nicht übersetzt.,Nom d'origine protégé ou réglementé; le nom propre officiel n'est pas traduit.,Protected or regulated origin name; the official proper name is not translated.
FR-ORI-POMMARD,FR,Frankreich,France,France,Bourgogne,Burgund,Bourgogne,Burgundy,Pommard,appellation,AOC/AOP,AOC/AOP or IGP,protected_current,INAO and European Commission,https://www.inao.gouv.fr/,https://ec.europa.eu/agriculture/eambrosia/geographical-indications-register/,2026-09-07,1633,Geschützter bzw. regulierter Herkunftsname; der offizielle Eigenname wird nicht übersetzt.,Nom d'origine protégé ou réglementé; le nom propre officiel n'est pas traduit.,Protected or regulated origin name; the official proper name is not translated.
FR-ORI-POUILLY-FUISSE,FR,Frankreich,France,France,Bourgogne,Burgund,Bourgogne,Burgundy,Pouilly-Fuissé,appellation,AOC/AOP,AOC/AOP or IGP,protected_current,INAO and European Commission,https://www.inao.gouv.fr/,https://ec.europa.eu/agriculture/eambrosia/geographical-indications-register/,2026-09-07,339,Geschützter bzw. regulierter Herkunftsname; der offizielle Eigenname wird nicht übersetzt.,Nom d'origine protégé ou réglementé; le nom propre officiel n'est pas traduit.,Protected or regulated origin name; the official proper name is not translated.
FR-ORI-PULIGNY-MONTRACHET,FR,Frankreich,France,France,Bourgogne,Burgund,Bourgogne,Burgundy,Puligny-Montrachet,appellation,AOC/AOP,AOC/AOP or IGP,protected_current,INAO and European Commission,https://www.inao.gouv.fr/,https://ec.europa.eu/agriculture/eambrosia/geographical-indications-register/,2026-09-07,2549,Geschützter bzw. regulierter Herkunftsname; der offizielle Eigenname wird nicht übersetzt.,Nom d'origine protégé ou réglementé; le nom propre officiel n'est pas traduit.,Protected or regulated origin name; the official proper name is not translated.
FR-ORI-RICHEBOURG,FR,Frankreich,France,France,Bourgogne,Burgund,Bourgogne,Burgundy,Richebourg,appellation,AOC/AOP,AOC/AOP or IGP,protected_current,INAO and European Commission,https://www.inao.gouv.fr/,https://ec.europa.eu/agriculture/eambrosia/geographical-indications-register/,2026-09-07,654,Geschützter bzw. regulierter Herkunftsname; der offizielle Eigenname wird nicht übersetzt.,Nom d'origine protégé ou réglementé; le nom propre officiel n'est pas traduit.,Protected or regulated origin name; the official proper name is not translated.
FR-ORI-ROMANEE-CONTI,FR,Frankreich,France,France,Bourgogne,Burgund,Bourgogne,Burgundy,Romanée-Conti,appellation,AOC/AOP,AOC/AOP or IGP,protected_current,INAO and European Commission,https://www.inao.gouv.fr/,https://ec.europa.eu/agriculture/eambrosia/geographical-indications-register/,2026-09-07,120,Geschützter bzw. regulierter Herkunftsname; der offizielle Eigenname wird nicht übersetzt.,Nom d'origine protégé ou réglementé; le nom propre officiel n'est pas traduit.,Protected or regulated origin name; the official proper name is not translated.
FR-ORI-ROMANEE-SAINT-VIVANT,FR,Frankreich,France,France,Bourgogne,Burgund,Bourgogne,Burgundy,Romanée-Saint-Vivant,appellation,AOC/AOP,AOC/AOP or IGP,protected_current,INAO and European Commission,https://www.inao.gouv.fr/,https://ec.europa.eu/agriculture/eambrosia/geographical-indications-register/,2026-09-07,704,Geschützter bzw. regulierter Herkunftsname; der offizielle Eigenname wird nicht übersetzt.,Nom d'origine protégé ou réglementé; le nom propre officiel n'est pas traduit.,Protected or regulated origin name; the official proper name is not translated.
FR-ORI-RUCHOTTES-CHAMBERTIN,FR,Frankreich,France,France,Bourgogne,Burgund,Bourgogne,Burgundy,Ruchottes-Chambertin,appellation,AOC/AOP,AOC/AOP or IGP,protected_current,INAO and European Commission,https://www.inao.gouv.fr/,https://ec.europa.eu/agriculture/eambrosia/geographical-indications-register/,2026-09-07,328,Geschützter bzw. regulierter Herkunftsname; der offizielle Eigenname wird nicht übersetzt.,Nom d'origine protégé ou réglementé; le nom propre officiel n'est pas traduit.,Protected or regulated origin name; the official proper name is not translated.
FR-ORI-RULLY,FR,Frankreich,France,France,Bourgogne,Burgund,Bourgogne,Burgundy,Rully,appellation,AOC/AOP,AOC/AOP or IGP,protected_current,INAO and European Commission,https://www.inao.gouv.fr/,https://ec.europa.eu/agriculture/eambrosia/geographical-indications-register/,2026-09-07,145,Geschützter bzw. regulierter Herkunftsname; der offizielle Eigenname wird nicht übersetzt.,Nom d'origine protégé ou réglementé; le nom propre officiel n'est pas traduit.,Protected or regulated origin name; the official proper name is not translated.
FR-ORI-SAINT-AUBIN,FR,Frankreich,France,France,Bourgogne,Burgund,Bourgogne,Burgundy,Saint-Aubin,appellation,AOC/AOP,AOC/AOP or IGP,protected_current,INAO and European Commission,https://www.inao.gouv.fr/,https://ec.europa.eu/agriculture/eambrosia/geographical-indications-register/,2026-09-07,452,Geschützter bzw. regulierter Herkunftsname; der offizielle Eigenname wird nicht übersetzt.,Nom d'origine protégé ou réglementé; le nom propre officiel n'est pas traduit.,Protected or regulated origin name; the official proper name is not translated.
FR-ORI-SAINT-ROMAIN,FR,Frankreich,France,France,Bourgogne,Burgund,Bourgogne,Burgundy,Saint-Romain,appellation,AOC/AOP,AOC/AOP or IGP,protected_current,INAO and European Commission,https://www.inao.gouv.fr/,https://ec.europa.eu/agriculture/eambrosia/geographical-indications-register/,2026-09-07,80,Geschützter bzw. regulierter Herkunftsname; der offizielle Eigenname wird nicht übersetzt.,Nom d'origine protégé ou réglementé; le nom propre officiel n'est pas traduit.,Protected or regulated origin name; the official proper name is not translated.
FR-ORI-SANTENAY,FR,Frankreich,France,France,Bourgogne,Burgund,Bourgogne,Burgundy,Santenay,appellation,AOC/AOP,AOC/AOP or IGP,protected_current,INAO and European Commission,https://www.inao.gouv.fr/,https://ec.europa.eu/agriculture/eambrosia/geographical-indications-register/,2026-09-07,455,Geschützter bzw. regulierter Herkunftsname; der offizielle Eigenname wird nicht übersetzt.,Nom d'origine protégé ou réglementé; le nom propre officiel n'est pas traduit.,Protected or regulated origin name; the official proper name is not translated.
FR-ORI-SAVIGNY-LES-BEAUNE,FR,Frankreich,France,France,Bourgogne,Burgund,Bourgogne,Burgundy,Savigny-lès-Beaune,appellation,AOC/AOP,AOC/AOP or IGP,protected_current,INAO and European Commission,https://www.inao.gouv.fr/,https://ec.europa.eu/agriculture/eambrosia/geographical-indications-register/,2026-09-07,1097,Geschützter bzw. regulierter Herkunftsname; der offizielle Eigenname wird nicht übersetzt.,Nom d'origine protégé ou réglementé; le nom propre officiel n'est pas traduit.,Protected or regulated origin name; the official proper name is not translated.
FR-ORI-VIRE-CLESSE,FR,Frankreich,France,France,Bourgogne,Burgund,Bourgogne,Burgundy,Viré-Clessé,appellation,AOC/AOP,AOC/AOP or IGP,protected_current,INAO and European Commission,https://www.inao.gouv.fr/,https://ec.europa.eu/agriculture/eambrosia/geographical-indications-register/,2026-09-07,56,Geschützter bzw. regulierter Herkunftsname; der offizielle Eigenname wird nicht übersetzt.,Nom d'origine protégé ou réglementé; le nom propre officiel n'est pas traduit.,Protected or regulated origin name; the official proper name is not translated.
FR-ORI-VOLNAY,FR,Frankreich,France,France,Bourgogne,Burgund,Bourgogne,Burgundy,Volnay,appellation,AOC/AOP,AOC/AOP or IGP,protected_current,INAO and European Commission,https://www.inao.gouv.fr/,https://ec.europa.eu/agriculture/eambrosia/geographical-indications-register/,2026-09-07,3086,Geschützter bzw. regulierter Herkunftsname; der offizielle Eigenname wird nicht übersetzt.,Nom d'origine protégé ou réglementé; le nom propre officiel n'est pas traduit.,Protected or regulated origin name; the official proper name is not translated.
FR-ORI-VOSNE-ROMANEE,FR,Frankreich,France,France,Bourgogne,Burgund,Bourgogne,Burgundy,Vosne-Romanée,appellation,AOC/AOP,AOC/AOP or IGP,protected_current,INAO and European Commission,https://www.inao.gouv.fr/,https://ec.europa.eu/agriculture/eambrosia/geographical-indications-register/,2026-09-07,3649,Geschützter bzw. regulierter Herkunftsname; der offizielle Eigenname wird nicht übersetzt.,Nom d'origine protégé ou réglementé; le nom propre officiel n'est pas traduit.,Protected or regulated origin name; the official proper name is not translated.
FR-ORI-VOUGEOT,FR,Frankreich,France,France,Bourgogne,Burgund,Bourgogne,Burgundy,Vougeot,appellation,AOC/AOP,AOC/AOP or IGP,protected_current,INAO and European Commission,https://www.inao.gouv.fr/,https://ec.europa.eu/agriculture/eambrosia/geographical-indications-register/,2026-09-07,212,Geschützter bzw. regulierter Herkunftsname; der offizielle Eigenname wird nicht übersetzt.,Nom d'origine protégé ou réglementé; le nom propre officiel n'est pas traduit.,Protected or regulated origin name; the official proper name is not translated.
FR-ORI-CHAMPAGNE,FR,Frankreich,France,France,Champagne,Champagne,Champagne,Champagne,Champagne,appellation,AOC/AOP,AOC/AOP or IGP,protected_current,INAO and European Commission,https://www.inao.gouv.fr/,https://ec.europa.eu/agriculture/eambrosia/geographical-indications-register/,2026-09-07,17229,Geschützter bzw. regulierter Herkunftsname; der offizielle Eigenname wird nicht übersetzt.,Nom d'origine protégé ou réglementé; le nom propre officiel n'est pas traduit.,Protected or regulated origin name; the official proper name is not translated.
FR-REG-COTE-CHALONNAISE,FR,Frankreich,France,France,Côte Chalonnaise,Côte Chalonnaise,Côte Chalonnaise,Côte Chalonnaise,,region,Wine region (not asserted as protected appellation),AOC/AOP or IGP,regional_reference_only,INAO and European Commission,https://www.inao.gouv.fr/,https://ec.europa.eu/agriculture/eambrosia/geographical-indications-register/,2026-09-07,75,Als Weinregion für Hierarchie und Mapping geführt; nicht als geschützte Appellation behauptet.,Conservée comme région viticole pour la hiérarchie et le mapping; aucun statut d'appellation protégée n'est affirmé.,Retained as a wine-region reference for hierarchy and mapping; not asserted as a protected appellation.
FR-REG-COTE-DE-BEAUNE,FR,Frankreich,France,France,Côte de Beaune,Côte de Beaune,Côte de Beaune,Côte de Beaune,,region,Wine region (not asserted as protected appellation),AOC/AOP or IGP,regional_reference_only,INAO and European Commission,https://www.inao.gouv.fr/,https://ec.europa.eu/agriculture/eambrosia/geographical-indications-register/,2026-09-07,59,Als Weinregion für Hierarchie und Mapping geführt; nicht als geschützte Appellation behauptet.,Conservée comme région viticole pour la hiérarchie et le mapping; aucun statut d'appellation protégée n'est affirmé.,Retained as a wine-region reference for hierarchy and mapping; not asserted as a protected appellation.
FR-REG-COTE-DE-NUITS,FR,Frankreich,France,France,Côte de Nuits,Côte de Nuits,Côte de Nuits,Côte de Nuits,,region,Wine region (not asserted as protected appellation),AOC/AOP or IGP,regional_reference_only,INAO and European Commission,https://www.inao.gouv.fr/,https://ec.europa.eu/agriculture/eambrosia/geographical-indications-register/,2026-09-07,50,Als Weinregion für Hierarchie und Mapping geführt; nicht als geschützte Appellation behauptet.,Conservée comme région viticole pour la hiérarchie et le mapping; aucun statut d'appellation protégée n'est affirmé.,Retained as a wine-region reference for hierarchy and mapping; not asserted as a protected appellation.
FR-ORI-COTES-DU-RHONE-VILLAGES,FR,Frankreich,France,France,Côtes du Rhône Villages,Côtes du Rhône Villages,Côtes du Rhône Villages,Côtes du Rhône Villages,Côtes du Rhône Villages,appellation,AOC/AOP,AOC/AOP or IGP,protected_current,INAO and European Commission,https://www.inao.gouv.fr/,https://ec.europa.eu/agriculture/eambrosia/geographical-indications-register/,2026-09-07,600,Geschützter bzw. regulierter Herkunftsname; der offizielle Eigenname wird nicht übersetzt.,Nom d'origine protégé ou réglementé; le nom propre officiel n'est pas traduit.,Protected or regulated origin name; the official proper name is not translated.
FR-CAT-VIN-DE-FRANCE,FR,Frankreich,France,France,France,Frankreich,France,France,Vin de France,regulated_category,Wine without protected GI,AOC/AOP or IGP,regulated_non_gi,INAO and European Commission,https://www.inao.gouv.fr/,https://ec.europa.eu/agriculture/eambrosia/geographical-indications-register/,2026-09-07,702,Geschützter bzw. regulierter Herkunftsname; der offizielle Eigenname wird nicht übersetzt.,Nom d'origine protégé ou réglementé; le nom propre officiel n'est pas traduit.,Protected or regulated origin name; the official proper name is not translated.
FR-REG-GUEBERSCHWIHR,FR,Frankreich,France,France,Gueberschwihr,Gueberschwihr,Gueberschwihr,Gueberschwihr,,region,Wine region (not asserted as protected appellation),AOC/AOP or IGP,regional_reference_only,INAO and European Commission,https://www.inao.gouv.fr/,https://ec.europa.eu/agriculture/eambrosia/geographical-indications-register/,2026-09-07,55,Als Weinregion für Hierarchie und Mapping geführt; nicht als geschützte Appellation behauptet.,Conservée comme région viticole pour la hiérarchie et le mapping; aucun statut d'appellation protégée n'est affirmé.,Retained as a wine-region reference for hierarchy and mapping; not asserted as a protected appellation.
FR-REG-HUNAWIHR,FR,Frankreich,France,France,Hunawihr,Hunawihr,Hunawihr,Hunawihr,,region,Wine region (not asserted as protected appellation),AOC/AOP or IGP,regional_reference_only,INAO and European Commission,https://www.inao.gouv.fr/,https://ec.europa.eu/agriculture/eambrosia/geographical-indications-register/,2026-09-07,264,Als Weinregion für Hierarchie und Mapping geführt; nicht als geschützte Appellation behauptet.,Conservée comme région viticole pour la hiérarchie et le mapping; aucun statut d'appellation protégée n'est affirmé.,Retained as a wine-region reference for hierarchy and mapping; not asserted as a protected appellation.
FR-REG-JURA,FR,Frankreich,France,France,Jura,Jura,Jura,Jura,,region,Wine region (not asserted as protected appellation),AOC/AOP or IGP,regional_reference_only,INAO and European Commission,https://www.inao.gouv.fr/,https://ec.europa.eu/agriculture/eambrosia/geographical-indications-register/,2026-09-07,43,Als Weinregion für Hierarchie und Mapping geführt; nicht als geschützte Appellation behauptet.,Conservée comme région viticole pour la hiérarchie et le mapping; aucun statut d'appellation protégée n'est affirmé.,Retained as a wine-region reference for hierarchy and mapping; not asserted as a protected appellation.
FR-ORI-ARBOIS,FR,Frankreich,France,France,Jura,Jura,Jura,Jura,Arbois,appellation,AOC/AOP,AOC/AOP or IGP,protected_current,INAO and European Commission,https://www.inao.gouv.fr/,https://ec.europa.eu/agriculture/eambrosia/geographical-indications-register/,2026-09-07,127,Geschützter bzw. regulierter Herkunftsname; der offizielle Eigenname wird nicht übersetzt.,Nom d'origine protégé ou réglementé; le nom propre officiel n'est pas traduit.,Protected or regulated origin name; the official proper name is not translated.
FR-ORI-COTES-DU-JURA,FR,Frankreich,France,France,Jura,Jura,Jura,Jura,Côtes du Jura,appellation,AOC/AOP,AOC/AOP or IGP,protected_current,INAO and European Commission,https://www.inao.gouv.fr/,https://ec.europa.eu/agriculture/eambrosia/geographical-indications-register/,2026-09-07,201,Geschützter bzw. regulierter Herkunftsname; der offizielle Eigenname wird nicht übersetzt.,Nom d'origine protégé ou réglementé; le nom propre officiel n'est pas traduit.,Protected or regulated origin name; the official proper name is not translated.
FR-REG-KAYSERSBERG-KIENTZHEIM,FR,Frankreich,France,France,Kaysersberg/Kientzheim,Kaysersberg/Kientzheim,Kaysersberg/Kientzheim,Kaysersberg/Kientzheim,,region,Wine region (not asserted as protected appellation),AOC/AOP or IGP,regional_reference_only,INAO and European Commission,https://www.inao.gouv.fr/,https://ec.europa.eu/agriculture/eambrosia/geographical-indications-register/,2026-09-07,125,Als Weinregion für Hierarchie und Mapping geführt; nicht als geschützte Appellation behauptet.,Conservée comme région viticole pour la hiérarchie et le mapping; aucun statut d'appellation protégée n'est affirmé.,Retained as a wine-region reference for hierarchy and mapping; not asserted as a protected appellation.
FR-REG-LANGUEDOC-ROUSSILLON,FR,Frankreich,France,France,Languedoc-Roussillon,Languedoc-Roussillon,Languedoc-Roussillon,Languedoc-Roussillon,,region,Wine region (not asserted as protected appellation),AOC/AOP or IGP,regional_reference_only,INAO and European Commission,https://www.inao.gouv.fr/,https://ec.europa.eu/agriculture/eambrosia/geographical-indications-register/,2026-09-07,80,Als Weinregion für Hierarchie und Mapping geführt; nicht als geschützte Appellation behauptet.,Conservée comme région viticole pour la hiérarchie et le mapping; aucun statut d'appellation protégée n'est affirmé.,Retained as a wine-region reference for hierarchy and mapping; not asserted as a protected appellation.
FR-ORI-BANYULS,FR,Frankreich,France,France,Languedoc-Roussillon,Languedoc-Roussillon,Languedoc-Roussillon,Languedoc-Roussillon,Banyuls,appellation,AOC/AOP,AOC/AOP or IGP,protected_current,INAO and European Commission,https://www.inao.gouv.fr/,https://ec.europa.eu/agriculture/eambrosia/geographical-indications-register/,2026-09-07,16,Geschützter bzw. regulierter Herkunftsname; der offizielle Eigenname wird nicht übersetzt.,Nom d'origine protégé ou réglementé; le nom propre officiel n'est pas traduit.,Protected or regulated origin name; the official proper name is not translated.
FR-ORI-COLLIOURE,FR,Frankreich,France,France,Languedoc-Roussillon,Languedoc-Roussillon,Languedoc-Roussillon,Languedoc-Roussillon,Collioure,appellation,AOC/AOP,AOC/AOP or IGP,protected_current,INAO and European Commission,https://www.inao.gouv.fr/,https://ec.europa.eu/agriculture/eambrosia/geographical-indications-register/,2026-09-07,13,Geschützter bzw. regulierter Herkunftsname; der offizielle Eigenname wird nicht übersetzt.,Nom d'origine protégé ou réglementé; le nom propre officiel n'est pas traduit.,Protected or regulated origin name; the official proper name is not translated.
FR-ORI-CORBIERES,FR,Frankreich,France,France,Languedoc-Roussillon,Languedoc-Roussillon,Languedoc-Roussillon,Languedoc-Roussillon,Corbières,appellation,AOC/AOP,AOC/AOP or IGP,protected_current,INAO and European Commission,https://www.inao.gouv.fr/,https://ec.europa.eu/agriculture/eambrosia/geographical-indications-register/,2026-09-07,373,Geschützter bzw. regulierter Herkunftsname; der offizielle Eigenname wird nicht übersetzt.,Nom d'origine protégé ou réglementé; le nom propre officiel n'est pas traduit.,Protected or regulated origin name; the official proper name is not translated.
FR-ORI-COTES-DU-ROUSSILLON,FR,Frankreich,France,France,Languedoc-Roussillon,Languedoc-Roussillon,Languedoc-Roussillon,Languedoc-Roussillon,Côtes du Roussillon,appellation,AOC/AOP,AOC/AOP or IGP,protected_current,INAO and European Commission,https://www.inao.gouv.fr/,https://ec.europa.eu/agriculture/eambrosia/geographical-indications-register/,2026-09-07,115,Geschützter bzw. regulierter Herkunftsname; der offizielle Eigenname wird nicht übersetzt.,Nom d'origine protégé ou réglementé; le nom propre officiel n'est pas traduit.,Protected or regulated origin name; the official proper name is not translated.
FR-ORI-COTES-DU-ROUSSILLON-VILLAGES,FR,Frankreich,France,France,Languedoc-Roussillon,Languedoc-Roussillon,Languedoc-Roussillon,Languedoc-Roussillon,Côtes du Roussillon Villages,appellation,AOC/AOP,AOC/AOP or IGP,protected_current,INAO and European Commission,https://www.inao.gouv.fr/,https://ec.europa.eu/agriculture/eambrosia/geographical-indications-register/,2026-09-07,62,Geschützter bzw. regulierter Herkunftsname; der offizielle Eigenname wird nicht übersetzt.,Nom d'origine protégé ou réglementé; le nom propre officiel n'est pas traduit.,Protected or regulated origin name; the official proper name is not translated.
FR-ORI-FAUGERES,FR,Frankreich,France,France,Languedoc-Roussillon,Languedoc-Roussillon,Languedoc-Roussillon,Languedoc-Roussillon,Faugères,appellation,AOC/AOP,AOC/AOP or IGP,protected_current,INAO and European Commission,https://www.inao.gouv.fr/,https://ec.europa.eu/agriculture/eambrosia/geographical-indications-register/,2026-09-07,61,Geschützter bzw. regulierter Herkunftsname; der offizielle Eigenname wird nicht übersetzt.,Nom d'origine protégé ou réglementé; le nom propre officiel n'est pas traduit.,Protected or regulated origin name; the official proper name is not translated.
FR-ORI-HERAULT,FR,Frankreich,France,France,Languedoc-Roussillon,Languedoc-Roussillon,Languedoc-Roussillon,Languedoc-Roussillon,Hérault,appellation,IGP,AOC/AOP or IGP,protected_current,INAO and European Commission,https://www.inao.gouv.fr/,https://ec.europa.eu/agriculture/eambrosia/geographical-indications-register/,2026-09-07,111,Geschützter bzw. regulierter Herkunftsname; der offizielle Eigenname wird nicht übersetzt.,Nom d'origine protégé ou réglementé; le nom propre officiel n'est pas traduit.,Protected or regulated origin name; the official proper name is not translated.
FR-ORI-LANGUEDOC,FR,Frankreich,France,France,Languedoc-Roussillon,Languedoc-Roussillon,Languedoc-Roussillon,Languedoc-Roussillon,Languedoc,appellation,AOC/AOP,AOC/AOP or IGP,protected_current,INAO and European Commission,https://www.inao.gouv.fr/,https://ec.europa.eu/agriculture/eambrosia/geographical-indications-register/,2026-09-07,86,Geschützter bzw. regulierter Herkunftsname; der offizielle Eigenname wird nicht übersetzt.,Nom d'origine protégé ou réglementé; le nom propre officiel n'est pas traduit.,Protected or regulated origin name; the official proper name is not translated.
FR-ORI-LIMOUX,FR,Frankreich,France,France,Languedoc-Roussillon,Languedoc-Roussillon,Languedoc-Roussillon,Languedoc-Roussillon,Limoux,appellation,AOC/AOP,AOC/AOP or IGP,protected_current,INAO and European Commission,https://www.inao.gouv.fr/,https://ec.europa.eu/agriculture/eambrosia/geographical-indications-register/,2026-09-07,27,Geschützter bzw. regulierter Herkunftsname; der offizielle Eigenname wird nicht übersetzt.,Nom d'origine protégé ou réglementé; le nom propre officiel n'est pas traduit.,Protected or regulated origin name; the official proper name is not translated.
FR-ORI-MAURY,FR,Frankreich,France,France,Languedoc-Roussillon,Languedoc-Roussillon,Languedoc-Roussillon,Languedoc-Roussillon,Maury,appellation,AOC/AOP,AOC/AOP or IGP,protected_current,INAO and European Commission,https://www.inao.gouv.fr/,https://ec.europa.eu/agriculture/eambrosia/geographical-indications-register/,2026-09-07,5,Geschützter bzw. regulierter Herkunftsname; der offizielle Eigenname wird nicht übersetzt.,Nom d'origine protégé ou réglementé; le nom propre officiel n'est pas traduit.,Protected or regulated origin name; the official proper name is not translated.
FR-ORI-MINERVOIS,FR,Frankreich,France,France,Languedoc-Roussillon,Languedoc-Roussillon,Languedoc-Roussillon,Languedoc-Roussillon,Minervois,appellation,AOC/AOP,AOC/AOP or IGP,protected_current,INAO and European Commission,https://www.inao.gouv.fr/,https://ec.europa.eu/agriculture/eambrosia/geographical-indications-register/,2026-09-07,331,Geschützter bzw. regulierter Herkunftsname; der offizielle Eigenname wird nicht übersetzt.,Nom d'origine protégé ou réglementé; le nom propre officiel n'est pas traduit.,Protected or regulated origin name; the official proper name is not translated.
FR-ORI-MINERVOIS-LA-LIVINIERE,FR,Frankreich,France,France,Languedoc-Roussillon,Languedoc-Roussillon,Languedoc-Roussillon,Languedoc-Roussillon,Minervois-La Livinière,appellation,AOC/AOP,AOC/AOP or IGP,protected_current,INAO and European Commission,https://www.inao.gouv.fr/,https://ec.europa.eu/agriculture/eambrosia/geographical-indications-register/,2026-09-07,5,Geschützter bzw. regulierter Herkunftsname; der offizielle Eigenname wird nicht übersetzt.,Nom d'origine protégé ou réglementé; le nom propre officiel n'est pas traduit.,Protected or regulated origin name; the official proper name is not translated.
FR-ORI-PAYS-D-OC,FR,Frankreich,France,France,Languedoc-Roussillon,Languedoc-Roussillon,Languedoc-Roussillon,Languedoc-Roussillon,Pays d'Oc,appellation,IGP,AOC/AOP or IGP,protected_current,INAO and European Commission,https://www.inao.gouv.fr/,https://ec.europa.eu/agriculture/eambrosia/geographical-indications-register/,2026-09-07,741,Geschützter bzw. regulierter Herkunftsname; der offizielle Eigenname wird nicht übersetzt.,Nom d'origine protégé ou réglementé; le nom propre officiel n'est pas traduit.,Protected or regulated origin name; the official proper name is not translated.
FR-ORI-PIC-SAINT-LOUP,FR,Frankreich,France,France,Languedoc-Roussillon,Languedoc-Roussillon,Languedoc-Roussillon,Languedoc-Roussillon,Pic Saint-Loup,appellation,AOC/AOP,AOC/AOP or IGP,protected_current,INAO and European Commission,https://www.inao.gouv.fr/,https://ec.europa.eu/agriculture/eambrosia/geographical-indications-register/,2026-09-07,65,Geschützter bzw. regulierter Herkunftsname; der offizielle Eigenname wird nicht übersetzt.,Nom d'origine protégé ou réglementé; le nom propre officiel n'est pas traduit.,Protected or regulated origin name; the official proper name is not translated.
FR-ORI-TERRASSES-DU-LARZAC,FR,Frankreich,France,France,Languedoc-Roussillon,Languedoc-Roussillon,Languedoc-Roussillon,Languedoc-Roussillon,Terrasses du Larzac,appellation,AOC/AOP,AOC/AOP or IGP,protected_current,INAO and European Commission,https://www.inao.gouv.fr/,https://ec.europa.eu/agriculture/eambrosia/geographical-indications-register/,2026-09-07,3,Geschützter bzw. regulierter Herkunftsname; der offizielle Eigenname wird nicht übersetzt.,Nom d'origine protégé ou réglementé; le nom propre officiel n'est pas traduit.,Protected or regulated origin name; the official proper name is not translated.
FR-REG-LOIRE-VALLEY,FR,Frankreich,France,France,Loire Valley,Loiretal,Vallée de la Loire,Loire Valley,,region,Wine region (not asserted as protected appellation),AOC/AOP or IGP,regional_reference_only,INAO and European Commission,https://www.inao.gouv.fr/,https://ec.europa.eu/agriculture/eambrosia/geographical-indications-register/,2026-09-07,271,Als Weinregion für Hierarchie und Mapping geführt; nicht als geschützte Appellation behauptet.,Conservée comme région viticole pour la hiérarchie et le mapping; aucun statut d'appellation protégée n'est affirmé.,Retained as a wine-region reference for hierarchy and mapping; not asserted as a protected appellation.
FR-ORI-ANJOU,FR,Frankreich,France,France,Loire Valley,Loiretal,Vallée de la Loire,Loire Valley,Anjou,appellation,AOC/AOP,AOC/AOP or IGP,protected_current,INAO and European Commission,https://www.inao.gouv.fr/,https://ec.europa.eu/agriculture/eambrosia/geographical-indications-register/,2026-09-07,320,Geschützter bzw. regulierter Herkunftsname; der offizielle Eigenname wird nicht übersetzt.,Nom d'origine protégé ou réglementé; le nom propre officiel n'est pas traduit.,Protected or regulated origin name; the official proper name is not translated.
FR-ORI-CHINON,FR,Frankreich,France,France,Loire Valley,Loiretal,Vallée de la Loire,Loire Valley,Chinon,appellation,AOC/AOP,AOC/AOP or IGP,protected_current,INAO and European Commission,https://www.inao.gouv.fr/,https://ec.europa.eu/agriculture/eambrosia/geographical-indications-register/,2026-09-07,137,Geschützter bzw. regulierter Herkunftsname; der offizielle Eigenname wird nicht übersetzt.,Nom d'origine protégé ou réglementé; le nom propre officiel n'est pas traduit.,Protected or regulated origin name; the official proper name is not translated.
FR-ORI-COTEAUX-DU-LAYON,FR,Frankreich,France,France,Loire Valley,Loiretal,Vallée de la Loire,Loire Valley,Coteaux du Layon,appellation,AOC/AOP,AOC/AOP or IGP,protected_current,INAO and European Commission,https://www.inao.gouv.fr/,https://ec.europa.eu/agriculture/eambrosia/geographical-indications-register/,2026-09-07,255,Geschützter bzw. regulierter Herkunftsname; der offizielle Eigenname wird nicht übersetzt.,Nom d'origine protégé ou réglementé; le nom propre officiel n'est pas traduit.,Protected or regulated origin name; the official proper name is not translated.
FR-ORI-MUSCADET-SEVRE-ET-MAINE,FR,Frankreich,France,France,Loire Valley,Loiretal,Vallée de la Loire,Loire Valley,Muscadet Sèvre et Maine,appellation,AOC/AOP,AOC/AOP or IGP,protected_current,INAO and European Commission,https://www.inao.gouv.fr/,https://ec.europa.eu/agriculture/eambrosia/geographical-indications-register/,2026-09-07,232,Geschützter bzw. regulierter Herkunftsname; der offizielle Eigenname wird nicht übersetzt.,Nom d'origine protégé ou réglementé; le nom propre officiel n'est pas traduit.,Protected or regulated origin name; the official proper name is not translated.
FR-ORI-POUILLY-FUME,FR,Frankreich,France,France,Loire Valley,Loiretal,Vallée de la Loire,Loire Valley,Pouilly-Fumé,appellation,AOC/AOP,AOC/AOP or IGP,protected_current,INAO and European Commission,https://www.inao.gouv.fr/,https://ec.europa.eu/agriculture/eambrosia/geographical-indications-register/,2026-09-07,330,Geschützter bzw. regulierter Herkunftsname; der offizielle Eigenname wird nicht übersetzt.,Nom d'origine protégé ou réglementé; le nom propre officiel n'est pas traduit.,Protected or regulated origin name; the official proper name is not translated.
FR-ORI-QUARTS-DE-CHAUME-GRAND-CRU,FR,Frankreich,France,France,Loire Valley,Loiretal,Vallée de la Loire,Loire Valley,Quarts de Chaume Grand Cru,appellation,AOC/AOP,AOC/AOP or IGP,protected_current,INAO and European Commission,https://www.inao.gouv.fr/,https://ec.europa.eu/agriculture/eambrosia/geographical-indications-register/,2026-09-07,78,Geschützter bzw. regulierter Herkunftsname; der offizielle Eigenname wird nicht übersetzt.,Nom d'origine protégé ou réglementé; le nom propre officiel n'est pas traduit.,Protected or regulated origin name; the official proper name is not translated.
FR-ORI-SANCERRE,FR,Frankreich,France,France,Loire Valley,Loiretal,Vallée de la Loire,Loire Valley,Sancerre,appellation,AOC/AOP,AOC/AOP or IGP,protected_current,INAO and European Commission,https://www.inao.gouv.fr/,https://ec.europa.eu/agriculture/eambrosia/geographical-indications-register/,2026-09-07,703,Geschützter bzw. regulierter Herkunftsname; der offizielle Eigenname wird nicht übersetzt.,Nom d'origine protégé ou réglementé; le nom propre officiel n'est pas traduit.,Protected or regulated origin name; the official proper name is not translated.
FR-ORI-SAUMUR,FR,Frankreich,France,France,Loire Valley,Loiretal,Vallée de la Loire,Loire Valley,Saumur,appellation,AOC/AOP,AOC/AOP or IGP,protected_current,INAO and European Commission,https://www.inao.gouv.fr/,https://ec.europa.eu/agriculture/eambrosia/geographical-indications-register/,2026-09-07,157,Geschützter bzw. regulierter Herkunftsname; der offizielle Eigenname wird nicht übersetzt.,Nom d'origine protégé ou réglementé; le nom propre officiel n'est pas traduit.,Protected or regulated origin name; the official proper name is not translated.
FR-ORI-SAUMUR-CHAMPIGNY,FR,Frankreich,France,France,Loire Valley,Loiretal,Vallée de la Loire,Loire Valley,Saumur-Champigny,appellation,AOC/AOP,AOC/AOP or IGP,protected_current,INAO and European Commission,https://www.inao.gouv.fr/,https://ec.europa.eu/agriculture/eambrosia/geographical-indications-register/,2026-09-07,99,Geschützter bzw. regulierter Herkunftsname; der offizielle Eigenname wird nicht übersetzt.,Nom d'origine protégé ou réglementé; le nom propre officiel n'est pas traduit.,Protected or regulated origin name; the official proper name is not translated.
FR-ORI-SAVENNIERES,FR,Frankreich,France,France,Loire Valley,Loiretal,Vallée de la Loire,Loire Valley,Savennières,appellation,AOC/AOP,AOC/AOP or IGP,protected_current,INAO and European Commission,https://www.inao.gouv.fr/,https://ec.europa.eu/agriculture/eambrosia/geographical-indications-register/,2026-09-07,173,Geschützter bzw. regulierter Herkunftsname; der offizielle Eigenname wird nicht übersetzt.,Nom d'origine protégé ou réglementé; le nom propre officiel n'est pas traduit.,Protected or regulated origin name; the official proper name is not translated.
FR-ORI-TOURAINE,FR,Frankreich,France,France,Loire Valley,Loiretal,Vallée de la Loire,Loire Valley,Touraine,appellation,AOC/AOP,AOC/AOP or IGP,protected_current,INAO and European Commission,https://www.inao.gouv.fr/,https://ec.europa.eu/agriculture/eambrosia/geographical-indications-register/,2026-09-07,80,Geschützter bzw. regulierter Herkunftsname; der offizielle Eigenname wird nicht übersetzt.,Nom d'origine protégé ou réglementé; le nom propre officiel n'est pas traduit.,Protected or regulated origin name; the official proper name is not translated.
FR-ORI-VOUVRAY,FR,Frankreich,France,France,Loire Valley,Loiretal,Vallée de la Loire,Loire Valley,Vouvray,appellation,AOC/AOP,AOC/AOP or IGP,protected_current,INAO and European Commission,https://www.inao.gouv.fr/,https://ec.europa.eu/agriculture/eambrosia/geographical-indications-register/,2026-09-07,848,Geschützter bzw. regulierter Herkunftsname; der offizielle Eigenname wird nicht übersetzt.,Nom d'origine protégé ou réglementé; le nom propre officiel n'est pas traduit.,Protected or regulated origin name; the official proper name is not translated.
FR-REG-MACONNAIS,FR,Frankreich,France,France,Mâconnais,Mâconnais,Mâconnais,Mâconnais,,region,Wine region (not asserted as protected appellation),AOC/AOP or IGP,regional_reference_only,INAO and European Commission,https://www.inao.gouv.fr/,https://ec.europa.eu/agriculture/eambrosia/geographical-indications-register/,2026-09-07,7,Als Weinregion für Hierarchie und Mapping geführt; nicht als geschützte Appellation behauptet.,Conservée comme région viticole pour la hiérarchie et le mapping; aucun statut d'appellation protégée n'est affirmé.,Retained as a wine-region reference for hierarchy and mapping; not asserted as a protected appellation.
FR-REG-PROVENCE,FR,Frankreich,France,France,Provence,Provence,Provence,Provence,,region,Wine region (not asserted as protected appellation),AOC/AOP or IGP,regional_reference_only,INAO and European Commission,https://www.inao.gouv.fr/,https://ec.europa.eu/agriculture/eambrosia/geographical-indications-register/,2026-09-07,172,Als Weinregion für Hierarchie und Mapping geführt; nicht als geschützte Appellation behauptet.,Conservée comme région viticole pour la hiérarchie et le mapping; aucun statut d'appellation protégée n'est affirmé.,Retained as a wine-region reference for hierarchy and mapping; not asserted as a protected appellation.
FR-ORI-BANDOL,FR,Frankreich,France,France,Provence,Provence,Provence,Provence,Bandol,appellation,AOC/AOP,AOC/AOP or IGP,protected_current,INAO and European Commission,https://www.inao.gouv.fr/,https://ec.europa.eu/agriculture/eambrosia/geographical-indications-register/,2026-09-07,570,Geschützter bzw. regulierter Herkunftsname; der offizielle Eigenname wird nicht übersetzt.,Nom d'origine protégé ou réglementé; le nom propre officiel n'est pas traduit.,Protected or regulated origin name; the official proper name is not translated.
FR-ORI-CASSIS,FR,Frankreich,France,France,Provence,Provence,Provence,Provence,Cassis,appellation,AOC/AOP,AOC/AOP or IGP,protected_current,INAO and European Commission,https://www.inao.gouv.fr/,https://ec.europa.eu/agriculture/eambrosia/geographical-indications-register/,2026-09-07,3,Geschützter bzw. regulierter Herkunftsname; der offizielle Eigenname wird nicht übersetzt.,Nom d'origine protégé ou réglementé; le nom propre officiel n'est pas traduit.,Protected or regulated origin name; the official proper name is not translated.
FR-ORI-COTEAUX-D-AIX-EN-PROVENCE,FR,Frankreich,France,France,Provence,Provence,Provence,Provence,Coteaux d'Aix-en-Provence,appellation,AOC/AOP,AOC/AOP or IGP,protected_current,INAO and European Commission,https://www.inao.gouv.fr/,https://ec.europa.eu/agriculture/eambrosia/geographical-indications-register/,2026-09-07,83,Geschützter bzw. regulierter Herkunftsname; der offizielle Eigenname wird nicht übersetzt.,Nom d'origine protégé ou réglementé; le nom propre officiel n'est pas traduit.,Protected or regulated origin name; the official proper name is not translated.
FR-ORI-COTES-DE-PROVENCE,FR,Frankreich,France,France,Provence,Provence,Provence,Provence,Côtes de Provence,appellation,AOC/AOP,AOC/AOP or IGP,protected_current,INAO and European Commission,https://www.inao.gouv.fr/,https://ec.europa.eu/agriculture/eambrosia/geographical-indications-register/,2026-09-07,472,Geschützter bzw. regulierter Herkunftsname; der offizielle Eigenname wird nicht übersetzt.,Nom d'origine protégé ou réglementé; le nom propre officiel n'est pas traduit.,Protected or regulated origin name; the official proper name is not translated.
FR-ORI-MEDITERRANEE,FR,Frankreich,France,France,Provence,Provence,Provence,Provence,Méditerranée,appellation,IGP,AOC/AOP or IGP,protected_current,INAO and European Commission,https://www.inao.gouv.fr/,https://ec.europa.eu/agriculture/eambrosia/geographical-indications-register/,2026-09-07,62,Geschützter bzw. regulierter Herkunftsname; der offizielle Eigenname wird nicht übersetzt.,Nom d'origine protégé ou réglementé; le nom propre officiel n'est pas traduit.,Protected or regulated origin name; the official proper name is not translated.
FR-ORI-PALETTE,FR,Frankreich,France,France,Provence,Provence,Provence,Provence,Palette,appellation,AOC/AOP,AOC/AOP or IGP,protected_current,INAO and European Commission,https://www.inao.gouv.fr/,https://ec.europa.eu/agriculture/eambrosia/geographical-indications-register/,2026-09-07,26,Geschützter bzw. regulierter Herkunftsname; der offizielle Eigenname wird nicht übersetzt.,Nom d'origine protégé ou réglementé; le nom propre officiel n'est pas traduit.,Protected or regulated origin name; the official proper name is not translated.
FR-REG-RHONE-VALLEY,FR,Frankreich,France,France,Rhône Valley,Rhonetal,Vallée du Rhône,Rhône Valley,,region,Wine region (not asserted as protected appellation),AOC/AOP or IGP,regional_reference_only,INAO and European Commission,https://www.inao.gouv.fr/,https://ec.europa.eu/agriculture/eambrosia/geographical-indications-register/,2026-09-07,12952,Als Weinregion für Hierarchie und Mapping geführt; nicht als geschützte Appellation behauptet.,Conservée comme région viticole pour la hiérarchie et le mapping; aucun statut d'appellation protégée n'est affirmé.,Retained as a wine-region reference for hierarchy and mapping; not asserted as a protected appellation.
FR-REG-RIBEAUVILLE,FR,Frankreich,France,France,Ribeauvillé,Ribeauvillé,Ribeauvillé,Ribeauvillé,,region,Wine region (not asserted as protected appellation),AOC/AOP or IGP,regional_reference_only,INAO and European Commission,https://www.inao.gouv.fr/,https://ec.europa.eu/agriculture/eambrosia/geographical-indications-register/,2026-09-07,793,Als Weinregion für Hierarchie und Mapping geführt; nicht als geschützte Appellation behauptet.,Conservée comme région viticole pour la hiérarchie et le mapping; aucun statut d'appellation protégée n'est affirmé.,Retained as a wine-region reference for hierarchy and mapping; not asserted as a protected appellation.
FR-REG-RIQUEWIHR,FR,Frankreich,France,France,Riquewihr,Riquewihr,Riquewihr,Riquewihr,,region,Wine region (not asserted as protected appellation),AOC/AOP or IGP,regional_reference_only,INAO and European Commission,https://www.inao.gouv.fr/,https://ec.europa.eu/agriculture/eambrosia/geographical-indications-register/,2026-09-07,184,Als Weinregion für Hierarchie und Mapping geführt; nicht als geschützte Appellation behauptet.,Conservée comme région viticole pour la hiérarchie et le mapping; aucun statut d'appellation protégée n'est affirmé.,Retained as a wine-region reference for hierarchy and mapping; not asserted as a protected appellation.
FR-REG-ROUSSILLON,FR,Frankreich,France,France,Roussillon,Roussillon,Roussillon,Roussillon,,region,Wine region (not asserted as protected appellation),AOC/AOP or IGP,regional_reference_only,INAO and European Commission,https://www.inao.gouv.fr/,https://ec.europa.eu/agriculture/eambrosia/geographical-indications-register/,2026-09-07,1,Als Weinregion für Hierarchie und Mapping geführt; nicht als geschützte Appellation behauptet.,Conservée comme région viticole pour la hiérarchie et le mapping; aucun statut d'appellation protégée n'est affirmé.,Retained as a wine-region reference for hierarchy and mapping; not asserted as a protected appellation.
FR-ORI-SAVOIE,FR,Frankreich,France,France,Savoie,Savoie,Savoie,Savoie,Savoie,appellation,AOC/AOP,AOC/AOP or IGP,protected_current,INAO and European Commission,https://www.inao.gouv.fr/,https://ec.europa.eu/agriculture/eambrosia/geographical-indications-register/,2026-09-07,75,Geschützter bzw. regulierter Herkunftsname; der offizielle Eigenname wird nicht übersetzt.,Nom d'origine protégé ou réglementé; le nom propre officiel n'est pas traduit.,Protected or regulated origin name; the official proper name is not translated.
FR-REG-SUD-OUEST,FR,Frankreich,France,France,Sud-Ouest,Sud-Ouest,Sud-Ouest,Sud-Ouest,,region,Wine region (not asserted as protected appellation),AOC/AOP or IGP,regional_reference_only,INAO and European Commission,https://www.inao.gouv.fr/,https://ec.europa.eu/agriculture/eambrosia/geographical-indications-register/,2026-09-07,8,Als Weinregion für Hierarchie und Mapping geführt; nicht als geschützte Appellation behauptet.,Conservée comme région viticole pour la hiérarchie et le mapping; aucun statut d'appellation protégée n'est affirmé.,Retained as a wine-region reference for hierarchy and mapping; not asserted as a protected appellation.
FR-ORI-CAHORS,FR,Frankreich,France,France,Sud-Ouest,Sud-Ouest,Sud-Ouest,Sud-Ouest,Cahors,appellation,AOC/AOP,AOC/AOP or IGP,protected_current,INAO and European Commission,https://www.inao.gouv.fr/,https://ec.europa.eu/agriculture/eambrosia/geographical-indications-register/,2026-09-07,254,Geschützter bzw. regulierter Herkunftsname; der offizielle Eigenname wird nicht übersetzt.,Nom d'origine protégé ou réglementé; le nom propre officiel n'est pas traduit.,Protected or regulated origin name; the official proper name is not translated.
FR-ORI-COTES-DE-GASCOGNE,FR,Frankreich,France,France,Sud-Ouest,Sud-Ouest,Sud-Ouest,Sud-Ouest,Côtes de Gascogne,appellation,IGP,AOC/AOP or IGP,protected_current,INAO and European Commission,https://www.inao.gouv.fr/,https://ec.europa.eu/agriculture/eambrosia/geographical-indications-register/,2026-09-07,83,Geschützter bzw. regulierter Herkunftsname; der offizielle Eigenname wird nicht übersetzt.,Nom d'origine protégé ou réglementé; le nom propre officiel n'est pas traduit.,Protected or regulated origin name; the official proper name is not translated.
FR-ORI-JURANCON,FR,Frankreich,France,France,Sud-Ouest,Sud-Ouest,Sud-Ouest,Sud-Ouest,Jurançon,appellation,AOC/AOP,AOC/AOP or IGP,protected_current,INAO and European Commission,https://www.inao.gouv.fr/,https://ec.europa.eu/agriculture/eambrosia/geographical-indications-register/,2026-09-07,61,Geschützter bzw. regulierter Herkunftsname; der offizielle Eigenname wird nicht übersetzt.,Nom d'origine protégé ou réglementé; le nom propre officiel n'est pas traduit.,Protected or regulated origin name; the official proper name is not translated.
FR-ORI-MADIRAN,FR,Frankreich,France,France,Sud-Ouest,Sud-Ouest,Sud-Ouest,Sud-Ouest,Madiran,appellation,AOC/AOP,AOC/AOP or IGP,protected_current,INAO and European Commission,https://www.inao.gouv.fr/,https://ec.europa.eu/agriculture/eambrosia/geographical-indications-register/,2026-09-07,89,Geschützter bzw. regulierter Herkunftsname; der offizielle Eigenname wird nicht übersetzt.,Nom d'origine protégé ou réglementé; le nom propre officiel n'est pas traduit.,Protected or regulated origin name; the official proper name is not translated.
FR-REG-TURCKHEIM,FR,Frankreich,France,France,Turckheim,Turckheim,Turckheim,Turckheim,,region,Wine region (not asserted as protected appellation),AOC/AOP or IGP,regional_reference_only,INAO and European Commission,https://www.inao.gouv.fr/,https://ec.europa.eu/agriculture/eambrosia/geographical-indications-register/,2026-09-07,247,Als Weinregion für Hierarchie und Mapping geführt; nicht als geschützte Appellation behauptet.,Conservée comme région viticole pour la hiérarchie et le mapping; aucun statut d'appellation protégée n'est affirmé.,Retained as a wine-region reference for hierarchy and mapping; not asserted as a protected appellation.
FR-ORI-ARDECHE,FR,Frankreich,France,France,Vallée du Rhône,Rhonetal,Vallée du Rhône,Rhône Valley,Ardèche,appellation,IGP,AOC/AOP or IGP,protected_current,INAO and European Commission,https://www.inao.gouv.fr/,https://ec.europa.eu/agriculture/eambrosia/geographical-indications-register/,2026-09-07,46,Geschützter bzw. regulierter Herkunftsname; der offizielle Eigenname wird nicht übersetzt.,Nom d'origine protégé ou réglementé; le nom propre officiel n'est pas traduit.,Protected or regulated origin name; the official proper name is not translated.
FR-ORI-BEAUMES-DE-VENISE,FR,Frankreich,France,France,Vallée du Rhône,Rhonetal,Vallée du Rhône,Rhône Valley,Beaumes-de-Venise,appellation,AOC/AOP,AOC/AOP or IGP,protected_current,INAO and European Commission,https://www.inao.gouv.fr/,https://ec.europa.eu/agriculture/eambrosia/geographical-indications-register/,2026-09-07,30,Geschützter bzw. regulierter Herkunftsname; der offizielle Eigenname wird nicht übersetzt.,Nom d'origine protégé ou réglementé; le nom propre officiel n'est pas traduit.,Protected or regulated origin name; the official proper name is not translated.
FR-ORI-CAIRANNE,FR,Frankreich,France,France,Vallée du Rhône,Rhonetal,Vallée du Rhône,Rhône Valley,Cairanne,appellation,AOC/AOP,AOC/AOP or IGP,protected_current,INAO and European Commission,https://www.inao.gouv.fr/,https://ec.europa.eu/agriculture/eambrosia/geographical-indications-register/,2026-09-07,59,Geschützter bzw. regulierter Herkunftsname; der offizielle Eigenname wird nicht übersetzt.,Nom d'origine protégé ou réglementé; le nom propre officiel n'est pas traduit.,Protected or regulated origin name; the official proper name is not translated.
FR-ORI-CHATEAUNEUF-DU-PAPE,FR,Frankreich,France,France,Vallée du Rhône,Rhonetal,Vallée du Rhône,Rhône Valley,Châteauneuf-du-Pape,appellation,AOC/AOP,AOC/AOP or IGP,protected_current,INAO and European Commission,https://www.inao.gouv.fr/,https://ec.europa.eu/agriculture/eambrosia/geographical-indications-register/,2026-09-07,7780,Geschützter bzw. regulierter Herkunftsname; der offizielle Eigenname wird nicht übersetzt.,Nom d'origine protégé ou réglementé; le nom propre officiel n'est pas traduit.,Protected or regulated origin name; the official proper name is not translated.
FR-ORI-COLLINES-RHODANIENNES,FR,Frankreich,France,France,Vallée du Rhône,Rhonetal,Vallée du Rhône,Rhône Valley,Collines Rhodaniennes,appellation,IGP,AOC/AOP or IGP,protected_current,INAO and European Commission,https://www.inao.gouv.fr/,https://ec.europa.eu/agriculture/eambrosia/geographical-indications-register/,2026-09-07,122,Geschützter bzw. regulierter Herkunftsname; der offizielle Eigenname wird nicht übersetzt.,Nom d'origine protégé ou réglementé; le nom propre officiel n'est pas traduit.,Protected or regulated origin name; the official proper name is not translated.
FR-ORI-CONDRIEU,FR,Frankreich,France,France,Vallée du Rhône,Rhonetal,Vallée du Rhône,Rhône Valley,Condrieu,appellation,AOC/AOP,AOC/AOP or IGP,protected_current,INAO and European Commission,https://www.inao.gouv.fr/,https://ec.europa.eu/agriculture/eambrosia/geographical-indications-register/,2026-09-07,564,Geschützter bzw. regulierter Herkunftsname; der offizielle Eigenname wird nicht übersetzt.,Nom d'origine protégé ou réglementé; le nom propre officiel n'est pas traduit.,Protected or regulated origin name; the official proper name is not translated.
FR-ORI-CORNAS,FR,Frankreich,France,France,Vallée du Rhône,Rhonetal,Vallée du Rhône,Rhône Valley,Cornas,appellation,AOC/AOP,AOC/AOP or IGP,protected_current,INAO and European Commission,https://www.inao.gouv.fr/,https://ec.europa.eu/agriculture/eambrosia/geographical-indications-register/,2026-09-07,1477,Geschützter bzw. regulierter Herkunftsname; der offizielle Eigenname wird nicht übersetzt.,Nom d'origine protégé ou réglementé; le nom propre officiel n'est pas traduit.,Protected or regulated origin name; the official proper name is not translated.
FR-ORI-COTE-ROTIE,FR,Frankreich,France,France,Vallée du Rhône,Rhonetal,Vallée du Rhône,Rhône Valley,Côte-Rôtie,appellation,AOC/AOP,AOC/AOP or IGP,protected_current,INAO and European Commission,https://www.inao.gouv.fr/,https://ec.europa.eu/agriculture/eambrosia/geographical-indications-register/,2026-09-07,4287,Geschützter bzw. regulierter Herkunftsname; der offizielle Eigenname wird nicht übersetzt.,Nom d'origine protégé ou réglementé; le nom propre officiel n'est pas traduit.,Protected or regulated origin name; the official proper name is not translated.
FR-ORI-COTEAUX-DU-LYONNAIS,FR,Frankreich,France,France,Vallée du Rhône,Rhonetal,Vallée du Rhône,Rhône Valley,Coteaux du Lyonnais,appellation,AOC/AOP,AOC/AOP or IGP,protected_current,INAO and European Commission,https://www.inao.gouv.fr/,https://ec.europa.eu/agriculture/eambrosia/geographical-indications-register/,2026-09-07,11,Geschützter bzw. regulierter Herkunftsname; der offizielle Eigenname wird nicht übersetzt.,Nom d'origine protégé ou réglementé; le nom propre officiel n'est pas traduit.,Protected or regulated origin name; the official proper name is not translated.
FR-ORI-COTES-DU-RHONE,FR,Frankreich,France,France,Vallée du Rhône,Rhonetal,Vallée du Rhône,Rhône Valley,Côtes du Rhône,appellation,AOC/AOP,AOC/AOP or IGP,protected_current,INAO and European Commission,https://www.inao.gouv.fr/,https://ec.europa.eu/agriculture/eambrosia/geographical-indications-register/,2026-09-07,3195,Geschützter bzw. regulierter Herkunftsname; der offizielle Eigenname wird nicht übersetzt.,Nom d'origine protégé ou réglementé; le nom propre officiel n'est pas traduit.,Protected or regulated origin name; the official proper name is not translated.
FR-ORI-COTES-DU-RHONE-VILLAGES-ROAIX,FR,Frankreich,France,France,Vallée du Rhône,Rhonetal,Vallée du Rhône,Rhône Valley,Côtes du Rhône Villages Roaix,legal_subdesignation,AOC/AOP geographical denomination,AOC/AOP or IGP,protected_current,INAO and European Commission,https://www.inao.gouv.fr/,https://ec.europa.eu/agriculture/eambrosia/geographical-indications-register/,2026-09-07,10,Geschützter bzw. regulierter Herkunftsname; der offizielle Eigenname wird nicht übersetzt.,Nom d'origine protégé ou réglementé; le nom propre officiel n'est pas traduit.,Protected or regulated origin name; the official proper name is not translated.
FR-ORI-COTES-DU-RHONE-VILLAGES-VISAN,FR,Frankreich,France,France,Vallée du Rhône,Rhonetal,Vallée du Rhône,Rhône Valley,Côtes du Rhône Villages Visan,legal_subdesignation,AOC/AOP geographical denomination,AOC/AOP or IGP,protected_current,INAO and European Commission,https://www.inao.gouv.fr/,https://ec.europa.eu/agriculture/eambrosia/geographical-indications-register/,2026-09-07,1,Geschützter bzw. regulierter Herkunftsname; der offizielle Eigenname wird nicht übersetzt.,Nom d'origine protégé ou réglementé; le nom propre officiel n'est pas traduit.,Protected or regulated origin name; the official proper name is not translated.
FR-ORI-COTES-DU-VIVARAIS,FR,Frankreich,France,France,Vallée du Rhône,Rhonetal,Vallée du Rhône,Rhône Valley,Côtes du Vivarais,appellation,AOC/AOP,AOC/AOP or IGP,protected_current,INAO and European Commission,https://www.inao.gouv.fr/,https://ec.europa.eu/agriculture/eambrosia/geographical-indications-register/,2026-09-07,46,Geschützter bzw. regulierter Herkunftsname; der offizielle Eigenname wird nicht übersetzt.,Nom d'origine protégé ou réglementé; le nom propre officiel n'est pas traduit.,Protected or regulated origin name; the official proper name is not translated.
FR-ORI-CROZES-HERMITAGE,FR,Frankreich,France,France,Vallée du Rhône,Rhonetal,Vallée du Rhône,Rhône Valley,Crozes-Hermitage,appellation,AOC/AOP,AOC/AOP or IGP,protected_current,INAO and European Commission,https://www.inao.gouv.fr/,https://ec.europa.eu/agriculture/eambrosia/geographical-indications-register/,2026-09-07,1265,Geschützter bzw. regulierter Herkunftsname; der offizielle Eigenname wird nicht übersetzt.,Nom d'origine protégé ou réglementé; le nom propre officiel n'est pas traduit.,Protected or regulated origin name; the official proper name is not translated.
FR-ORI-GIGONDAS,FR,Frankreich,France,France,Vallée du Rhône,Rhonetal,Vallée du Rhône,Rhône Valley,Gigondas,appellation,AOC/AOP,AOC/AOP or IGP,protected_current,INAO and European Commission,https://www.inao.gouv.fr/,https://ec.europa.eu/agriculture/eambrosia/geographical-indications-register/,2026-09-07,702,Geschützter bzw. regulierter Herkunftsname; der offizielle Eigenname wird nicht übersetzt.,Nom d'origine protégé ou réglementé; le nom propre officiel n'est pas traduit.,Protected or regulated origin name; the official proper name is not translated.
FR-ORI-HERMITAGE,FR,Frankreich,France,France,Vallée du Rhône,Rhonetal,Vallée du Rhône,Rhône Valley,Hermitage,appellation,AOC/AOP,AOC/AOP or IGP,protected_current,INAO and European Commission,https://www.inao.gouv.fr/,https://ec.europa.eu/agriculture/eambrosia/geographical-indications-register/,2026-09-07,2961,Geschützter bzw. regulierter Herkunftsname; der offizielle Eigenname wird nicht übersetzt.,Nom d'origine protégé ou réglementé; le nom propre officiel n'est pas traduit.,Protected or regulated origin name; the official proper name is not translated.
FR-ORI-LIRAC,FR,Frankreich,France,France,Vallée du Rhône,Rhonetal,Vallée du Rhône,Rhône Valley,Lirac,appellation,AOC/AOP,AOC/AOP or IGP,protected_current,INAO and European Commission,https://www.inao.gouv.fr/,https://ec.europa.eu/agriculture/eambrosia/geographical-indications-register/,2026-09-07,203,Geschützter bzw. regulierter Herkunftsname; der offizielle Eigenname wird nicht übersetzt.,Nom d'origine protégé ou réglementé; le nom propre officiel n'est pas traduit.,Protected or regulated origin name; the official proper name is not translated.
FR-ORI-LUBERON,FR,Frankreich,France,France,Vallée du Rhône,Rhonetal,Vallée du Rhône,Rhône Valley,Luberon,appellation,AOC/AOP,AOC/AOP or IGP,protected_current,INAO and European Commission,https://www.inao.gouv.fr/,https://ec.europa.eu/agriculture/eambrosia/geographical-indications-register/,2026-09-07,95,Geschützter bzw. regulierter Herkunftsname; der offizielle Eigenname wird nicht übersetzt.,Nom d'origine protégé ou réglementé; le nom propre officiel n'est pas traduit.,Protected or regulated origin name; the official proper name is not translated.
FR-ORI-MUSCAT-DE-BEAUMES-DE-VENISE,FR,Frankreich,France,France,Vallée du Rhône,Rhonetal,Vallée du Rhône,Rhône Valley,Muscat de Beaumes-de-Venise,appellation,AOC/AOP,AOC/AOP or IGP,protected_current,INAO and European Commission,https://www.inao.gouv.fr/,https://ec.europa.eu/agriculture/eambrosia/geographical-indications-register/,2026-09-07,150,Geschützter bzw. regulierter Herkunftsname; der offizielle Eigenname wird nicht übersetzt.,Nom d'origine protégé ou réglementé; le nom propre officiel n'est pas traduit.,Protected or regulated origin name; the official proper name is not translated.
FR-ORI-PRINCIPAUTE-D-ORANGE,FR,Frankreich,France,France,Vallée du Rhône,Rhonetal,Vallée du Rhône,Rhône Valley,Principauté d'Orange,appellation,IGP,AOC/AOP or IGP,protected_current,INAO and European Commission,https://www.inao.gouv.fr/,https://ec.europa.eu/agriculture/eambrosia/geographical-indications-register/,2026-09-07,22,Geschützter bzw. regulierter Herkunftsname; der offizielle Eigenname wird nicht übersetzt.,Nom d'origine protégé ou réglementé; le nom propre officiel n'est pas traduit.,Protected or regulated origin name; the official proper name is not translated.
FR-ORI-RASTEAU,FR,Frankreich,France,France,Vallée du Rhône,Rhonetal,Vallée du Rhône,Rhône Valley,Rasteau,appellation,AOC/AOP,AOC/AOP or IGP,protected_current,INAO and European Commission,https://www.inao.gouv.fr/,https://ec.europa.eu/agriculture/eambrosia/geographical-indications-register/,2026-09-07,85,Geschützter bzw. regulierter Herkunftsname; der offizielle Eigenname wird nicht übersetzt.,Nom d'origine protégé ou réglementé; le nom propre officiel n'est pas traduit.,Protected or regulated origin name; the official proper name is not translated.
FR-ORI-SAINT-JOSEPH,FR,Frankreich,France,France,Vallée du Rhône,Rhonetal,Vallée du Rhône,Rhône Valley,Saint-Joseph,appellation,AOC/AOP,AOC/AOP or IGP,protected_current,INAO and European Commission,https://www.inao.gouv.fr/,https://ec.europa.eu/agriculture/eambrosia/geographical-indications-register/,2026-09-07,1434,Geschützter bzw. regulierter Herkunftsname; der offizielle Eigenname wird nicht übersetzt.,Nom d'origine protégé ou réglementé; le nom propre officiel n'est pas traduit.,Protected or regulated origin name; the official proper name is not translated.
FR-ORI-SAINT-PERAY,FR,Frankreich,France,France,Vallée du Rhône,Rhonetal,Vallée du Rhône,Rhône Valley,Saint-Péray,appellation,AOC/AOP,AOC/AOP or IGP,protected_current,INAO and European Commission,https://www.inao.gouv.fr/,https://ec.europa.eu/agriculture/eambrosia/geographical-indications-register/,2026-09-07,74,Geschützter bzw. regulierter Herkunftsname; der offizielle Eigenname wird nicht übersetzt.,Nom d'origine protégé ou réglementé; le nom propre officiel n'est pas traduit.,Protected or regulated origin name; the official proper name is not translated.
FR-ORI-TAVEL,FR,Frankreich,France,France,Vallée du Rhône,Rhonetal,Vallée du Rhône,Rhône Valley,Tavel,appellation,AOC/AOP,AOC/AOP or IGP,protected_current,INAO and European Commission,https://www.inao.gouv.fr/,https://ec.europa.eu/agriculture/eambrosia/geographical-indications-register/,2026-09-07,71,Geschützter bzw. regulierter Herkunftsname; der offizielle Eigenname wird nicht übersetzt.,Nom d'origine protégé ou réglementé; le nom propre officiel n'est pas traduit.,Protected or regulated origin name; the official proper name is not translated.
FR-ORI-VACQUEYRAS,FR,Frankreich,France,France,Vallée du Rhône,Rhonetal,Vallée du Rhône,Rhône Valley,Vacqueyras,appellation,AOC/AOP,AOC/AOP or IGP,protected_current,INAO and European Commission,https://www.inao.gouv.fr/,https://ec.europa.eu/agriculture/eambrosia/geographical-indications-register/,2026-09-07,147,Geschützter bzw. regulierter Herkunftsname; der offizielle Eigenname wird nicht übersetzt.,Nom d'origine protégé ou réglementé; le nom propre officiel n'est pas traduit.,Protected or regulated origin name; the official proper name is not translated.
FR-ORI-VAUCLUSE,FR,Frankreich,France,France,Vallée du Rhône,Rhonetal,Vallée du Rhône,Rhône Valley,Vaucluse,appellation,IGP,AOC/AOP or IGP,protected_current,INAO and European Commission,https://www.inao.gouv.fr/,https://ec.europa.eu/agriculture/eambrosia/geographical-indications-register/,2026-09-07,172,Geschützter bzw. regulierter Herkunftsname; der offizielle Eigenname wird nicht übersetzt.,Nom d'origine protégé ou réglementé; le nom propre officiel n'est pas traduit.,Protected or regulated origin name; the official proper name is not translated.
FR-ORI-VENTOUX,FR,Frankreich,France,France,Vallée du Rhône,Rhonetal,Vallée du Rhône,Rhône Valley,Ventoux,appellation,AOC/AOP,AOC/AOP or IGP,protected_current,INAO and European Commission,https://www.inao.gouv.fr/,https://ec.europa.eu/agriculture/eambrosia/geographical-indications-register/,2026-09-07,117,Geschützter bzw. regulierter Herkunftsname; der offizielle Eigenname wird nicht übersetzt.,Nom d'origine protégé ou réglementé; le nom propre officiel n'est pas traduit.,Protected or regulated origin name; the official proper name is not translated.
FR-ORI-VINSOBRES,FR,Frankreich,France,France,Vallée du Rhône,Rhonetal,Vallée du Rhône,Rhône Valley,Vinsobres,appellation,AOC/AOP,AOC/AOP or IGP,protected_current,INAO and European Commission,https://www.inao.gouv.fr/,https://ec.europa.eu/agriculture/eambrosia/geographical-indications-register/,2026-09-07,24,Geschützter bzw. regulierter Herkunftsname; der offizielle Eigenname wird nicht übersetzt.,Nom d'origine protégé ou réglementé; le nom propre officiel n'est pas traduit.,Protected or regulated origin name; the official proper name is not translated.
FR-REG-WETTOLSHEIM,FR,Frankreich,France,France,Wettolsheim,Wettolsheim,Wettolsheim,Wettolsheim,,region,Wine region (not asserted as protected appellation),AOC/AOP or IGP,regional_reference_only,INAO and European Commission,https://www.inao.gouv.fr/,https://ec.europa.eu/agriculture/eambrosia/geographical-indications-register/,2026-09-07,86,Als Weinregion für Hierarchie und Mapping geführt; nicht als geschützte Appellation behauptet.,Conservée comme région viticole pour la hiérarchie et le mapping; aucun statut d'appellation protégée n'est affirmé.,Retained as a wine-region reference for hierarchy and mapping; not asserted as a protected appellation.
FR-REG-WINTZENHEIM,FR,Frankreich,France,France,Wintzenheim,Wintzenheim,Wintzenheim,Wintzenheim,,region,Wine region (not asserted as protected appellation),AOC/AOP or IGP,regional_reference_only,INAO and European Commission,https://www.inao.gouv.fr/,https://ec.europa.eu/agriculture/eambrosia/geographical-indications-register/,2026-09-07,223,Als Weinregion für Hierarchie und Mapping geführt; nicht als geschützte Appellation behauptet.,Conservée comme région viticole pour la hiérarchie et le mapping; aucun statut d'appellation protégée n'est affirmé.,Retained as a wine-region reference for hierarchy and mapping; not asserted as a protected appellation.
GB-COUNTRY,GB,Vereinigtes Königreich,Royaume-Uni,United Kingdom,,,,,,country,Country of origin,Country-level origin,country_reference,"Department for Environment, Food & Rural Affairs (Defra)",https://www.gov.uk/protected-food-drink-names,https://www.legislation.gov.uk/uksi/2019/1625/contents,2026-09-07,73,Länderangabe ohne verlässlich ableitbare Region oder Appellation.,Indication du pays sans région ni appellation pouvant être déduite de manière fiable.,Country indication without a region or appellation that can be derived reliably.
GB-REG-KENT,GB,Vereinigtes Königreich,Royaume-Uni,United Kingdom,Kent,Kent,Kent,Kent,,region,Wine region (not asserted as protected appellation),UK PDO/PGI,regional_reference_only,"Department for Environment, Food & Rural Affairs (Defra)",https://www.gov.uk/protected-food-drink-names,https://www.legislation.gov.uk/uksi/2019/1625/contents,2026-09-07,16,Als Weinregion für Hierarchie und Mapping geführt; nicht als geschützte Appellation behauptet.,Conservée comme région viticole pour la hiérarchie et le mapping; aucun statut d'appellation protégée n'est affirmé.,Retained as a wine-region reference for hierarchy and mapping; not asserted as a protected appellation.
GB-ORI-SUSSEX,GB,Vereinigtes Königreich,Royaume-Uni,United Kingdom,Sussex,Sussex,Sussex,Sussex,Sussex,appellation,UK PDO,UK PDO/PGI,protected_current,"Department for Environment, Food & Rural Affairs (Defra)",https://www.gov.uk/protected-food-drink-names,https://www.legislation.gov.uk/uksi/2019/1625/contents,2026-09-07,5,Geschützter bzw. regulierter Herkunftsname; der offizielle Eigenname wird nicht übersetzt.,Nom d'origine protégé ou réglementé; le nom propre officiel n'est pas traduit.,Protected or regulated origin name; the official proper name is not translated.
GE-COUNTRY,GE,Georgien,Géorgie,Georgia,,,,,,country,Country of origin,Country-level origin,country_reference,National Wine Agency of Georgia,https://wine.gov.ge/En/Wine,https://matsne.gov.ge/en/document/view/28102,2026-09-07,2,Länderangabe ohne verlässlich ableitbare Region oder Appellation.,Indication du pays sans région ni appellation pouvant être déduite de manière fiable.,Country indication without a region or appellation that can be derived reliably.
GE-ORI-KAKHETI,GE,Georgien,Géorgie,Georgia,Kakheti,Kakheti,Kakheti,Kakheti,Kakheti,appellation,Protected Designation of Origin,PDO,protected_current,National Wine Agency of Georgia,https://wine.gov.ge/En/Wine,https://matsne.gov.ge/en/document/view/28102,2026-09-07,11,Geschützter bzw. regulierter Herkunftsname; der offizielle Eigenname wird nicht übersetzt.,Nom d'origine protégé ou réglementé; le nom propre officiel n'est pas traduit.,Protected or regulated origin name; the official proper name is not translated.
GR-COUNTRY,GR,Griechenland,Grèce,Greece,,,,,,country,Country of origin,Country-level origin,country_reference,"European Commission, eAmbrosia GI Register",https://ec.europa.eu/agriculture/eambrosia/geographical-indications-register/,https://eur-lex.europa.eu/eli/reg/2024/1143/oj,2026-09-07,108,Länderangabe ohne verlässlich ableitbare Region oder Appellation.,Indication du pays sans région ni appellation pouvant être déduite de manière fiable.,Country indication without a region or appellation that can be derived reliably.
GR-ORI-SANTORINI,GR,Griechenland,Grèce,Greece,Aegean Islands,Aegean Islands,Aegean Islands,Aegean Islands,Santorini,appellation,EU PDO,EU PDO/PGI,protected_current,"European Commission, eAmbrosia GI Register",https://ec.europa.eu/agriculture/eambrosia/geographical-indications-register/,https://eur-lex.europa.eu/eli/reg/2024/1143/oj,2026-09-07,19,Geschützter bzw. regulierter Herkunftsname; der offizielle Eigenname wird nicht übersetzt.,Nom d'origine protégé ou réglementé; le nom propre officiel n'est pas traduit.,Protected or regulated origin name; the official proper name is not translated.
GR-ORI-NAOUSSA,GR,Griechenland,Grèce,Greece,Macedonia,Macedonia,Macedonia,Macedonia,Naoussa,appellation,EU PDO,EU PDO/PGI,protected_current,"European Commission, eAmbrosia GI Register",https://ec.europa.eu/agriculture/eambrosia/geographical-indications-register/,https://eur-lex.europa.eu/eli/reg/2024/1143/oj,2026-09-07,12,Geschützter bzw. regulierter Herkunftsname; der offizielle Eigenname wird nicht übersetzt.,Nom d'origine protégé ou réglementé; le nom propre officiel n'est pas traduit.,Protected or regulated origin name; the official proper name is not translated.
GR-ORI-MANTINIA,GR,Griechenland,Grèce,Greece,Peloponnese,Peloponnese,Peloponnese,Peloponnese,Mantinia,appellation,EU PDO,EU PDO/PGI,protected_current,"European Commission, eAmbrosia GI Register",https://ec.europa.eu/agriculture/eambrosia/geographical-indications-register/,https://eur-lex.europa.eu/eli/reg/2024/1143/oj,2026-09-07,0,Geschützter bzw. regulierter Herkunftsname; der offizielle Eigenname wird nicht übersetzt.,Nom d'origine protégé ou réglementé; le nom propre officiel n'est pas traduit.,Protected or regulated origin name; the official proper name is not translated.
GR-ORI-NEMEA,GR,Griechenland,Grèce,Greece,Peloponnese,Peloponnese,Peloponnese,Peloponnese,Nemea,appellation,EU PDO,EU PDO/PGI,protected_current,"European Commission, eAmbrosia GI Register",https://ec.europa.eu/agriculture/eambrosia/geographical-indications-register/,https://eur-lex.europa.eu/eli/reg/2024/1143/oj,2026-09-07,50,Geschützter bzw. regulierter Herkunftsname; der offizielle Eigenname wird nicht übersetzt.,Nom d'origine protégé ou réglementé; le nom propre officiel n'est pas traduit.,Protected or regulated origin name; the official proper name is not translated.
HU-COUNTRY,HU,Ungarn,Hongrie,Hungary,,,,,,country,Country of origin,Country-level origin,country_reference,"European Commission, eAmbrosia GI Register",https://ec.europa.eu/agriculture/eambrosia/geographical-indications-register/,https://eur-lex.europa.eu/eli/reg/2024/1143/oj,2026-09-07,27,Länderangabe ohne verlässlich ableitbare Region oder Appellation.,Indication du pays sans région ni appellation pouvant être déduite de manière fiable.,Country indication without a region or appellation that can be derived reliably.
HU-ORI-TOKAJ,HU,Ungarn,Hongrie,Hungary,Tokaj,Tokaj,Tokaj,Tokaj,Tokaj,appellation,EU PDO,EU PDO/PGI,protected_current,"European Commission, eAmbrosia GI Register",https://ec.europa.eu/agriculture/eambrosia/geographical-indications-register/,https://eur-lex.europa.eu/eli/reg/2024/1143/oj,2026-09-07,461,Geschützter bzw. regulierter Herkunftsname; der offizielle Eigenname wird nicht übersetzt.,Nom d'origine protégé ou réglementé; le nom propre officiel n'est pas traduit.,Protected or regulated origin name; the official proper name is not translated.
IT-COUNTRY,IT,Italien,Italie,Italy,,,,,,country,Country of origin,Country-level origin,country_reference,"European Commission, eAmbrosia GI Register",https://ec.europa.eu/agriculture/eambrosia/geographical-indications-register/,https://eur-lex.europa.eu/eli/reg/2024/1143/oj,2026-09-07,1951,Länderangabe ohne verlässlich ableitbare Region oder Appellation.,Indication du pays sans région ni appellation pouvant être déduite de manière fiable.,Country indication without a region or appellation that can be derived reliably.
IT-ORI-ABRUZZO,IT,Italien,Italie,Italy,Abruzzo,Abruzzen,Abruzzes,Abruzzo,Abruzzo,appellation,DOC / EU PDO,EU PDO/PGI,protected_current,"European Commission, eAmbrosia GI Register",https://ec.europa.eu/agriculture/eambrosia/geographical-indications-register/,https://eur-lex.europa.eu/eli/reg/2024/1143/oj,2026-09-07,241,Geschützter bzw. regulierter Herkunftsname; der offizielle Eigenname wird nicht übersetzt.,Nom d'origine protégé ou réglementé; le nom propre officiel n'est pas traduit.,Protected or regulated origin name; the official proper name is not translated.
IT-ORI-MONTEPULCIANO-D-ABRUZZO,IT,Italien,Italie,Italy,Abruzzo,Abruzzen,Abruzzes,Abruzzo,Montepulciano d'Abruzzo,appellation,DOC / EU PDO,EU PDO/PGI,protected_current,"European Commission, eAmbrosia GI Register",https://ec.europa.eu/agriculture/eambrosia/geographical-indications-register/,https://eur-lex.europa.eu/eli/reg/2024/1143/oj,2026-09-07,300,Geschützter bzw. regulierter Herkunftsname; der offizielle Eigenname wird nicht übersetzt.,Nom d'origine protégé ou réglementé; le nom propre officiel n'est pas traduit.,Protected or regulated origin name; the official proper name is not translated.
IT-ORI-AGLIANICO-DEL-VULTURE,IT,Italien,Italie,Italy,Basilicata,Basilikata,Basilicate,Basilicata,Aglianico del Vulture,appellation,DOC / EU PDO,EU PDO/PGI,protected_current,"European Commission, eAmbrosia GI Register",https://ec.europa.eu/agriculture/eambrosia/geographical-indications-register/,https://eur-lex.europa.eu/eli/reg/2024/1143/oj,2026-09-07,17,Geschützter bzw. regulierter Herkunftsname; der offizielle Eigenname wird nicht übersetzt.,Nom d'origine protégé ou réglementé; le nom propre officiel n'est pas traduit.,Protected or regulated origin name; the official proper name is not translated.
IT-ORI-BASILICATA,IT,Italien,Italie,Italy,Basilicata,Basilikata,Basilicate,Basilicata,Basilicata,appellation,IGT / EU PGI,EU PDO/PGI,protected_current,"European Commission, eAmbrosia GI Register",https://ec.europa.eu/agriculture/eambrosia/geographical-indications-register/,https://eur-lex.europa.eu/eli/reg/2024/1143/oj,2026-09-07,13,Geschützter bzw. regulierter Herkunftsname; der offizielle Eigenname wird nicht übersetzt.,Nom d'origine protégé ou réglementé; le nom propre officiel n'est pas traduit.,Protected or regulated origin name; the official proper name is not translated.
IT-ORI-CALABRIA,IT,Italien,Italie,Italy,Calabria,Kalabrien,Calabre,Calabria,Calabria,appellation,IGT / EU PGI,EU PDO/PGI,protected_current,"European Commission, eAmbrosia GI Register",https://ec.europa.eu/agriculture/eambrosia/geographical-indications-register/,https://eur-lex.europa.eu/eli/reg/2024/1143/oj,2026-09-07,60,Geschützter bzw. regulierter Herkunftsname; der offizielle Eigenname wird nicht übersetzt.,Nom d'origine protégé ou réglementé; le nom propre officiel n'est pas traduit.,Protected or regulated origin name; the official proper name is not translated.
IT-ORI-CIRO,IT,Italien,Italie,Italy,Calabria,Kalabrien,Calabre,Calabria,Cirò,appellation,DOC / EU PDO,EU PDO/PGI,protected_current,"European Commission, eAmbrosia GI Register",https://ec.europa.eu/agriculture/eambrosia/geographical-indications-register/,https://eur-lex.europa.eu/eli/reg/2024/1143/oj,2026-09-07,8,Geschützter bzw. regulierter Herkunftsname; der offizielle Eigenname wird nicht übersetzt.,Nom d'origine protégé ou réglementé; le nom propre officiel n'est pas traduit.,Protected or regulated origin name; the official proper name is not translated.
IT-ORI-CAMPANIA,IT,Italien,Italie,Italy,Campania,Kampanien,Campanie,Campania,Campania,appellation,IGT / EU PGI,EU PDO/PGI,protected_current,"European Commission, eAmbrosia GI Register",https://ec.europa.eu/agriculture/eambrosia/geographical-indications-register/,https://eur-lex.europa.eu/eli/reg/2024/1143/oj,2026-09-07,406,Geschützter bzw. regulierter Herkunftsname; der offizielle Eigenname wird nicht übersetzt.,Nom d'origine protégé ou réglementé; le nom propre officiel n'est pas traduit.,Protected or regulated origin name; the official proper name is not translated.
IT-ORI-FIANO-DI-AVELLINO,IT,Italien,Italie,Italy,Campania,Kampanien,Campanie,Campania,Fiano di Avellino,appellation,DOCG / EU PDO,EU PDO/PGI,protected_current,"European Commission, eAmbrosia GI Register",https://ec.europa.eu/agriculture/eambrosia/geographical-indications-register/,https://eur-lex.europa.eu/eli/reg/2024/1143/oj,2026-09-07,16,Geschützter bzw. regulierter Herkunftsname; der offizielle Eigenname wird nicht übersetzt.,Nom d'origine protégé ou réglementé; le nom propre officiel n'est pas traduit.,Protected or regulated origin name; the official proper name is not translated.
IT-ORI-GRECO-DI-TUFO,IT,Italien,Italie,Italy,Campania,Kampanien,Campanie,Campania,Greco di Tufo,appellation,DOCG / EU PDO,EU PDO/PGI,protected_current,"European Commission, eAmbrosia GI Register",https://ec.europa.eu/agriculture/eambrosia/geographical-indications-register/,https://eur-lex.europa.eu/eli/reg/2024/1143/oj,2026-09-07,20,Geschützter bzw. regulierter Herkunftsname; der offizielle Eigenname wird nicht übersetzt.,Nom d'origine protégé ou réglementé; le nom propre officiel n'est pas traduit.,Protected or regulated origin name; the official proper name is not translated.
IT-ORI-TAURASI,IT,Italien,Italie,Italy,Campania,Kampanien,Campanie,Campania,Taurasi,appellation,DOCG / EU PDO,EU PDO/PGI,protected_current,"European Commission, eAmbrosia GI Register",https://ec.europa.eu/agriculture/eambrosia/geographical-indications-register/,https://eur-lex.europa.eu/eli/reg/2024/1143/oj,2026-09-07,96,Geschützter bzw. regulierter Herkunftsname; der offizielle Eigenname wird nicht übersetzt.,Nom d'origine protégé ou réglementé; le nom propre officiel n'est pas traduit.,Protected or regulated origin name; the official proper name is not translated.
IT-REG-EMILIA-ROMAGNA,IT,Italien,Italie,Italy,Emilia-Romagna,Emilia-Romagna,Emilia-Romagna,Emilia-Romagna,,region,Wine region (not asserted as protected appellation),EU PDO/PGI,regional_reference_only,"European Commission, eAmbrosia GI Register",https://ec.europa.eu/agriculture/eambrosia/geographical-indications-register/,https://eur-lex.europa.eu/eli/reg/2024/1143/oj,2026-09-07,109,Als Weinregion für Hierarchie und Mapping geführt; nicht als geschützte Appellation behauptet.,Conservée comme région viticole pour la hiérarchie et le mapping; aucun statut d'appellation protégée n'est affirmé.,Retained as a wine-region reference for hierarchy and mapping; not asserted as a protected appellation.
IT-ORI-COLLIO,IT,Italien,Italie,Italy,Friuli-Venezia Giulia,Friaul-Julisch Venetien,Frioul-Vénétie Julienne,Friuli-Venezia Giulia,Collio,appellation,DOC / EU PDO,EU PDO/PGI,protected_current,"European Commission, eAmbrosia GI Register",https://ec.europa.eu/agriculture/eambrosia/geographical-indications-register/,https://eur-lex.europa.eu/eli/reg/2024/1143/oj,2026-09-07,226,Geschützter bzw. regulierter Herkunftsname; der offizielle Eigenname wird nicht übersetzt.,Nom d'origine protégé ou réglementé; le nom propre officiel n'est pas traduit.,Protected or regulated origin name; the official proper name is not translated.
IT-ORI-FRIULI-COLLI-ORIENTALI,IT,Italien,Italie,Italy,Friuli-Venezia Giulia,Friaul-Julisch Venetien,Frioul-Vénétie Julienne,Friuli-Venezia Giulia,Friuli Colli Orientali,appellation,DOC / EU PDO,EU PDO/PGI,protected_current,"European Commission, eAmbrosia GI Register",https://ec.europa.eu/agriculture/eambrosia/geographical-indications-register/,https://eur-lex.europa.eu/eli/reg/2024/1143/oj,2026-09-07,157,Geschützter bzw. regulierter Herkunftsname; der offizielle Eigenname wird nicht übersetzt.,Nom d'origine protégé ou réglementé; le nom propre officiel n'est pas traduit.,Protected or regulated origin name; the official proper name is not translated.
IT-ORI-FRIULI-VENEZIA-GIULIA,IT,Italien,Italie,Italy,Friuli-Venezia Giulia,Friaul-Julisch Venetien,Frioul-Vénétie Julienne,Friuli-Venezia Giulia,Friuli-Venezia Giulia,appellation,DOC / EU PDO,EU PDO/PGI,protected_current,"European Commission, eAmbrosia GI Register",https://ec.europa.eu/agriculture/eambrosia/geographical-indications-register/,https://eur-lex.europa.eu/eli/reg/2024/1143/oj,2026-09-07,126,Geschützter bzw. regulierter Herkunftsname; der offizielle Eigenname wird nicht übersetzt.,Nom d'origine protégé ou réglementé; le nom propre officiel n'est pas traduit.,Protected or regulated origin name; the official proper name is not translated.
IT-ORI-VENEZIA-GIULIA,IT,Italien,Italie,Italy,Friuli-Venezia Giulia,Friaul-Julisch Venetien,Frioul-Vénétie Julienne,Friuli-Venezia Giulia,Venezia Giulia,appellation,IGT / EU PGI,EU PDO/PGI,protected_current,"European Commission, eAmbrosia GI Register",https://ec.europa.eu/agriculture/eambrosia/geographical-indications-register/,https://eur-lex.europa.eu/eli/reg/2024/1143/oj,2026-09-07,194,Geschützter bzw. regulierter Herkunftsname; der offizielle Eigenname wird nicht übersetzt.,Nom d'origine protégé ou réglementé; le nom propre officiel n'est pas traduit.,Protected or regulated origin name; the official proper name is not translated.
IT-ORI-FRANCIACORTA,IT,Italien,Italie,Italy,Lombardia,Lombardei,Lombardie,Lombardy,Franciacorta,appellation,DOCG / EU PDO,EU PDO/PGI,protected_current,"European Commission, eAmbrosia GI Register",https://ec.europa.eu/agriculture/eambrosia/geographical-indications-register/,https://eur-lex.europa.eu/eli/reg/2024/1143/oj,2026-09-07,130,Geschützter bzw. regulierter Herkunftsname; der offizielle Eigenname wird nicht übersetzt.,Nom d'origine protégé ou réglementé; le nom propre officiel n'est pas traduit.,Protected or regulated origin name; the official proper name is not translated.
IT-ORI-LOMBARDIA,IT,Italien,Italie,Italy,Lombardia,Lombardei,Lombardie,Lombardy,Lombardia,appellation,IGT / EU PGI,EU PDO/PGI,protected_current,"European Commission, eAmbrosia GI Register",https://ec.europa.eu/agriculture/eambrosia/geographical-indications-register/,https://eur-lex.europa.eu/eli/reg/2024/1143/oj,2026-09-07,93,Geschützter bzw. regulierter Herkunftsname; der offizielle Eigenname wird nicht übersetzt.,Nom d'origine protégé ou réglementé; le nom propre officiel n'est pas traduit.,Protected or regulated origin name; the official proper name is not translated.
IT-ORI-PROVINCIA-DI-PAVIA,IT,Italien,Italie,Italy,Lombardia,Lombardei,Lombardie,Lombardy,Provincia di Pavia,appellation,IGT / EU PGI,EU PDO/PGI,protected_current,"European Commission, eAmbrosia GI Register",https://ec.europa.eu/agriculture/eambrosia/geographical-indications-register/,https://eur-lex.europa.eu/eli/reg/2024/1143/oj,2026-09-07,109,Geschützter bzw. regulierter Herkunftsname; der offizielle Eigenname wird nicht übersetzt.,Nom d'origine protégé ou réglementé; le nom propre officiel n'est pas traduit.,Protected or regulated origin name; the official proper name is not translated.
IT-ORI-VALTELLINA,IT,Italien,Italie,Italy,Lombardia,Lombardei,Lombardie,Lombardy,Valtellina,appellation,DOC / EU PDO,EU PDO/PGI,protected_current,"European Commission, eAmbrosia GI Register",https://ec.europa.eu/agriculture/eambrosia/geographical-indications-register/,https://eur-lex.europa.eu/eli/reg/2024/1143/oj,2026-09-07,139,Geschützter bzw. regulierter Herkunftsname; der offizielle Eigenname wird nicht übersetzt.,Nom d'origine protégé ou réglementé; le nom propre officiel n'est pas traduit.,Protected or regulated origin name; the official proper name is not translated.
IT-ORI-VALTELLINA-SUPERIORE,IT,Italien,Italie,Italy,Lombardia,Lombardei,Lombardie,Lombardy,Valtellina Superiore,appellation,DOC / EU PDO,EU PDO/PGI,protected_current,"European Commission, eAmbrosia GI Register",https://ec.europa.eu/agriculture/eambrosia/geographical-indications-register/,https://eur-lex.europa.eu/eli/reg/2024/1143/oj,2026-09-07,62,Geschützter bzw. regulierter Herkunftsname; der offizielle Eigenname wird nicht übersetzt.,Nom d'origine protégé ou réglementé; le nom propre officiel n'est pas traduit.,Protected or regulated origin name; the official proper name is not translated.
IT-ORI-MARCHE,IT,Italien,Italie,Italy,Marche,Marken,Marches,Marche,Marche,appellation,IGT / EU PGI,EU PDO/PGI,protected_current,"European Commission, eAmbrosia GI Register",https://ec.europa.eu/agriculture/eambrosia/geographical-indications-register/,https://eur-lex.europa.eu/eli/reg/2024/1143/oj,2026-09-07,57,Geschützter bzw. regulierter Herkunftsname; der offizielle Eigenname wird nicht übersetzt.,Nom d'origine protégé ou réglementé; le nom propre officiel n'est pas traduit.,Protected or regulated origin name; the official proper name is not translated.
IT-ORI-VERDICCHIO-DEI-CASTELLI-DI-JESI,IT,Italien,Italie,Italy,Marche,Marken,Marches,Marche,Verdicchio dei Castelli di Jesi,appellation,DOC / EU PDO,EU PDO/PGI,protected_current,"European Commission, eAmbrosia GI Register",https://ec.europa.eu/agriculture/eambrosia/geographical-indications-register/,https://eur-lex.europa.eu/eli/reg/2024/1143/oj,2026-09-07,9,Geschützter bzw. regulierter Herkunftsname; der offizielle Eigenname wird nicht übersetzt.,Nom d'origine protégé ou réglementé; le nom propre officiel n'est pas traduit.,Protected or regulated origin name; the official proper name is not translated.
IT-ORI-ASTI,IT,Italien,Italie,Italy,Piemonte,Piemont,Piémont,Piedmont,Asti,appellation,DOCG / EU PDO,EU PDO/PGI,protected_current,"European Commission, eAmbrosia GI Register",https://ec.europa.eu/agriculture/eambrosia/geographical-indications-register/,https://eur-lex.europa.eu/eli/reg/2024/1143/oj,2026-09-07,17,Geschützter bzw. regulierter Herkunftsname; der offizielle Eigenname wird nicht übersetzt.,Nom d'origine protégé ou réglementé; le nom propre officiel n'est pas traduit.,Protected or regulated origin name; the official proper name is not translated.
IT-ORI-BARBARESCO,IT,Italien,Italie,Italy,Piemonte,Piemont,Piémont,Piedmont,Barbaresco,appellation,DOCG / EU PDO,EU PDO/PGI,protected_current,"European Commission, eAmbrosia GI Register",https://ec.europa.eu/agriculture/eambrosia/geographical-indications-register/,https://eur-lex.europa.eu/eli/reg/2024/1143/oj,2026-09-07,3286,Geschützter bzw. regulierter Herkunftsname; der offizielle Eigenname wird nicht übersetzt.,Nom d'origine protégé ou réglementé; le nom propre officiel n'est pas traduit.,Protected or regulated origin name; the official proper name is not translated.
IT-ORI-BARBERA-D-ALBA,IT,Italien,Italie,Italy,Piemonte,Piemont,Piémont,Piedmont,Barbera d'Alba,appellation,DOC / EU PDO,EU PDO/PGI,protected_current,"European Commission, eAmbrosia GI Register",https://ec.europa.eu/agriculture/eambrosia/geographical-indications-register/,https://eur-lex.europa.eu/eli/reg/2024/1143/oj,2026-09-07,981,Geschützter bzw. regulierter Herkunftsname; der offizielle Eigenname wird nicht übersetzt.,Nom d'origine protégé ou réglementé; le nom propre officiel n'est pas traduit.,Protected or regulated origin name; the official proper name is not translated.
IT-ORI-BARBERA-D-ASTI,IT,Italien,Italie,Italy,Piemonte,Piemont,Piémont,Piedmont,Barbera d'Asti,appellation,DOCG / EU PDO,EU PDO/PGI,protected_current,"European Commission, eAmbrosia GI Register",https://ec.europa.eu/agriculture/eambrosia/geographical-indications-register/,https://eur-lex.europa.eu/eli/reg/2024/1143/oj,2026-09-07,325,Geschützter bzw. regulierter Herkunftsname; der offizielle Eigenname wird nicht übersetzt.,Nom d'origine protégé ou réglementé; le nom propre officiel n'est pas traduit.,Protected or regulated origin name; the official proper name is not translated.
IT-ORI-BAROLO,IT,Italien,Italie,Italy,Piemonte,Piemont,Piémont,Piedmont,Barolo,appellation,DOCG / EU PDO,EU PDO/PGI,protected_current,"European Commission, eAmbrosia GI Register",https://ec.europa.eu/agriculture/eambrosia/geographical-indications-register/,https://eur-lex.europa.eu/eli/reg/2024/1143/oj,2026-09-07,10336,Geschützter bzw. regulierter Herkunftsname; der offizielle Eigenname wird nicht übersetzt.,Nom d'origine protégé ou réglementé; le nom propre officiel n'est pas traduit.,Protected or regulated origin name; the official proper name is not translated.
IT-ORI-DOGLIANI,IT,Italien,Italie,Italy,Piemonte,Piemont,Piémont,Piedmont,Dogliani,appellation,DOC / EU PDO,EU PDO/PGI,protected_current,"European Commission, eAmbrosia GI Register",https://ec.europa.eu/agriculture/eambrosia/geographical-indications-register/,https://eur-lex.europa.eu/eli/reg/2024/1143/oj,2026-09-07,99,Geschützter bzw. regulierter Herkunftsname; der offizielle Eigenname wird nicht übersetzt.,Nom d'origine protégé ou réglementé; le nom propre officiel n'est pas traduit.,Protected or regulated origin name; the official proper name is not translated.
IT-ORI-DOLCETTO-D-ALBA,IT,Italien,Italie,Italy,Piemonte,Piemont,Piémont,Piedmont,Dolcetto d'Alba,appellation,DOC / EU PDO,EU PDO/PGI,protected_current,"European Commission, eAmbrosia GI Register",https://ec.europa.eu/agriculture/eambrosia/geographical-indications-register/,https://eur-lex.europa.eu/eli/reg/2024/1143/oj,2026-09-07,486,Geschützter bzw. regulierter Herkunftsname; der offizielle Eigenname wird nicht übersetzt.,Nom d'origine protégé ou réglementé; le nom propre officiel n'est pas traduit.,Protected or regulated origin name; the official proper name is not translated.
IT-ORI-GATTINARA,IT,Italien,Italie,Italy,Piemonte,Piemont,Piémont,Piedmont,Gattinara,appellation,DOC / EU PDO,EU PDO/PGI,protected_current,"European Commission, eAmbrosia GI Register",https://ec.europa.eu/agriculture/eambrosia/geographical-indications-register/,https://eur-lex.europa.eu/eli/reg/2024/1143/oj,2026-09-07,151,Geschützter bzw. regulierter Herkunftsname; der offizielle Eigenname wird nicht übersetzt.,Nom d'origine protégé ou réglementé; le nom propre officiel n'est pas traduit.,Protected or regulated origin name; the official proper name is not translated.
IT-ORI-GAVI,IT,Italien,Italie,Italy,Piemonte,Piemont,Piémont,Piedmont,Gavi,appellation,DOCG / EU PDO,EU PDO/PGI,protected_current,"European Commission, eAmbrosia GI Register",https://ec.europa.eu/agriculture/eambrosia/geographical-indications-register/,https://eur-lex.europa.eu/eli/reg/2024/1143/oj,2026-09-07,55,Geschützter bzw. regulierter Herkunftsname; der offizielle Eigenname wird nicht übersetzt.,Nom d'origine protégé ou réglementé; le nom propre officiel n'est pas traduit.,Protected or regulated origin name; the official proper name is not translated.
IT-ORI-LANGHE,IT,Italien,Italie,Italy,Piemonte,Piemont,Piémont,Piedmont,Langhe,appellation,DOC / EU PDO,EU PDO/PGI,protected_current,"European Commission, eAmbrosia GI Register",https://ec.europa.eu/agriculture/eambrosia/geographical-indications-register/,https://eur-lex.europa.eu/eli/reg/2024/1143/oj,2026-09-07,1588,Geschützter bzw. regulierter Herkunftsname; der offizielle Eigenname wird nicht übersetzt.,Nom d'origine protégé ou réglementé; le nom propre officiel n'est pas traduit.,Protected or regulated origin name; the official proper name is not translated.
IT-ORI-MONFERRATO,IT,Italien,Italie,Italy,Piemonte,Piemont,Piémont,Piedmont,Monferrato,appellation,DOC / EU PDO,EU PDO/PGI,protected_current,"European Commission, eAmbrosia GI Register",https://ec.europa.eu/agriculture/eambrosia/geographical-indications-register/,https://eur-lex.europa.eu/eli/reg/2024/1143/oj,2026-09-07,214,Geschützter bzw. regulierter Herkunftsname; der offizielle Eigenname wird nicht übersetzt.,Nom d'origine protégé ou réglementé; le nom propre officiel n'est pas traduit.,Protected or regulated origin name; the official proper name is not translated.
IT-ORI-MOSCATO-D-ASTI,IT,Italien,Italie,Italy,Piemonte,Piemont,Piémont,Piedmont,Moscato d'Asti,appellation,DOC / EU PDO,EU PDO/PGI,protected_current,"European Commission, eAmbrosia GI Register",https://ec.europa.eu/agriculture/eambrosia/geographical-indications-register/,https://eur-lex.europa.eu/eli/reg/2024/1143/oj,2026-09-07,125,Geschützter bzw. regulierter Herkunftsname; der offizielle Eigenname wird nicht übersetzt.,Nom d'origine protégé ou réglementé; le nom propre officiel n'est pas traduit.,Protected or regulated origin name; the official proper name is not translated.
IT-ORI-NEBBIOLO-D-ALBA,IT,Italien,Italie,Italy,Piemonte,Piemont,Piémont,Piedmont,Nebbiolo d'Alba,appellation,DOC / EU PDO,EU PDO/PGI,protected_current,"European Commission, eAmbrosia GI Register",https://ec.europa.eu/agriculture/eambrosia/geographical-indications-register/,https://eur-lex.europa.eu/eli/reg/2024/1143/oj,2026-09-07,233,Geschützter bzw. regulierter Herkunftsname; der offizielle Eigenname wird nicht übersetzt.,Nom d'origine protégé ou réglementé; le nom propre officiel n'est pas traduit.,Protected or regulated origin name; the official proper name is not translated.
IT-ORI-PIEMONTE,IT,Italien,Italie,Italy,Piemonte,Piemont,Piémont,Piedmont,Piemonte,appellation,DOC / EU PDO,EU PDO/PGI,protected_current,"European Commission, eAmbrosia GI Register",https://ec.europa.eu/agriculture/eambrosia/geographical-indications-register/,https://eur-lex.europa.eu/eli/reg/2024/1143/oj,2026-09-07,949,Geschützter bzw. regulierter Herkunftsname; der offizielle Eigenname wird nicht übersetzt.,Nom d'origine protégé ou réglementé; le nom propre officiel n'est pas traduit.,Protected or regulated origin name; the official proper name is not translated.
IT-ORI-ROERO,IT,Italien,Italie,Italy,Piemonte,Piemont,Piémont,Piedmont,Roero,appellation,DOCG / EU PDO,EU PDO/PGI,protected_current,"European Commission, eAmbrosia GI Register",https://ec.europa.eu/agriculture/eambrosia/geographical-indications-register/,https://eur-lex.europa.eu/eli/reg/2024/1143/oj,2026-09-07,75,Geschützter bzw. regulierter Herkunftsname; der offizielle Eigenname wird nicht übersetzt.,Nom d'origine protégé ou réglementé; le nom propre officiel n'est pas traduit.,Protected or regulated origin name; the official proper name is not translated.
IT-ORI-CASTEL-DEL-MONTE,IT,Italien,Italie,Italy,Puglia,Apulien,Pouilles,Apulia,Castel del Monte,appellation,DOC / EU PDO,EU PDO/PGI,protected_current,"European Commission, eAmbrosia GI Register",https://ec.europa.eu/agriculture/eambrosia/geographical-indications-register/,https://eur-lex.europa.eu/eli/reg/2024/1143/oj,2026-09-07,100,Geschützter bzw. regulierter Herkunftsname; der offizielle Eigenname wird nicht übersetzt.,Nom d'origine protégé ou réglementé; le nom propre officiel n'est pas traduit.,Protected or regulated origin name; the official proper name is not translated.
IT-ORI-PRIMITIVO-DI-MANDURIA,IT,Italien,Italie,Italy,Puglia,Apulien,Pouilles,Apulia,Primitivo di Manduria,appellation,DOC / EU PDO,EU PDO/PGI,protected_current,"European Commission, eAmbrosia GI Register",https://ec.europa.eu/agriculture/eambrosia/geographical-indications-register/,https://eur-lex.europa.eu/eli/reg/2024/1143/oj,2026-09-07,60,Geschützter bzw. regulierter Herkunftsname; der offizielle Eigenname wird nicht übersetzt.,Nom d'origine protégé ou réglementé; le nom propre officiel n'est pas traduit.,Protected or regulated origin name; the official proper name is not translated.
IT-ORI-PUGLIA,IT,Italien,Italie,Italy,Puglia,Apulien,Pouilles,Apulia,Puglia,appellation,IGT / EU PGI,EU PDO/PGI,protected_current,"European Commission, eAmbrosia GI Register",https://ec.europa.eu/agriculture/eambrosia/geographical-indications-register/,https://eur-lex.europa.eu/eli/reg/2024/1143/oj,2026-09-07,408,Geschützter bzw. regulierter Herkunftsname; der offizielle Eigenname wird nicht übersetzt.,Nom d'origine protégé ou réglementé; le nom propre officiel n'est pas traduit.,Protected or regulated origin name; the official proper name is not translated.
IT-ORI-SALENTO,IT,Italien,Italie,Italy,Puglia,Apulien,Pouilles,Apulia,Salento,appellation,IGT / EU PGI,EU PDO/PGI,protected_current,"European Commission, eAmbrosia GI Register",https://ec.europa.eu/agriculture/eambrosia/geographical-indications-register/,https://eur-lex.europa.eu/eli/reg/2024/1143/oj,2026-09-07,366,Geschützter bzw. regulierter Herkunftsname; der offizielle Eigenname wird nicht übersetzt.,Nom d'origine protégé ou réglementé; le nom propre officiel n'est pas traduit.,Protected or regulated origin name; the official proper name is not translated.
IT-REG-SARDEGNA,IT,Italien,Italie,Italy,Sardegna,Sardinien,Sardaigne,Sardinia,,region,Wine region (not asserted as protected appellation),EU PDO/PGI,regional_reference_only,"European Commission, eAmbrosia GI Register",https://ec.europa.eu/agriculture/eambrosia/geographical-indications-register/,https://eur-lex.europa.eu/eli/reg/2024/1143/oj,2026-09-07,148,Als Weinregion für Hierarchie und Mapping geführt; nicht als geschützte Appellation behauptet.,Conservée comme région viticole pour la hiérarchie et le mapping; aucun statut d'appellation protégée n'est affirmé.,Retained as a wine-region reference for hierarchy and mapping; not asserted as a protected appellation.
IT-ORI-CERASUOLO-DI-VITTORIA,IT,Italien,Italie,Italy,Sicilia,Sizilien,Sicile,Sicily,Cerasuolo di Vittoria,appellation,DOCG / EU PDO,EU PDO/PGI,protected_current,"European Commission, eAmbrosia GI Register",https://ec.europa.eu/agriculture/eambrosia/geographical-indications-register/,https://eur-lex.europa.eu/eli/reg/2024/1143/oj,2026-09-07,21,Geschützter bzw. regulierter Herkunftsname; der offizielle Eigenname wird nicht übersetzt.,Nom d'origine protégé ou réglementé; le nom propre officiel n'est pas traduit.,Protected or regulated origin name; the official proper name is not translated.
IT-ORI-ETNA,IT,Italien,Italie,Italy,Sicilia,Sizilien,Sicile,Sicily,Etna,appellation,DOC / EU PDO,EU PDO/PGI,protected_current,"European Commission, eAmbrosia GI Register",https://ec.europa.eu/agriculture/eambrosia/geographical-indications-register/,https://eur-lex.europa.eu/eli/reg/2024/1143/oj,2026-09-07,341,Geschützter bzw. regulierter Herkunftsname; der offizielle Eigenname wird nicht übersetzt.,Nom d'origine protégé ou réglementé; le nom propre officiel n'est pas traduit.,Protected or regulated origin name; the official proper name is not translated.
IT-ORI-MARSALA,IT,Italien,Italie,Italy,Sicilia,Sizilien,Sicile,Sicily,Marsala,appellation,DOC / EU PDO,EU PDO/PGI,protected_current,"European Commission, eAmbrosia GI Register",https://ec.europa.eu/agriculture/eambrosia/geographical-indications-register/,https://eur-lex.europa.eu/eli/reg/2024/1143/oj,2026-09-07,62,Geschützter bzw. regulierter Herkunftsname; der offizielle Eigenname wird nicht übersetzt.,Nom d'origine protégé ou réglementé; le nom propre officiel n'est pas traduit.,Protected or regulated origin name; the official proper name is not translated.
IT-ORI-SICILIA,IT,Italien,Italie,Italy,Sicilia,Sizilien,Sicile,Sicily,Sicilia,appellation,DOC / EU PDO,EU PDO/PGI,protected_current,"European Commission, eAmbrosia GI Register",https://ec.europa.eu/agriculture/eambrosia/geographical-indications-register/,https://eur-lex.europa.eu/eli/reg/2024/1143/oj,2026-09-07,560,Geschützter bzw. regulierter Herkunftsname; der offizielle Eigenname wird nicht übersetzt.,Nom d'origine protégé ou réglementé; le nom propre officiel n'est pas traduit.,Protected or regulated origin name; the official proper name is not translated.
IT-ORI-TERRE-SICILIANE,IT,Italien,Italie,Italy,Sicilia,Sizilien,Sicile,Sicily,Terre Siciliane,appellation,IGT / EU PGI,EU PDO/PGI,protected_current,"European Commission, eAmbrosia GI Register",https://ec.europa.eu/agriculture/eambrosia/geographical-indications-register/,https://eur-lex.europa.eu/eli/reg/2024/1143/oj,2026-09-07,323,Geschützter bzw. regulierter Herkunftsname; der offizielle Eigenname wird nicht übersetzt.,Nom d'origine protégé ou réglementé; le nom propre officiel n'est pas traduit.,Protected or regulated origin name; the official proper name is not translated.
IT-ORI-BOLGHERI,IT,Italien,Italie,Italy,Toscana,Toskana,Toscane,Tuscany,Bolgheri,appellation,DOC / EU PDO,EU PDO/PGI,protected_current,"European Commission, eAmbrosia GI Register",https://ec.europa.eu/agriculture/eambrosia/geographical-indications-register/,https://eur-lex.europa.eu/eli/reg/2024/1143/oj,2026-09-07,1237,Geschützter bzw. regulierter Herkunftsname; der offizielle Eigenname wird nicht übersetzt.,Nom d'origine protégé ou réglementé; le nom propre officiel n'est pas traduit.,Protected or regulated origin name; the official proper name is not translated.
IT-ORI-BOLGHERI-SASSICAIA,IT,Italien,Italie,Italy,Toscana,Toskana,Toscane,Tuscany,Bolgheri Sassicaia,appellation,DOC / EU PDO,EU PDO/PGI,protected_current,"European Commission, eAmbrosia GI Register",https://ec.europa.eu/agriculture/eambrosia/geographical-indications-register/,https://eur-lex.europa.eu/eli/reg/2024/1143/oj,2026-09-07,0,Geschützter bzw. regulierter Herkunftsname; der offizielle Eigenname wird nicht übersetzt.,Nom d'origine protégé ou réglementé; le nom propre officiel n'est pas traduit.,Protected or regulated origin name; the official proper name is not translated.
IT-ORI-BRUNELLO-DI-MONTALCINO,IT,Italien,Italie,Italy,Toscana,Toskana,Toscane,Tuscany,Brunello di Montalcino,appellation,DOCG / EU PDO,EU PDO/PGI,protected_current,"European Commission, eAmbrosia GI Register",https://ec.europa.eu/agriculture/eambrosia/geographical-indications-register/,https://eur-lex.europa.eu/eli/reg/2024/1143/oj,2026-09-07,2916,Geschützter bzw. regulierter Herkunftsname; der offizielle Eigenname wird nicht übersetzt.,Nom d'origine protégé ou réglementé; le nom propre officiel n'est pas traduit.,Protected or regulated origin name; the official proper name is not translated.
IT-ORI-CHIANTI,IT,Italien,Italie,Italy,Toscana,Toskana,Toscane,Tuscany,Chianti,appellation,DOCG / EU PDO,EU PDO/PGI,protected_current,"European Commission, eAmbrosia GI Register",https://ec.europa.eu/agriculture/eambrosia/geographical-indications-register/,https://eur-lex.europa.eu/eli/reg/2024/1143/oj,2026-09-07,1208,Geschützter bzw. regulierter Herkunftsname; der offizielle Eigenname wird nicht übersetzt.,Nom d'origine protégé ou réglementé; le nom propre officiel n'est pas traduit.,Protected or regulated origin name; the official proper name is not translated.
IT-ORI-CHIANTI-CLASSICO,IT,Italien,Italie,Italy,Toscana,Toskana,Toscane,Tuscany,Chianti Classico,appellation,DOCG / EU PDO,EU PDO/PGI,protected_current,"European Commission, eAmbrosia GI Register",https://ec.europa.eu/agriculture/eambrosia/geographical-indications-register/,https://eur-lex.europa.eu/eli/reg/2024/1143/oj,2026-09-07,1818,Geschützter bzw. regulierter Herkunftsname; der offizielle Eigenname wird nicht übersetzt.,Nom d'origine protégé ou réglementé; le nom propre officiel n'est pas traduit.,Protected or regulated origin name; the official proper name is not translated.
IT-ORI-COLLI-DELLA-TOSCANA-CENTRALE,IT,Italien,Italie,Italy,Toscana,Toskana,Toscane,Tuscany,Colli della Toscana Centrale,appellation,IGT / EU PGI,EU PDO/PGI,protected_current,"European Commission, eAmbrosia GI Register",https://ec.europa.eu/agriculture/eambrosia/geographical-indications-register/,https://eur-lex.europa.eu/eli/reg/2024/1143/oj,2026-09-07,122,Geschützter bzw. regulierter Herkunftsname; der offizielle Eigenname wird nicht übersetzt.,Nom d'origine protégé ou réglementé; le nom propre officiel n'est pas traduit.,Protected or regulated origin name; the official proper name is not translated.
IT-ORI-MAREMMA-TOSCANA,IT,Italien,Italie,Italy,Toscana,Toskana,Toscane,Tuscany,Maremma Toscana,appellation,DOC / EU PDO,EU PDO/PGI,protected_current,"European Commission, eAmbrosia GI Register",https://ec.europa.eu/agriculture/eambrosia/geographical-indications-register/,https://eur-lex.europa.eu/eli/reg/2024/1143/oj,2026-09-07,24,Geschützter bzw. regulierter Herkunftsname; der offizielle Eigenname wird nicht übersetzt.,Nom d'origine protégé ou réglementé; le nom propre officiel n'est pas traduit.,Protected or regulated origin name; the official proper name is not translated.
IT-ORI-MORELLINO-DI-SCANSANO,IT,Italien,Italie,Italy,Toscana,Toskana,Toscane,Tuscany,Morellino di Scansano,appellation,DOC / EU PDO,EU PDO/PGI,protected_current,"European Commission, eAmbrosia GI Register",https://ec.europa.eu/agriculture/eambrosia/geographical-indications-register/,https://eur-lex.europa.eu/eli/reg/2024/1143/oj,2026-09-07,77,Geschützter bzw. regulierter Herkunftsname; der offizielle Eigenname wird nicht übersetzt.,Nom d'origine protégé ou réglementé; le nom propre officiel n'est pas traduit.,Protected or regulated origin name; the official proper name is not translated.
IT-ORI-ROSSO-DI-MONTALCINO,IT,Italien,Italie,Italy,Toscana,Toskana,Toscane,Tuscany,Rosso di Montalcino,appellation,DOC / EU PDO,EU PDO/PGI,protected_current,"European Commission, eAmbrosia GI Register",https://ec.europa.eu/agriculture/eambrosia/geographical-indications-register/,https://eur-lex.europa.eu/eli/reg/2024/1143/oj,2026-09-07,332,Geschützter bzw. regulierter Herkunftsname; der offizielle Eigenname wird nicht übersetzt.,Nom d'origine protégé ou réglementé; le nom propre officiel n'est pas traduit.,Protected or regulated origin name; the official proper name is not translated.
IT-ORI-TOSCANA,IT,Italien,Italie,Italy,Toscana,Toskana,Toscane,Tuscany,Toscana,appellation,IGT / EU PGI,EU PDO/PGI,protected_current,"European Commission, eAmbrosia GI Register",https://ec.europa.eu/agriculture/eambrosia/geographical-indications-register/,https://eur-lex.europa.eu/eli/reg/2024/1143/oj,2026-09-07,4425,Geschützter bzw. regulierter Herkunftsname; der offizielle Eigenname wird nicht übersetzt.,Nom d'origine protégé ou réglementé; le nom propre officiel n'est pas traduit.,Protected or regulated origin name; the official proper name is not translated.
IT-ORI-VINO-NOBILE-DI-MONTEPULCIANO,IT,Italien,Italie,Italy,Toscana,Toskana,Toscane,Tuscany,Vino Nobile di Montepulciano,appellation,DOCG / EU PDO,EU PDO/PGI,protected_current,"European Commission, eAmbrosia GI Register",https://ec.europa.eu/agriculture/eambrosia/geographical-indications-register/,https://eur-lex.europa.eu/eli/reg/2024/1143/oj,2026-09-07,129,Geschützter bzw. regulierter Herkunftsname; der offizielle Eigenname wird nicht übersetzt.,Nom d'origine protégé ou réglementé; le nom propre officiel n'est pas traduit.,Protected or regulated origin name; the official proper name is not translated.
IT-ORI-ALTO-ADIGE,IT,Italien,Italie,Italy,Trentino-Alto Adige,Trentino-Südtirol,Trentin-Haut-Adige,Trentino-Alto Adige,Alto Adige,appellation,DOC / EU PDO,EU PDO/PGI,protected_current,"European Commission, eAmbrosia GI Register",https://ec.europa.eu/agriculture/eambrosia/geographical-indications-register/,https://eur-lex.europa.eu/eli/reg/2024/1143/oj,2026-09-07,463,Geschützter bzw. regulierter Herkunftsname; der offizielle Eigenname wird nicht übersetzt.,Nom d'origine protégé ou réglementé; le nom propre officiel n'est pas traduit.,Protected or regulated origin name; the official proper name is not translated.
IT-ORI-TRENTINO,IT,Italien,Italie,Italy,Trentino-Alto Adige,Trentino-Südtirol,Trentin-Haut-Adige,Trentino-Alto Adige,Trentino,appellation,DOC / EU PDO,EU PDO/PGI,protected_current,"European Commission, eAmbrosia GI Register",https://ec.europa.eu/agriculture/eambrosia/geographical-indications-register/,https://eur-lex.europa.eu/eli/reg/2024/1143/oj,2026-09-07,70,Geschützter bzw. regulierter Herkunftsname; der offizielle Eigenname wird nicht übersetzt.,Nom d'origine protégé ou réglementé; le nom propre officiel n'est pas traduit.,Protected or regulated origin name; the official proper name is not translated.
IT-ORI-VALDADIGE,IT,Italien,Italie,Italy,Trentino-Alto Adige,Trentino-Südtirol,Trentin-Haut-Adige,Trentino-Alto Adige,Valdadige,appellation,DOC / EU PDO,EU PDO/PGI,protected_current,"European Commission, eAmbrosia GI Register",https://ec.europa.eu/agriculture/eambrosia/geographical-indications-register/,https://eur-lex.europa.eu/eli/reg/2024/1143/oj,2026-09-07,130,Geschützter bzw. regulierter Herkunftsname; der offizielle Eigenname wird nicht übersetzt.,Nom d'origine protégé ou réglementé; le nom propre officiel n'est pas traduit.,Protected or regulated origin name; the official proper name is not translated.
IT-ORI-VIGNETI-DELLE-DOLOMITI,IT,Italien,Italie,Italy,Trentino-Alto Adige,Trentino-Südtirol,Trentin-Haut-Adige,Trentino-Alto Adige,Vigneti delle Dolomiti,appellation,IGT / EU PGI,EU PDO/PGI,protected_current,"European Commission, eAmbrosia GI Register",https://ec.europa.eu/agriculture/eambrosia/geographical-indications-register/,https://eur-lex.europa.eu/eli/reg/2024/1143/oj,2026-09-07,82,Geschützter bzw. regulierter Herkunftsname; der offizielle Eigenname wird nicht übersetzt.,Nom d'origine protégé ou réglementé; le nom propre officiel n'est pas traduit.,Protected or regulated origin name; the official proper name is not translated.
IT-ORI-MONTEFALCO,IT,Italien,Italie,Italy,Umbria,Umbrien,Ombrie,Umbria,Montefalco,appellation,DOC / EU PDO,EU PDO/PGI,protected_current,"European Commission, eAmbrosia GI Register",https://ec.europa.eu/agriculture/eambrosia/geographical-indications-register/,https://eur-lex.europa.eu/eli/reg/2024/1143/oj,2026-09-07,68,Geschützter bzw. regulierter Herkunftsname; der offizielle Eigenname wird nicht übersetzt.,Nom d'origine protégé ou réglementé; le nom propre officiel n'est pas traduit.,Protected or regulated origin name; the official proper name is not translated.
IT-ORI-MONTEFALCO-SAGRANTINO,IT,Italien,Italie,Italy,Umbria,Umbrien,Ombrie,Umbria,Montefalco Sagrantino,appellation,DOCG / EU PDO,EU PDO/PGI,protected_current,"European Commission, eAmbrosia GI Register",https://ec.europa.eu/agriculture/eambrosia/geographical-indications-register/,https://eur-lex.europa.eu/eli/reg/2024/1143/oj,2026-09-07,52,Geschützter bzw. regulierter Herkunftsname; der offizielle Eigenname wird nicht übersetzt.,Nom d'origine protégé ou réglementé; le nom propre officiel n'est pas traduit.,Protected or regulated origin name; the official proper name is not translated.
IT-ORI-UMBRIA,IT,Italien,Italie,Italy,Umbria,Umbrien,Ombrie,Umbria,Umbria,appellation,IGT / EU PGI,EU PDO/PGI,protected_current,"European Commission, eAmbrosia GI Register",https://ec.europa.eu/agriculture/eambrosia/geographical-indications-register/,https://eur-lex.europa.eu/eli/reg/2024/1143/oj,2026-09-07,188,Geschützter bzw. regulierter Herkunftsname; der offizielle Eigenname wird nicht übersetzt.,Nom d'origine protégé ou réglementé; le nom propre officiel n'est pas traduit.,Protected or regulated origin name; the official proper name is not translated.
IT-ORI-AMARONE-DELLA-VALPOLICELLA,IT,Italien,Italie,Italy,Veneto,Venetien,Vénétie,Veneto,Amarone della Valpolicella,appellation,DOCG / EU PDO,EU PDO/PGI,protected_current,"European Commission, eAmbrosia GI Register",https://ec.europa.eu/agriculture/eambrosia/geographical-indications-register/,https://eur-lex.europa.eu/eli/reg/2024/1143/oj,2026-09-07,653,Geschützter bzw. regulierter Herkunftsname; der offizielle Eigenname wird nicht übersetzt.,Nom d'origine protégé ou réglementé; le nom propre officiel n'est pas traduit.,Protected or regulated origin name; the official proper name is not translated.
IT-ORI-CONEGLIANO-VALDOBBIADENE-PROSECCO,IT,Italien,Italie,Italy,Veneto,Venetien,Vénétie,Veneto,Conegliano Valdobbiadene - Prosecco,appellation,DOCG / EU PDO,EU PDO/PGI,protected_current,"European Commission, eAmbrosia GI Register",https://ec.europa.eu/agriculture/eambrosia/geographical-indications-register/,https://eur-lex.europa.eu/eli/reg/2024/1143/oj,2026-09-07,18,Geschützter bzw. regulierter Herkunftsname; der offizielle Eigenname wird nicht übersetzt.,Nom d'origine protégé ou réglementé; le nom propre officiel n'est pas traduit.,Protected or regulated origin name; the official proper name is not translated.
IT-ORI-DELLE-VENEZIE,IT,Italien,Italie,Italy,Veneto,Venetien,Vénétie,Veneto,Delle Venezie,appellation,IGT / EU PGI,EU PDO/PGI,protected_current,"European Commission, eAmbrosia GI Register",https://ec.europa.eu/agriculture/eambrosia/geographical-indications-register/,https://eur-lex.europa.eu/eli/reg/2024/1143/oj,2026-09-07,110,Geschützter bzw. regulierter Herkunftsname; der offizielle Eigenname wird nicht übersetzt.,Nom d'origine protégé ou réglementé; le nom propre officiel n'est pas traduit.,Protected or regulated origin name; the official proper name is not translated.
IT-ORI-PROSECCO,IT,Italien,Italie,Italy,Veneto,Venetien,Vénétie,Veneto,Prosecco,appellation,DOC / EU PDO,EU PDO/PGI,protected_current,"European Commission, eAmbrosia GI Register",https://ec.europa.eu/agriculture/eambrosia/geographical-indications-register/,https://eur-lex.europa.eu/eli/reg/2024/1143/oj,2026-09-07,193,Geschützter bzw. regulierter Herkunftsname; der offizielle Eigenname wird nicht übersetzt.,Nom d'origine protégé ou réglementé; le nom propre officiel n'est pas traduit.,Protected or regulated origin name; the official proper name is not translated.
IT-ORI-SOAVE,IT,Italien,Italie,Italy,Veneto,Venetien,Vénétie,Veneto,Soave,appellation,DOC / EU PDO,EU PDO/PGI,protected_current,"European Commission, eAmbrosia GI Register",https://ec.europa.eu/agriculture/eambrosia/geographical-indications-register/,https://eur-lex.europa.eu/eli/reg/2024/1143/oj,2026-09-07,295,Geschützter bzw. regulierter Herkunftsname; der offizielle Eigenname wird nicht übersetzt.,Nom d'origine protégé ou réglementé; le nom propre officiel n'est pas traduit.,Protected or regulated origin name; the official proper name is not translated.
IT-ORI-VALPOLICELLA,IT,Italien,Italie,Italy,Veneto,Venetien,Vénétie,Veneto,Valpolicella,appellation,DOC / EU PDO,EU PDO/PGI,protected_current,"European Commission, eAmbrosia GI Register",https://ec.europa.eu/agriculture/eambrosia/geographical-indications-register/,https://eur-lex.europa.eu/eli/reg/2024/1143/oj,2026-09-07,570,Geschützter bzw. regulierter Herkunftsname; der offizielle Eigenname wird nicht übersetzt.,Nom d'origine protégé ou réglementé; le nom propre officiel n'est pas traduit.,Protected or regulated origin name; the official proper name is not translated.
IT-ORI-VENETO,IT,Italien,Italie,Italy,Veneto,Venetien,Vénétie,Veneto,Veneto,appellation,IGT / EU PGI,EU PDO/PGI,protected_current,"European Commission, eAmbrosia GI Register",https://ec.europa.eu/agriculture/eambrosia/geographical-indications-register/,https://eur-lex.europa.eu/eli/reg/2024/1143/oj,2026-09-07,856,Geschützter bzw. regulierter Herkunftsname; der offizielle Eigenname wird nicht übersetzt.,Nom d'origine protégé ou réglementé; le nom propre officiel n'est pas traduit.,Protected or regulated origin name; the official proper name is not translated.
LB-COUNTRY,LB,Libanon,Liban,Lebanon,,,,,,country,Country of origin,Country-level origin,country_reference,No official protected wine-GI register identified,,,2026-09-07,64,Länderangabe ohne verlässlich ableitbare Region oder Appellation.,Indication du pays sans région ni appellation pouvant être déduite de manière fiable.,Country indication without a region or appellation that can be derived reliably.
LB-REG-BEKAA-VALLEY,LB,Libanon,Liban,Lebanon,Bekaa Valley,Bekaa Valley,Bekaa Valley,Bekaa Valley,,region,Wine region (not asserted as protected appellation),No protected wine GI asserted,regional_reference_only,No official protected wine-GI register identified,,,2026-09-07,14,Als Weinregion für Hierarchie und Mapping geführt; nicht als geschützte Appellation behauptet.,Conservée comme région viticole pour la hiérarchie et le mapping; aucun statut d'appellation protégée n'est affirmé.,Retained as a wine-region reference for hierarchy and mapping; not asserted as a protected appellation.
NZ-COUNTRY,NZ,Neuseeland,Nouvelle-Zélande,New Zealand,,,,,,country,Country of origin,Country-level origin,country_reference,Intellectual Property Office of New Zealand (IPONZ),https://www.iponz.govt.nz/get-ip/geographical-indications/,https://www.legislation.govt.nz/act/public/2006/0060/latest/whole.html,2026-09-07,460,Länderangabe ohne verlässlich ableitbare Region oder Appellation.,Indication du pays sans région ni appellation pouvant être déduite de manière fiable.,Country indication without a region or appellation that can be derived reliably.
NZ-ORI-AUCKLAND,NZ,Neuseeland,Nouvelle-Zélande,New Zealand,Auckland,Auckland,Auckland,Auckland,Auckland,appellation,Registered wine GI,New Zealand GI,protected_current,Intellectual Property Office of New Zealand (IPONZ),https://www.iponz.govt.nz/get-ip/geographical-indications/,https://www.legislation.govt.nz/act/public/2006/0060/latest/whole.html,2026-09-07,487,Geschützter bzw. regulierter Herkunftsname; der offizielle Eigenname wird nicht übersetzt.,Nom d'origine protégé ou réglementé; le nom propre officiel n'est pas traduit.,Protected or regulated origin name; the official proper name is not translated.
NZ-ORI-WAIHEKE-ISLAND,NZ,Neuseeland,Nouvelle-Zélande,New Zealand,Auckland,Auckland,Auckland,Auckland,Waiheke Island,appellation,Registered wine GI,New Zealand GI,protected_current,Intellectual Property Office of New Zealand (IPONZ),https://www.iponz.govt.nz/get-ip/geographical-indications/,https://www.legislation.govt.nz/act/public/2006/0060/latest/whole.html,2026-09-07,481,Geschützter bzw. regulierter Herkunftsname; der offizielle Eigenname wird nicht übersetzt.,Nom d'origine protégé ou réglementé; le nom propre officiel n'est pas traduit.,Protected or regulated origin name; the official proper name is not translated.
NZ-ORI-CANTERBURY,NZ,Neuseeland,Nouvelle-Zélande,New Zealand,Canterbury,Canterbury,Canterbury,Canterbury,Canterbury,appellation,Registered wine GI,New Zealand GI,protected_current,Intellectual Property Office of New Zealand (IPONZ),https://www.iponz.govt.nz/get-ip/geographical-indications/,https://www.legislation.govt.nz/act/public/2006/0060/latest/whole.html,2026-09-07,583,Geschützter bzw. regulierter Herkunftsname; der offizielle Eigenname wird nicht übersetzt.,Nom d'origine protégé ou réglementé; le nom propre officiel n'est pas traduit.,Protected or regulated origin name; the official proper name is not translated.
NZ-ORI-WAIPARA-VALLEY,NZ,Neuseeland,Nouvelle-Zélande,New Zealand,Canterbury,Canterbury,Canterbury,Canterbury,Waipara Valley,appellation,Registered wine GI,New Zealand GI,protected_current,Intellectual Property Office of New Zealand (IPONZ),https://www.iponz.govt.nz/get-ip/geographical-indications/,https://www.legislation.govt.nz/act/public/2006/0060/latest/whole.html,2026-09-07,2,Geschützter bzw. regulierter Herkunftsname; der offizielle Eigenname wird nicht übersetzt.,Nom d'origine protégé ou réglementé; le nom propre officiel n'est pas traduit.,Protected or regulated origin name; the official proper name is not translated.
NZ-ORI-BANNOCKBURN,NZ,Neuseeland,Nouvelle-Zélande,New Zealand,Central Otago,Central Otago,Central Otago,Central Otago,Bannockburn,appellation,Registered wine GI,New Zealand GI,protected_current,Intellectual Property Office of New Zealand (IPONZ),https://www.iponz.govt.nz/get-ip/geographical-indications/,https://www.legislation.govt.nz/act/public/2006/0060/latest/whole.html,2026-09-07,182,Geschützter bzw. regulierter Herkunftsname; der offizielle Eigenname wird nicht übersetzt.,Nom d'origine protégé ou réglementé; le nom propre officiel n'est pas traduit.,Protected or regulated origin name; the official proper name is not translated.
NZ-ORI-CENTRAL-OTAGO,NZ,Neuseeland,Nouvelle-Zélande,New Zealand,Central Otago,Central Otago,Central Otago,Central Otago,Central Otago,appellation,Registered wine GI,New Zealand GI,protected_current,Intellectual Property Office of New Zealand (IPONZ),https://www.iponz.govt.nz/get-ip/geographical-indications/,https://www.legislation.govt.nz/act/public/2006/0060/latest/whole.html,2026-09-07,7762,Geschützter bzw. regulierter Herkunftsname; der offizielle Eigenname wird nicht übersetzt.,Nom d'origine protégé ou réglementé; le nom propre officiel n'est pas traduit.,Protected or regulated origin name; the official proper name is not translated.
NZ-ORI-GISBORNE,NZ,Neuseeland,Nouvelle-Zélande,New Zealand,Gisborne,Gisborne,Gisborne,Gisborne,Gisborne,appellation,Registered wine GI,New Zealand GI,protected_current,Intellectual Property Office of New Zealand (IPONZ),https://www.iponz.govt.nz/get-ip/geographical-indications/,https://www.legislation.govt.nz/act/public/2006/0060/latest/whole.html,2026-09-07,205,Geschützter bzw. regulierter Herkunftsname; der offizielle Eigenname wird nicht übersetzt.,Nom d'origine protégé ou réglementé; le nom propre officiel n'est pas traduit.,Protected or regulated origin name; the official proper name is not translated.
NZ-ORI-HAWKE-S-BAY,NZ,Neuseeland,Nouvelle-Zélande,New Zealand,Hawke's Bay,Hawke's Bay,Hawke's Bay,Hawke's Bay,Hawke's Bay,appellation,Registered wine GI,New Zealand GI,protected_current,Intellectual Property Office of New Zealand (IPONZ),https://www.iponz.govt.nz/get-ip/geographical-indications/,https://www.legislation.govt.nz/act/public/2006/0060/latest/whole.html,2026-09-07,4195,Geschützter bzw. regulierter Herkunftsname; der offizielle Eigenname wird nicht übersetzt.,Nom d'origine protégé ou réglementé; le nom propre officiel n'est pas traduit.,Protected or regulated origin name; the official proper name is not translated.
NZ-ORI-MARLBOROUGH,NZ,Neuseeland,Nouvelle-Zélande,New Zealand,Marlborough,Marlborough,Marlborough,Marlborough,Marlborough,appellation,Registered wine GI,New Zealand GI,protected_current,Intellectual Property Office of New Zealand (IPONZ),https://www.iponz.govt.nz/get-ip/geographical-indications/,https://www.legislation.govt.nz/act/public/2006/0060/latest/whole.html,2026-09-07,11226,Geschützter bzw. regulierter Herkunftsname; der offizielle Eigenname wird nicht übersetzt.,Nom d'origine protégé ou réglementé; le nom propre officiel n'est pas traduit.,Protected or regulated origin name; the official proper name is not translated.
NZ-ORI-NELSON,NZ,Neuseeland,Nouvelle-Zélande,New Zealand,Nelson,Nelson,Nelson,Nelson,Nelson,appellation,Registered wine GI,New Zealand GI,protected_current,Intellectual Property Office of New Zealand (IPONZ),https://www.iponz.govt.nz/get-ip/geographical-indications/,https://www.legislation.govt.nz/act/public/2006/0060/latest/whole.html,2026-09-07,561,Geschützter bzw. regulierter Herkunftsname; der offizielle Eigenname wird nicht übersetzt.,Nom d'origine protégé ou réglementé; le nom propre officiel n'est pas traduit.,Protected or regulated origin name; the official proper name is not translated.
NZ-ORI-NORTH-CANTERBURY,NZ,Neuseeland,Nouvelle-Zélande,New Zealand,North Canterbury,North Canterbury,North Canterbury,North Canterbury,North Canterbury,appellation,Registered wine GI,New Zealand GI,protected_current,Intellectual Property Office of New Zealand (IPONZ),https://www.iponz.govt.nz/get-ip/geographical-indications/,https://www.legislation.govt.nz/act/public/2006/0060/latest/whole.html,2026-09-07,869,Geschützter bzw. regulierter Herkunftsname; der offizielle Eigenname wird nicht übersetzt.,Nom d'origine protégé ou réglementé; le nom propre officiel n'est pas traduit.,Protected or regulated origin name; the official proper name is not translated.
NZ-REG-NORTH-OTAGO,NZ,Neuseeland,Nouvelle-Zélande,New Zealand,North Otago,North Otago,North Otago,North Otago,,region,Wine region (not asserted as protected appellation),New Zealand GI,regional_reference_only,Intellectual Property Office of New Zealand (IPONZ),https://www.iponz.govt.nz/get-ip/geographical-indications/,https://www.legislation.govt.nz/act/public/2006/0060/latest/whole.html,2026-09-07,63,Als Weinregion für Hierarchie und Mapping geführt; nicht als geschützte Appellation behauptet.,Conservée comme région viticole pour la hiérarchie et le mapping; aucun statut d'appellation protégée n'est affirmé.,Retained as a wine-region reference for hierarchy and mapping; not asserted as a protected appellation.
NZ-ORI-NORTHLAND,NZ,Neuseeland,Nouvelle-Zélande,New Zealand,Northland,Northland,Northland,Northland,Northland,appellation,Registered wine GI,New Zealand GI,protected_current,Intellectual Property Office of New Zealand (IPONZ),https://www.iponz.govt.nz/get-ip/geographical-indications/,https://www.legislation.govt.nz/act/public/2006/0060/latest/whole.html,2026-09-07,67,Geschützter bzw. regulierter Herkunftsname; der offizielle Eigenname wird nicht übersetzt.,Nom d'origine protégé ou réglementé; le nom propre officiel n'est pas traduit.,Protected or regulated origin name; the official proper name is not translated.
NZ-ORI-MARTINBOROUGH,NZ,Neuseeland,Nouvelle-Zélande,New Zealand,Wairarapa,Wairarapa,Wairarapa,Wairarapa,Martinborough,appellation,Registered wine GI,New Zealand GI,protected_current,Intellectual Property Office of New Zealand (IPONZ),https://www.iponz.govt.nz/get-ip/geographical-indications/,https://www.legislation.govt.nz/act/public/2006/0060/latest/whole.html,2026-09-07,6193,Geschützter bzw. regulierter Herkunftsname; der offizielle Eigenname wird nicht übersetzt.,Nom d'origine protégé ou réglementé; le nom propre officiel n'est pas traduit.,Protected or regulated origin name; the official proper name is not translated.
NZ-ORI-WAIRARAPA,NZ,Neuseeland,Nouvelle-Zélande,New Zealand,Wairarapa,Wairarapa,Wairarapa,Wairarapa,Wairarapa,appellation,Registered wine GI,New Zealand GI,protected_current,Intellectual Property Office of New Zealand (IPONZ),https://www.iponz.govt.nz/get-ip/geographical-indications/,https://www.legislation.govt.nz/act/public/2006/0060/latest/whole.html,2026-09-07,90,Geschützter bzw. regulierter Herkunftsname; der offizielle Eigenname wird nicht übersetzt.,Nom d'origine protégé ou réglementé; le nom propre officiel n'est pas traduit.,Protected or regulated origin name; the official proper name is not translated.
NZ-ORI-WAITAKI-VALLEY,NZ,Neuseeland,Nouvelle-Zélande,New Zealand,Waitaki Valley,Waitaki Valley,Waitaki Valley,Waitaki Valley,Waitaki Valley,appellation,Registered wine GI,New Zealand GI,protected_current,Intellectual Property Office of New Zealand (IPONZ),https://www.iponz.govt.nz/get-ip/geographical-indications/,https://www.legislation.govt.nz/act/public/2006/0060/latest/whole.html,2026-09-07,167,Geschützter bzw. regulierter Herkunftsname; der offizielle Eigenname wird nicht übersetzt.,Nom d'origine protégé ou réglementé; le nom propre officiel n'est pas traduit.,Protected or regulated origin name; the official proper name is not translated.
PT-COUNTRY,PT,Portugal,Portugal,Portugal,,,,,,country,Country of origin,Country-level origin,country_reference,"European Commission, eAmbrosia GI Register",https://ec.europa.eu/agriculture/eambrosia/geographical-indications-register/,https://eur-lex.europa.eu/eli/reg/2024/1143/oj,2026-09-07,140,Länderangabe ohne verlässlich ableitbare Region oder Appellation.,Indication du pays sans région ni appellation pouvant être déduite de manière fiable.,Country indication without a region or appellation that can be derived reliably.
PT-ORI-ALENTEJO,PT,Portugal,Portugal,Portugal,Alentejo,Alentejo,Alentejo,Alentejo,Alentejo,appellation,DOP,EU PDO/PGI,protected_current,"European Commission, eAmbrosia GI Register",https://ec.europa.eu/agriculture/eambrosia/geographical-indications-register/,https://eur-lex.europa.eu/eli/reg/2024/1143/oj,2026-09-07,43,Geschützter bzw. regulierter Herkunftsname; der offizielle Eigenname wird nicht übersetzt.,Nom d'origine protégé ou réglementé; le nom propre officiel n'est pas traduit.,Protected or regulated origin name; the official proper name is not translated.
PT-ORI-BAIRRADA,PT,Portugal,Portugal,Portugal,Bairrada,Bairrada,Bairrada,Bairrada,Bairrada,appellation,DOP,EU PDO/PGI,protected_current,"European Commission, eAmbrosia GI Register",https://ec.europa.eu/agriculture/eambrosia/geographical-indications-register/,https://eur-lex.europa.eu/eli/reg/2024/1143/oj,2026-09-07,8,Geschützter bzw. regulierter Herkunftsname; der offizielle Eigenname wird nicht übersetzt.,Nom d'origine protégé ou réglementé; le nom propre officiel n'est pas traduit.,Protected or regulated origin name; the official proper name is not translated.
PT-ORI-COLARES,PT,Portugal,Portugal,Portugal,Colares,Colares,Colares,Colares,Colares,appellation,DOP,EU PDO/PGI,protected_current,"European Commission, eAmbrosia GI Register",https://ec.europa.eu/agriculture/eambrosia/geographical-indications-register/,https://eur-lex.europa.eu/eli/reg/2024/1143/oj,2026-09-07,0,Geschützter bzw. regulierter Herkunftsname; der offizielle Eigenname wird nicht übersetzt.,Nom d'origine protégé ou réglementé; le nom propre officiel n'est pas traduit.,Protected or regulated origin name; the official proper name is not translated.
PT-ORI-DAO,PT,Portugal,Portugal,Portugal,Dão,Dão,Dão,Dão,Dão,appellation,DOP,EU PDO/PGI,protected_current,"European Commission, eAmbrosia GI Register",https://ec.europa.eu/agriculture/eambrosia/geographical-indications-register/,https://eur-lex.europa.eu/eli/reg/2024/1143/oj,2026-09-07,27,Geschützter bzw. regulierter Herkunftsname; der offizielle Eigenname wird nicht übersetzt.,Nom d'origine protégé ou réglementé; le nom propre officiel n'est pas traduit.,Protected or regulated origin name; the official proper name is not translated.
PT-ORI-DOURO,PT,Portugal,Portugal,Portugal,Douro,Douro,Douro,Douro,Douro,appellation,DOP,EU PDO/PGI,protected_current,"European Commission, eAmbrosia GI Register",https://ec.europa.eu/agriculture/eambrosia/geographical-indications-register/,https://eur-lex.europa.eu/eli/reg/2024/1143/oj,2026-09-07,1601,Geschützter bzw. regulierter Herkunftsname; der offizielle Eigenname wird nicht übersetzt.,Nom d'origine protégé ou réglementé; le nom propre officiel n'est pas traduit.,Protected or regulated origin name; the official proper name is not translated.
PT-ORI-LISBOA,PT,Portugal,Portugal,Portugal,Lisboa,Lisboa,Lisboa,Lisboa,Lisboa,appellation,IGP,EU PDO/PGI,protected_current,"European Commission, eAmbrosia GI Register",https://ec.europa.eu/agriculture/eambrosia/geographical-indications-register/,https://eur-lex.europa.eu/eli/reg/2024/1143/oj,2026-09-07,3,Geschützter bzw. regulierter Herkunftsname; der offizielle Eigenname wird nicht übersetzt.,Nom d'origine protégé ou réglementé; le nom propre officiel n'est pas traduit.,Protected or regulated origin name; the official proper name is not translated.
PT-ORI-MADEIRA,PT,Portugal,Portugal,Portugal,Madeira,Madeira,Madeira,Madeira,Madeira,appellation,DOP,EU PDO/PGI,protected_current,"European Commission, eAmbrosia GI Register",https://ec.europa.eu/agriculture/eambrosia/geographical-indications-register/,https://eur-lex.europa.eu/eli/reg/2024/1143/oj,2026-09-07,217,Geschützter bzw. regulierter Herkunftsname; der offizielle Eigenname wird nicht übersetzt.,Nom d'origine protégé ou réglementé; le nom propre officiel n'est pas traduit.,Protected or regulated origin name; the official proper name is not translated.
PT-ORI-PENINSULA-DE-SETUBAL,PT,Portugal,Portugal,Portugal,Península de Setúbal,Península de Setúbal,Península de Setúbal,Península de Setúbal,Península de Setúbal,appellation,IGP,EU PDO/PGI,protected_current,"European Commission, eAmbrosia GI Register",https://ec.europa.eu/agriculture/eambrosia/geographical-indications-register/,https://eur-lex.europa.eu/eli/reg/2024/1143/oj,2026-09-07,0,Geschützter bzw. regulierter Herkunftsname; der offizielle Eigenname wird nicht übersetzt.,Nom d'origine protégé ou réglementé; le nom propre officiel n'est pas traduit.,Protected or regulated origin name; the official proper name is not translated.
PT-ORI-PORTO,PT,Portugal,Portugal,Portugal,Porto,Porto,Porto,Porto,Porto,appellation,DOP,EU PDO/PGI,protected_current,"European Commission, eAmbrosia GI Register",https://ec.europa.eu/agriculture/eambrosia/geographical-indications-register/,https://eur-lex.europa.eu/eli/reg/2024/1143/oj,2026-09-07,3211,Geschützter bzw. regulierter Herkunftsname; der offizielle Eigenname wird nicht übersetzt.,Nom d'origine protégé ou réglementé; le nom propre officiel n'est pas traduit.,Protected or regulated origin name; the official proper name is not translated.
PT-ORI-TEJO,PT,Portugal,Portugal,Portugal,Tejo,Tejo,Tejo,Tejo,Tejo,appellation,IGP,EU PDO/PGI,protected_current,"European Commission, eAmbrosia GI Register",https://ec.europa.eu/agriculture/eambrosia/geographical-indications-register/,https://eur-lex.europa.eu/eli/reg/2024/1143/oj,2026-09-07,0,Geschützter bzw. regulierter Herkunftsname; der offizielle Eigenname wird nicht übersetzt.,Nom d'origine protégé ou réglementé; le nom propre officiel n'est pas traduit.,Protected or regulated origin name; the official proper name is not translated.
PT-ORI-VINHO-VERDE,PT,Portugal,Portugal,Portugal,Vinho Verde,Vinho Verde,Vinho Verde,Vinho Verde,Vinho Verde,appellation,DOP,EU PDO/PGI,protected_current,"European Commission, eAmbrosia GI Register",https://ec.europa.eu/agriculture/eambrosia/geographical-indications-register/,https://eur-lex.europa.eu/eli/reg/2024/1143/oj,2026-09-07,12,Geschützter bzw. regulierter Herkunftsname; der offizielle Eigenname wird nicht übersetzt.,Nom d'origine protégé ou réglementé; le nom propre officiel n'est pas traduit.,Protected or regulated origin name; the official proper name is not translated.
SI-COUNTRY,SI,Slowenien,Slovénie,Slovenia,,,,,,country,Country of origin,Country-level origin,country_reference,"European Commission, eAmbrosia GI Register",https://ec.europa.eu/agriculture/eambrosia/geographical-indications-register/,https://eur-lex.europa.eu/eli/reg/2024/1143/oj,2026-09-07,32,Länderangabe ohne verlässlich ableitbare Region oder Appellation.,Indication du pays sans région ni appellation pouvant être déduite de manière fiable.,Country indication without a region or appellation that can be derived reliably.
SI-ORI-GORISKA-BRDA,SI,Slowenien,Slovénie,Slovenia,Goriška Brda,Goriška Brda,Goriška Brda,Goriška Brda,Goriška Brda,appellation,EU PDO,EU PDO/PGI,protected_current,"European Commission, eAmbrosia GI Register",https://ec.europa.eu/agriculture/eambrosia/geographical-indications-register/,https://eur-lex.europa.eu/eli/reg/2024/1143/oj,2026-09-07,0,Geschützter bzw. regulierter Herkunftsname; der offizielle Eigenname wird nicht übersetzt.,Nom d'origine protégé ou réglementé; le nom propre officiel n'est pas traduit.,Protected or regulated origin name; the official proper name is not translated.
SI-ORI-VIPAVSKA-DOLINA,SI,Slowenien,Slovénie,Slovenia,Vipavska dolina,Vipavska dolina,Vipavska dolina,Vipavska dolina,Vipavska dolina,appellation,EU PDO,EU PDO/PGI,protected_current,"European Commission, eAmbrosia GI Register",https://ec.europa.eu/agriculture/eambrosia/geographical-indications-register/,https://eur-lex.europa.eu/eli/reg/2024/1143/oj,2026-09-07,0,Geschützter bzw. regulierter Herkunftsname; der offizielle Eigenname wird nicht übersetzt.,Nom d'origine protégé ou réglementé; le nom propre officiel n'est pas traduit.,Protected or regulated origin name; the official proper name is not translated.
US-COUNTRY,US,Vereinigte Staaten,États-Unis,United States,,,,,,country,Country of origin,Country-level origin,country_reference,Alcohol and Tobacco Tax and Trade Bureau (TTB),https://www.ttb.gov/regulated-commodities/beverage-alcohol/wine/established-avas,https://www.ecfr.gov/current/title-27/chapter-I/subchapter-A/part-9,2026-09-07,96,Länderangabe ohne verlässlich ableitbare Region oder Appellation.,Indication du pays sans région ni appellation pouvant être déduite de manière fiable.,Country indication without a region or appellation that can be derived reliably.
US-REG-ALEXANDER-VALLEY,US,Vereinigte Staaten,États-Unis,United States,Alexander Valley,Alexander Valley,Alexander Valley,Alexander Valley,,region,Regional reference,AVA/appellation of origin,regional_reference_only,Alcohol and Tobacco Tax and Trade Bureau (TTB),https://www.ttb.gov/regulated-commodities/beverage-alcohol/wine/established-avas,https://www.ecfr.gov/current/title-27/chapter-I/subchapter-A/part-9,2026-09-07,103,Als Weinregion für Hierarchie und Mapping geführt; nicht als geschützte Appellation behauptet.,Conservée comme région viticole pour la hiérarchie et le mapping; aucun statut d'appellation protégée n'est affirmé.,Retained as a wine-region reference for hierarchy and mapping; not asserted as a protected appellation.
US-REG-ANDERSON-VALLEY,US,Vereinigte Staaten,États-Unis,United States,Anderson Valley,Anderson Valley,Anderson Valley,Anderson Valley,,region,Regional reference,AVA/appellation of origin,regional_reference_only,Alcohol and Tobacco Tax and Trade Bureau (TTB),https://www.ttb.gov/regulated-commodities/beverage-alcohol/wine/established-avas,https://www.ecfr.gov/current/title-27/chapter-I/subchapter-A/part-9,2026-09-07,79,Als Weinregion für Hierarchie und Mapping geführt; nicht als geschützte Appellation behauptet.,Conservée comme région viticole pour la hiérarchie et le mapping; aucun statut d'appellation protégée n'est affirmé.,Retained as a wine-region reference for hierarchy and mapping; not asserted as a protected appellation.
US-ORI-CALIFORNIA,US,Vereinigte Staaten,États-Unis,United States,California,Kalifornien,Californie,California,California,appellation,Political appellation of origin,AVA/appellation of origin,regulated_current,Alcohol and Tobacco Tax and Trade Bureau (TTB),https://www.ttb.gov/regulated-commodities/beverage-alcohol/wine/established-avas,https://www.ecfr.gov/current/title-27/chapter-I/subchapter-A/part-9,2026-09-07,366,Geschützter bzw. regulierter Herkunftsname; der offizielle Eigenname wird nicht übersetzt.,Nom d'origine protégé ou réglementé; le nom propre officiel n'est pas traduit.,Protected or regulated origin name; the official proper name is not translated.
US-ORI-SANTA-BARBARA-COUNTY,US,Vereinigte Staaten,États-Unis,United States,California,Kalifornien,Californie,California,Santa Barbara County,appellation,Political appellation of origin,AVA/appellation of origin,regulated_current,Alcohol and Tobacco Tax and Trade Bureau (TTB),https://www.ttb.gov/regulated-commodities/beverage-alcohol/wine/established-avas,https://www.ecfr.gov/current/title-27/chapter-I/subchapter-A/part-9,2026-09-07,87,Geschützter bzw. regulierter Herkunftsname; der offizielle Eigenname wird nicht übersetzt.,Nom d'origine protégé ou réglementé; le nom propre officiel n'est pas traduit.,Protected or regulated origin name; the official proper name is not translated.
US-ORI-SONOMA-COUNTY,US,Vereinigte Staaten,États-Unis,United States,California,Kalifornien,Californie,California,Sonoma County,appellation,Political appellation of origin,AVA/appellation of origin,regulated_current,Alcohol and Tobacco Tax and Trade Bureau (TTB),https://www.ttb.gov/regulated-commodities/beverage-alcohol/wine/established-avas,https://www.ecfr.gov/current/title-27/chapter-I/subchapter-A/part-9,2026-09-07,504,Geschützter bzw. regulierter Herkunftsname; der offizielle Eigenname wird nicht übersetzt.,Nom d'origine protégé ou réglementé; le nom propre officiel n'est pas traduit.,Protected or regulated origin name; the official proper name is not translated.
US-REG-CALISTOGA,US,Vereinigte Staaten,États-Unis,United States,Calistoga,Calistoga,Calistoga,Calistoga,,region,Regional reference,AVA/appellation of origin,regional_reference_only,Alcohol and Tobacco Tax and Trade Bureau (TTB),https://www.ttb.gov/regulated-commodities/beverage-alcohol/wine/established-avas,https://www.ecfr.gov/current/title-27/chapter-I/subchapter-A/part-9,2026-09-07,0,Als Weinregion für Hierarchie und Mapping geführt; nicht als geschützte Appellation behauptet.,Conservée comme région viticole pour la hiérarchie et le mapping; aucun statut d'appellation protégée n'est affirmé.,Retained as a wine-region reference for hierarchy and mapping; not asserted as a protected appellation.
US-REG-CENTRAL-COAST,US,Vereinigte Staaten,États-Unis,United States,Central Coast,Central Coast,Central Coast,Central Coast,,region,Regional reference,AVA/appellation of origin,regional_reference_only,Alcohol and Tobacco Tax and Trade Bureau (TTB),https://www.ttb.gov/regulated-commodities/beverage-alcohol/wine/established-avas,https://www.ecfr.gov/current/title-27/chapter-I/subchapter-A/part-9,2026-09-07,83,Als Weinregion für Hierarchie und Mapping geführt; nicht als geschützte Appellation behauptet.,Conservée comme région viticole pour la hiérarchie et le mapping; aucun statut d'appellation protégée n'est affirmé.,Retained as a wine-region reference for hierarchy and mapping; not asserted as a protected appellation.
US-REG-COLUMBIA-VALLEY,US,Vereinigte Staaten,États-Unis,United States,Columbia Valley,Columbia Valley,Columbia Valley,Columbia Valley,,region,Regional reference,AVA/appellation of origin,regional_reference_only,Alcohol and Tobacco Tax and Trade Bureau (TTB),https://www.ttb.gov/regulated-commodities/beverage-alcohol/wine/established-avas,https://www.ecfr.gov/current/title-27/chapter-I/subchapter-A/part-9,2026-09-07,95,Als Weinregion für Hierarchie und Mapping geführt; nicht als geschützte Appellation behauptet.,Conservée comme région viticole pour la hiérarchie et le mapping; aucun statut d'appellation protégée n'est affirmé.,Retained as a wine-region reference for hierarchy and mapping; not asserted as a protected appellation.
US-REG-COOMBSVILLE,US,Vereinigte Staaten,États-Unis,United States,Coombsville,Coombsville,Coombsville,Coombsville,,region,Regional reference,AVA/appellation of origin,regional_reference_only,Alcohol and Tobacco Tax and Trade Bureau (TTB),https://www.ttb.gov/regulated-commodities/beverage-alcohol/wine/established-avas,https://www.ecfr.gov/current/title-27/chapter-I/subchapter-A/part-9,2026-09-07,0,Als Weinregion für Hierarchie und Mapping geführt; nicht als geschützte Appellation behauptet.,Conservée comme région viticole pour la hiérarchie et le mapping; aucun statut d'appellation protégée n'est affirmé.,Retained as a wine-region reference for hierarchy and mapping; not asserted as a protected appellation.
US-REG-DIAMOND-MOUNTAIN-DISTRICT,US,Vereinigte Staaten,États-Unis,United States,Diamond Mountain District,Diamond Mountain District,Diamond Mountain District,Diamond Mountain District,,region,Regional reference,AVA/appellation of origin,regional_reference_only,Alcohol and Tobacco Tax and Trade Bureau (TTB),https://www.ttb.gov/regulated-commodities/beverage-alcohol/wine/established-avas,https://www.ecfr.gov/current/title-27/chapter-I/subchapter-A/part-9,2026-09-07,0,Als Weinregion für Hierarchie und Mapping geführt; nicht als geschützte Appellation behauptet.,Conservée comme région viticole pour la hiérarchie et le mapping; aucun statut d'appellation protégée n'est affirmé.,Retained as a wine-region reference for hierarchy and mapping; not asserted as a protected appellation.
US-REG-DUNDEE-HILLS,US,Vereinigte Staaten,États-Unis,United States,Dundee Hills,Dundee Hills,Dundee Hills,Dundee Hills,,region,Regional reference,AVA/appellation of origin,regional_reference_only,Alcohol and Tobacco Tax and Trade Bureau (TTB),https://www.ttb.gov/regulated-commodities/beverage-alcohol/wine/established-avas,https://www.ecfr.gov/current/title-27/chapter-I/subchapter-A/part-9,2026-09-07,28,Als Weinregion für Hierarchie und Mapping geführt; nicht als geschützte Appellation behauptet.,Conservée comme région viticole pour la hiérarchie et le mapping; aucun statut d'appellation protégée n'est affirmé.,Retained as a wine-region reference for hierarchy and mapping; not asserted as a protected appellation.
US-REG-EOLA-AMITY-HILLS,US,Vereinigte Staaten,États-Unis,United States,Eola-Amity Hills,Eola-Amity Hills,Eola-Amity Hills,Eola-Amity Hills,,region,Regional reference,AVA/appellation of origin,regional_reference_only,Alcohol and Tobacco Tax and Trade Bureau (TTB),https://www.ttb.gov/regulated-commodities/beverage-alcohol/wine/established-avas,https://www.ecfr.gov/current/title-27/chapter-I/subchapter-A/part-9,2026-09-07,3,Als Weinregion für Hierarchie und Mapping geführt; nicht als geschützte Appellation behauptet.,Conservée comme région viticole pour la hiérarchie et le mapping; aucun statut d'appellation protégée n'est affirmé.,Retained as a wine-region reference for hierarchy and mapping; not asserted as a protected appellation.
US-REG-FINGER-LAKES,US,Vereinigte Staaten,États-Unis,United States,Finger Lakes,Finger Lakes,Finger Lakes,Finger Lakes,,region,Regional reference,AVA/appellation of origin,regional_reference_only,Alcohol and Tobacco Tax and Trade Bureau (TTB),https://www.ttb.gov/regulated-commodities/beverage-alcohol/wine/established-avas,https://www.ecfr.gov/current/title-27/chapter-I/subchapter-A/part-9,2026-09-07,11,Als Weinregion für Hierarchie und Mapping geführt; nicht als geschützte Appellation behauptet.,Conservée comme région viticole pour la hiérarchie et le mapping; aucun statut d'appellation protégée n'est affirmé.,Retained as a wine-region reference for hierarchy and mapping; not asserted as a protected appellation.
US-REG-FORT-ROSS-SEAVIEW,US,Vereinigte Staaten,États-Unis,United States,Fort Ross-Seaview,Fort Ross-Seaview,Fort Ross-Seaview,Fort Ross-Seaview,,region,Regional reference,AVA/appellation of origin,regional_reference_only,Alcohol and Tobacco Tax and Trade Bureau (TTB),https://www.ttb.gov/regulated-commodities/beverage-alcohol/wine/established-avas,https://www.ecfr.gov/current/title-27/chapter-I/subchapter-A/part-9,2026-09-07,3,Als Weinregion für Hierarchie und Mapping geführt; nicht als geschützte Appellation behauptet.,Conservée comme région viticole pour la hiérarchie et le mapping; aucun statut d'appellation protégée n'est affirmé.,Retained as a wine-region reference for hierarchy and mapping; not asserted as a protected appellation.
US-REG-HOWELL-MOUNTAIN,US,Vereinigte Staaten,États-Unis,United States,Howell Mountain,Howell Mountain,Howell Mountain,Howell Mountain,,region,Regional reference,AVA/appellation of origin,regional_reference_only,Alcohol and Tobacco Tax and Trade Bureau (TTB),https://www.ttb.gov/regulated-commodities/beverage-alcohol/wine/established-avas,https://www.ecfr.gov/current/title-27/chapter-I/subchapter-A/part-9,2026-09-07,7,Als Weinregion für Hierarchie und Mapping geführt; nicht als geschützte Appellation behauptet.,Conservée comme région viticole pour la hiérarchie et le mapping; aucun statut d'appellation protégée n'est affirmé.,Retained as a wine-region reference for hierarchy and mapping; not asserted as a protected appellation.
US-REG-LOS-CARNEROS,US,Vereinigte Staaten,États-Unis,United States,Los Carneros,Los Carneros,Los Carneros,Los Carneros,,region,Regional reference,AVA/appellation of origin,regional_reference_only,Alcohol and Tobacco Tax and Trade Bureau (TTB),https://www.ttb.gov/regulated-commodities/beverage-alcohol/wine/established-avas,https://www.ecfr.gov/current/title-27/chapter-I/subchapter-A/part-9,2026-09-07,1,Als Weinregion für Hierarchie und Mapping geführt; nicht als geschützte Appellation behauptet.,Conservée comme région viticole pour la hiérarchie et le mapping; aucun statut d'appellation protégée n'est affirmé.,Retained as a wine-region reference for hierarchy and mapping; not asserted as a protected appellation.
US-REG-MT-VEEDER,US,Vereinigte Staaten,États-Unis,United States,Mt. Veeder,Mt. Veeder,Mt. Veeder,Mt. Veeder,,region,Regional reference,AVA/appellation of origin,regional_reference_only,Alcohol and Tobacco Tax and Trade Bureau (TTB),https://www.ttb.gov/regulated-commodities/beverage-alcohol/wine/established-avas,https://www.ecfr.gov/current/title-27/chapter-I/subchapter-A/part-9,2026-09-07,66,Als Weinregion für Hierarchie und Mapping geführt; nicht als geschützte Appellation behauptet.,Conservée comme région viticole pour la hiérarchie et le mapping; aucun statut d'appellation protégée n'est affirmé.,Retained as a wine-region reference for hierarchy and mapping; not asserted as a protected appellation.
US-REG-NAPA-VALLEY,US,Vereinigte Staaten,États-Unis,United States,Napa Valley,Napa Valley,Napa Valley,Napa Valley,,region,Regional reference,AVA/appellation of origin,regional_reference_only,Alcohol and Tobacco Tax and Trade Bureau (TTB),https://www.ttb.gov/regulated-commodities/beverage-alcohol/wine/established-avas,https://www.ecfr.gov/current/title-27/chapter-I/subchapter-A/part-9,2026-09-07,1616,Als Weinregion für Hierarchie und Mapping geführt; nicht als geschützte Appellation behauptet.,Conservée comme région viticole pour la hiérarchie et le mapping; aucun statut d'appellation protégée n'est affirmé.,Retained as a wine-region reference for hierarchy and mapping; not asserted as a protected appellation.
US-REG-OAK-KNOLL-DISTRICT-OF-NAPA-VALLEY,US,Vereinigte Staaten,États-Unis,United States,Oak Knoll District of Napa Valley,Oak Knoll District of Napa Valley,Oak Knoll District of Napa Valley,Oak Knoll District of Napa Valley,,region,Regional reference,AVA/appellation of origin,regional_reference_only,Alcohol and Tobacco Tax and Trade Bureau (TTB),https://www.ttb.gov/regulated-commodities/beverage-alcohol/wine/established-avas,https://www.ecfr.gov/current/title-27/chapter-I/subchapter-A/part-9,2026-09-07,0,Als Weinregion für Hierarchie und Mapping geführt; nicht als geschützte Appellation behauptet.,Conservée comme région viticole pour la hiérarchie et le mapping; aucun statut d'appellation protégée n'est affirmé.,Retained as a wine-region reference for hierarchy and mapping; not asserted as a protected appellation.
US-REG-OAKVILLE,US,Vereinigte Staaten,États-Unis,United States,Oakville,Oakville,Oakville,Oakville,,region,Regional reference,AVA/appellation of origin,regional_reference_only,Alcohol and Tobacco Tax and Trade Bureau (TTB),https://www.ttb.gov/regulated-commodities/beverage-alcohol/wine/established-avas,https://www.ecfr.gov/current/title-27/chapter-I/subchapter-A/part-9,2026-09-07,3,Als Weinregion für Hierarchie und Mapping geführt; nicht als geschützte Appellation behauptet.,Conservée comme région viticole pour la hiérarchie et le mapping; aucun statut d'appellation protégée n'est affirmé.,Retained as a wine-region reference for hierarchy and mapping; not asserted as a protected appellation.
US-ORI-OREGON,US,Vereinigte Staaten,États-Unis,United States,Oregon,Oregon,Oregon,Oregon,Oregon,appellation,Political appellation of origin,AVA/appellation of origin,regulated_current,Alcohol and Tobacco Tax and Trade Bureau (TTB),https://www.ttb.gov/regulated-commodities/beverage-alcohol/wine/established-avas,https://www.ecfr.gov/current/title-27/chapter-I/subchapter-A/part-9,2026-09-07,61,Geschützter bzw. regulierter Herkunftsname; der offizielle Eigenname wird nicht übersetzt.,Nom d'origine protégé ou réglementé; le nom propre officiel n'est pas traduit.,Protected or regulated origin name; the official proper name is not translated.
US-REG-PASO-ROBLES,US,Vereinigte Staaten,États-Unis,United States,Paso Robles,Paso Robles,Paso Robles,Paso Robles,,region,Regional reference,AVA/appellation of origin,regional_reference_only,Alcohol and Tobacco Tax and Trade Bureau (TTB),https://www.ttb.gov/regulated-commodities/beverage-alcohol/wine/established-avas,https://www.ecfr.gov/current/title-27/chapter-I/subchapter-A/part-9,2026-09-07,62,Als Weinregion für Hierarchie und Mapping geführt; nicht als geschützte Appellation behauptet.,Conservée comme région viticole pour la hiérarchie et le mapping; aucun statut d'appellation protégée n'est affirmé.,Retained as a wine-region reference for hierarchy and mapping; not asserted as a protected appellation.
US-REG-RED-MOUNTAIN,US,Vereinigte Staaten,États-Unis,United States,Red Mountain,Red Mountain,Red Mountain,Red Mountain,,region,Regional reference,AVA/appellation of origin,regional_reference_only,Alcohol and Tobacco Tax and Trade Bureau (TTB),https://www.ttb.gov/regulated-commodities/beverage-alcohol/wine/established-avas,https://www.ecfr.gov/current/title-27/chapter-I/subchapter-A/part-9,2026-09-07,6,Als Weinregion für Hierarchie und Mapping geführt; nicht als geschützte Appellation behauptet.,Conservée comme région viticole pour la hiérarchie et le mapping; aucun statut d'appellation protégée n'est affirmé.,Retained as a wine-region reference for hierarchy and mapping; not asserted as a protected appellation.
US-REG-RIBBON-RIDGE,US,Vereinigte Staaten,États-Unis,United States,Ribbon Ridge,Ribbon Ridge,Ribbon Ridge,Ribbon Ridge,,region,Regional reference,AVA/appellation of origin,regional_reference_only,Alcohol and Tobacco Tax and Trade Bureau (TTB),https://www.ttb.gov/regulated-commodities/beverage-alcohol/wine/established-avas,https://www.ecfr.gov/current/title-27/chapter-I/subchapter-A/part-9,2026-09-07,0,Als Weinregion für Hierarchie und Mapping geführt; nicht als geschützte Appellation behauptet.,Conservée comme région viticole pour la hiérarchie et le mapping; aucun statut d'appellation protégée n'est affirmé.,Retained as a wine-region reference for hierarchy and mapping; not asserted as a protected appellation.
US-REG-RUSSIAN-RIVER-VALLEY,US,Vereinigte Staaten,États-Unis,United States,Russian River Valley,Russian River Valley,Russian River Valley,Russian River Valley,,region,Regional reference,AVA/appellation of origin,regional_reference_only,Alcohol and Tobacco Tax and Trade Bureau (TTB),https://www.ttb.gov/regulated-commodities/beverage-alcohol/wine/established-avas,https://www.ecfr.gov/current/title-27/chapter-I/subchapter-A/part-9,2026-09-07,142,Als Weinregion für Hierarchie und Mapping geführt; nicht als geschützte Appellation behauptet.,Conservée comme région viticole pour la hiérarchie et le mapping; aucun statut d'appellation protégée n'est affirmé.,Retained as a wine-region reference for hierarchy and mapping; not asserted as a protected appellation.
US-REG-RUTHERFORD,US,Vereinigte Staaten,États-Unis,United States,Rutherford,Rutherford,Rutherford,Rutherford,,region,Regional reference,AVA/appellation of origin,regional_reference_only,Alcohol and Tobacco Tax and Trade Bureau (TTB),https://www.ttb.gov/regulated-commodities/beverage-alcohol/wine/established-avas,https://www.ecfr.gov/current/title-27/chapter-I/subchapter-A/part-9,2026-09-07,11,Als Weinregion für Hierarchie und Mapping geführt; nicht als geschützte Appellation behauptet.,Conservée comme région viticole pour la hiérarchie et le mapping; aucun statut d'appellation protégée n'est affirmé.,Retained as a wine-region reference for hierarchy and mapping; not asserted as a protected appellation.
US-REG-SANTA-CRUZ-MOUNTAINS,US,Vereinigte Staaten,États-Unis,United States,Santa Cruz Mountains,Santa Cruz Mountains,Santa Cruz Mountains,Santa Cruz Mountains,,region,Regional reference,AVA/appellation of origin,regional_reference_only,Alcohol and Tobacco Tax and Trade Bureau (TTB),https://www.ttb.gov/regulated-commodities/beverage-alcohol/wine/established-avas,https://www.ecfr.gov/current/title-27/chapter-I/subchapter-A/part-9,2026-09-07,180,Als Weinregion für Hierarchie und Mapping geführt; nicht als geschützte Appellation behauptet.,Conservée comme région viticole pour la hiérarchie et le mapping; aucun statut d'appellation protégée n'est affirmé.,Retained as a wine-region reference for hierarchy and mapping; not asserted as a protected appellation.
US-REG-SANTA-MARIA-VALLEY,US,Vereinigte Staaten,États-Unis,United States,Santa Maria Valley,Santa Maria Valley,Santa Maria Valley,Santa Maria Valley,,region,Regional reference,AVA/appellation of origin,regional_reference_only,Alcohol and Tobacco Tax and Trade Bureau (TTB),https://www.ttb.gov/regulated-commodities/beverage-alcohol/wine/established-avas,https://www.ecfr.gov/current/title-27/chapter-I/subchapter-A/part-9,2026-09-07,62,Als Weinregion für Hierarchie und Mapping geführt; nicht als geschützte Appellation behauptet.,Conservée comme région viticole pour la hiérarchie et le mapping; aucun statut d'appellation protégée n'est affirmé.,Retained as a wine-region reference for hierarchy and mapping; not asserted as a protected appellation.
US-REG-SANTA-YNEZ-VALLEY,US,Vereinigte Staaten,États-Unis,United States,Santa Ynez Valley,Santa Ynez Valley,Santa Ynez Valley,Santa Ynez Valley,,region,Regional reference,AVA/appellation of origin,regional_reference_only,Alcohol and Tobacco Tax and Trade Bureau (TTB),https://www.ttb.gov/regulated-commodities/beverage-alcohol/wine/established-avas,https://www.ecfr.gov/current/title-27/chapter-I/subchapter-A/part-9,2026-09-07,27,Als Weinregion für Hierarchie und Mapping geführt; nicht als geschützte Appellation behauptet.,Conservée comme région viticole pour la hiérarchie et le mapping; aucun statut d'appellation protégée n'est affirmé.,Retained as a wine-region reference for hierarchy and mapping; not asserted as a protected appellation.
US-REG-SONOMA-COAST,US,Vereinigte Staaten,États-Unis,United States,Sonoma Coast,Sonoma Coast,Sonoma Coast,Sonoma Coast,,region,Regional reference,AVA/appellation of origin,regional_reference_only,Alcohol and Tobacco Tax and Trade Bureau (TTB),https://www.ttb.gov/regulated-commodities/beverage-alcohol/wine/established-avas,https://www.ecfr.gov/current/title-27/chapter-I/subchapter-A/part-9,2026-09-07,188,Als Weinregion für Hierarchie und Mapping geführt; nicht als geschützte Appellation behauptet.,Conservée comme région viticole pour la hiérarchie et le mapping; aucun statut d'appellation protégée n'est affirmé.,Retained as a wine-region reference for hierarchy and mapping; not asserted as a protected appellation.
US-REG-SONOMA-VALLEY,US,Vereinigte Staaten,États-Unis,United States,Sonoma Valley,Sonoma Valley,Sonoma Valley,Sonoma Valley,,region,Regional reference,AVA/appellation of origin,regional_reference_only,Alcohol and Tobacco Tax and Trade Bureau (TTB),https://www.ttb.gov/regulated-commodities/beverage-alcohol/wine/established-avas,https://www.ecfr.gov/current/title-27/chapter-I/subchapter-A/part-9,2026-09-07,24,Als Weinregion für Hierarchie und Mapping geführt; nicht als geschützte Appellation behauptet.,Conservée comme région viticole pour la hiérarchie et le mapping; aucun statut d'appellation protégée n'est affirmé.,Retained as a wine-region reference for hierarchy and mapping; not asserted as a protected appellation.
US-REG-SPRING-MOUNTAIN-DISTRICT,US,Vereinigte Staaten,États-Unis,United States,Spring Mountain District,Spring Mountain District,Spring Mountain District,Spring Mountain District,,region,Regional reference,AVA/appellation of origin,regional_reference_only,Alcohol and Tobacco Tax and Trade Bureau (TTB),https://www.ttb.gov/regulated-commodities/beverage-alcohol/wine/established-avas,https://www.ecfr.gov/current/title-27/chapter-I/subchapter-A/part-9,2026-09-07,0,Als Weinregion für Hierarchie und Mapping geführt; nicht als geschützte Appellation behauptet.,Conservée comme région viticole pour la hiérarchie et le mapping; aucun statut d'appellation protégée n'est affirmé.,Retained as a wine-region reference for hierarchy and mapping; not asserted as a protected appellation.
US-REG-SAINT-HELENA,US,Vereinigte Staaten,États-Unis,United States,St. Helena,St. Helena,St. Helena,St. Helena,,region,Regional reference,AVA/appellation of origin,regional_reference_only,Alcohol and Tobacco Tax and Trade Bureau (TTB),https://www.ttb.gov/regulated-commodities/beverage-alcohol/wine/established-avas,https://www.ecfr.gov/current/title-27/chapter-I/subchapter-A/part-9,2026-09-07,1,Als Weinregion für Hierarchie und Mapping geführt; nicht als geschützte Appellation behauptet.,Conservée comme région viticole pour la hiérarchie et le mapping; aucun statut d'appellation protégée n'est affirmé.,Retained as a wine-region reference for hierarchy and mapping; not asserted as a protected appellation.
US-REG-STA-RITA-HILLS,US,Vereinigte Staaten,États-Unis,United States,Sta. Rita Hills,Sta. Rita Hills,Sta. Rita Hills,Sta. Rita Hills,,region,Regional reference,AVA/appellation of origin,regional_reference_only,Alcohol and Tobacco Tax and Trade Bureau (TTB),https://www.ttb.gov/regulated-commodities/beverage-alcohol/wine/established-avas,https://www.ecfr.gov/current/title-27/chapter-I/subchapter-A/part-9,2026-09-07,76,Als Weinregion für Hierarchie und Mapping geführt; nicht als geschützte Appellation behauptet.,Conservée comme région viticole pour la hiérarchie et le mapping; aucun statut d'appellation protégée n'est affirmé.,Retained as a wine-region reference for hierarchy and mapping; not asserted as a protected appellation.
US-REG-STAGS-LEAP-DISTRICT,US,Vereinigte Staaten,États-Unis,United States,Stags Leap District,Stags Leap District,Stags Leap District,Stags Leap District,,region,Regional reference,AVA/appellation of origin,regional_reference_only,Alcohol and Tobacco Tax and Trade Bureau (TTB),https://www.ttb.gov/regulated-commodities/beverage-alcohol/wine/established-avas,https://www.ecfr.gov/current/title-27/chapter-I/subchapter-A/part-9,2026-09-07,1,Als Weinregion für Hierarchie und Mapping geführt; nicht als geschützte Appellation behauptet.,Conservée comme région viticole pour la hiérarchie et le mapping; aucun statut d'appellation protégée n'est affirmé.,Retained as a wine-region reference for hierarchy and mapping; not asserted as a protected appellation.
US-REG-WALLA-WALLA-VALLEY,US,Vereinigte Staaten,États-Unis,United States,Walla Walla Valley,Walla Walla Valley,Walla Walla Valley,Walla Walla Valley,,region,Regional reference,AVA/appellation of origin,regional_reference_only,Alcohol and Tobacco Tax and Trade Bureau (TTB),https://www.ttb.gov/regulated-commodities/beverage-alcohol/wine/established-avas,https://www.ecfr.gov/current/title-27/chapter-I/subchapter-A/part-9,2026-09-07,16,Als Weinregion für Hierarchie und Mapping geführt; nicht als geschützte Appellation behauptet.,Conservée comme région viticole pour la hiérarchie et le mapping; aucun statut d'appellation protégée n'est affirmé.,Retained as a wine-region reference for hierarchy and mapping; not asserted as a protected appellation.
US-ORI-WASHINGTON,US,Vereinigte Staaten,États-Unis,United States,Washington,Washington,Washington,Washington,Washington,appellation,Political appellation of origin,AVA/appellation of origin,regulated_current,Alcohol and Tobacco Tax and Trade Bureau (TTB),https://www.ttb.gov/regulated-commodities/beverage-alcohol/wine/established-avas,https://www.ecfr.gov/current/title-27/chapter-I/subchapter-A/part-9,2026-09-07,19,Geschützter bzw. regulierter Herkunftsname; der offizielle Eigenname wird nicht übersetzt.,Nom d'origine protégé ou réglementé; le nom propre officiel n'est pas traduit.,Protected or regulated origin name; the official proper name is not translated.
US-REG-WEST-SONOMA-COAST,US,Vereinigte Staaten,États-Unis,United States,West Sonoma Coast,West Sonoma Coast,West Sonoma Coast,West Sonoma Coast,,region,Regional reference,AVA/appellation of origin,regional_reference_only,Alcohol and Tobacco Tax and Trade Bureau (TTB),https://www.ttb.gov/regulated-commodities/beverage-alcohol/wine/established-avas,https://www.ecfr.gov/current/title-27/chapter-I/subchapter-A/part-9,2026-09-07,0,Als Weinregion für Hierarchie und Mapping geführt; nicht als geschützte Appellation behauptet.,Conservée comme région viticole pour la hiérarchie et le mapping; aucun statut d'appellation protégée n'est affirmé.,Retained as a wine-region reference for hierarchy and mapping; not asserted as a protected appellation.
US-REG-WILLAMETTE-VALLEY,US,Vereinigte Staaten,États-Unis,United States,Willamette Valley,Willamette Valley,Willamette Valley,Willamette Valley,,region,Regional reference,AVA/appellation of origin,regional_reference_only,Alcohol and Tobacco Tax and Trade Bureau (TTB),https://www.ttb.gov/regulated-commodities/beverage-alcohol/wine/established-avas,https://www.ecfr.gov/current/title-27/chapter-I/subchapter-A/part-9,2026-09-07,165,Als Weinregion für Hierarchie und Mapping geführt; nicht als geschützte Appellation behauptet.,Conservée comme région viticole pour la hiérarchie et le mapping; aucun statut d'appellation protégée n'est affirmé.,Retained as a wine-region reference for hierarchy and mapping; not asserted as a protected appellation.
US-REG-YAKIMA-VALLEY,US,Vereinigte Staaten,États-Unis,United States,Yakima Valley,Yakima Valley,Yakima Valley,Yakima Valley,,region,Regional reference,AVA/appellation of origin,regional_reference_only,Alcohol and Tobacco Tax and Trade Bureau (TTB),https://www.ttb.gov/regulated-commodities/beverage-alcohol/wine/established-avas,https://www.ecfr.gov/current/title-27/chapter-I/subchapter-A/part-9,2026-09-07,2,Als Weinregion für Hierarchie und Mapping geführt; nicht als geschützte Appellation behauptet.,Conservée comme région viticole pour la hiérarchie et le mapping; aucun statut d'appellation protégée n'est affirmé.,Retained as a wine-region reference for hierarchy and mapping; not asserted as a protected appellation.
US-REG-YOUNTVILLE,US,Vereinigte Staaten,États-Unis,United States,Yountville,Yountville,Yountville,Yountville,,region,Regional reference,AVA/appellation of origin,regional_reference_only,Alcohol and Tobacco Tax and Trade Bureau (TTB),https://www.ttb.gov/regulated-commodities/beverage-alcohol/wine/established-avas,https://www.ecfr.gov/current/title-27/chapter-I/subchapter-A/part-9,2026-09-07,0,Als Weinregion für Hierarchie und Mapping geführt; nicht als geschützte Appellation behauptet.,Conservée comme région viticole pour la hiérarchie et le mapping; aucun statut d'appellation protégée n'est affirmé.,Retained as a wine-region reference for hierarchy and mapping; not asserted as a protected appellation.
UY-COUNTRY,UY,Uruguay,Uruguay,Uruguay,,,,,,country,Country of origin,Country-level origin,country_reference,Instituto Nacional de Vitivinicultura (INAVI),https://www.inavi.com.uy/,https://www.impo.com.uy/,2026-09-07,0,Länderangabe ohne verlässlich ableitbare Region oder Appellation.,Indication du pays sans région ni appellation pouvant être déduite de manière fiable.,Country indication without a region or appellation that can be derived reliably.
UY-REG-CANELONES,UY,Uruguay,Uruguay,Uruguay,Canelones,Canelones,Canelones,Canelones,,region,Wine region (not asserted as protected appellation),Official regional reference,regional_reference_only,Instituto Nacional de Vitivinicultura (INAVI),https://www.inavi.com.uy/,https://www.impo.com.uy/,2026-09-07,4,Als Weinregion für Hierarchie und Mapping geführt; nicht als geschützte Appellation behauptet.,Conservée comme région viticole pour la hiérarchie et le mapping; aucun statut d'appellation protégée n'est affirmé.,Retained as a wine-region reference for hierarchy and mapping; not asserted as a protected appellation.
UY-REG-MALDONADO,UY,Uruguay,Uruguay,Uruguay,Maldonado,Maldonado,Maldonado,Maldonado,,region,Wine region (not asserted as protected appellation),Official regional reference,regional_reference_only,Instituto Nacional de Vitivinicultura (INAVI),https://www.inavi.com.uy/,https://www.impo.com.uy/,2026-09-07,4,Als Weinregion für Hierarchie und Mapping geführt; nicht als geschützte Appellation behauptet.,Conservée comme région viticole pour la hiérarchie et le mapping; aucun statut d'appellation protégée n'est affirmé.,Retained as a wine-region reference for hierarchy and mapping; not asserted as a protected appellation.
ZA-COUNTRY,ZA,Südafrika,Afrique du Sud,South Africa,,,,,,country,Country of origin,Country-level origin,country_reference,South African Wine and Spirit Board,https://wineauthority.org/what-we-do/,https://www.sawis.co.za/cert/,2026-09-07,17,Länderangabe ohne verlässlich ableitbare Region oder Appellation.,Indication du pays sans région ni appellation pouvant être déduite de manière fiable.,Country indication without a region or appellation that can be derived reliably.
ZA-ORI-ROBERTSON,ZA,Südafrika,Afrique du Sud,South Africa,Breede River Valley,Breede River Valley,Breede River Valley,Breede River Valley,Robertson,appellation,WO district/region,Wine of Origin (WO),protected_current,South African Wine and Spirit Board,https://wineauthority.org/what-we-do/,https://www.sawis.co.za/cert/,2026-09-07,5,Geschützter bzw. regulierter Herkunftsname; der offizielle Eigenname wird nicht übersetzt.,Nom d'origine protégé ou réglementé; le nom propre officiel n'est pas traduit.,Protected or regulated origin name; the official proper name is not translated.
ZA-ORI-CAPE-SOUTH-COAST,ZA,Südafrika,Afrique du Sud,South Africa,Cape South Coast,Kap-Südküste,Côte sud du Cap,Cape South Coast,Cape South Coast,appellation,WO region,Wine of Origin (WO),protected_current,South African Wine and Spirit Board,https://wineauthority.org/what-we-do/,https://www.sawis.co.za/cert/,2026-09-07,0,Geschützter bzw. regulierter Herkunftsname; der offizielle Eigenname wird nicht übersetzt.,Nom d'origine protégé ou réglementé; le nom propre officiel n'est pas traduit.,Protected or regulated origin name; the official proper name is not translated.
ZA-ORI-ELGIN,ZA,Südafrika,Afrique du Sud,South Africa,Cape South Coast,Kap-Südküste,Côte sud du Cap,Cape South Coast,Elgin,appellation,WO ward,Wine of Origin (WO),protected_current,South African Wine and Spirit Board,https://wineauthority.org/what-we-do/,https://www.sawis.co.za/cert/,2026-09-07,4,Geschützter bzw. regulierter Herkunftsname; der offizielle Eigenname wird nicht übersetzt.,Nom d'origine protégé ou réglementé; le nom propre officiel n'est pas traduit.,Protected or regulated origin name; the official proper name is not translated.
ZA-ORI-HEMEL-EN-AARDE-VALLEY,ZA,Südafrika,Afrique du Sud,South Africa,Cape South Coast,Kap-Südküste,Côte sud du Cap,Cape South Coast,Hemel-en-Aarde Valley,appellation,WO ward,Wine of Origin (WO),protected_current,South African Wine and Spirit Board,https://wineauthority.org/what-we-do/,https://www.sawis.co.za/cert/,2026-09-07,0,Geschützter bzw. regulierter Herkunftsname; der offizielle Eigenname wird nicht übersetzt.,Nom d'origine protégé ou réglementé; le nom propre officiel n'est pas traduit.,Protected or regulated origin name; the official proper name is not translated.
ZA-ORI-WALKER-BAY,ZA,Südafrika,Afrique du Sud,South Africa,Cape South Coast,Kap-Südküste,Côte sud du Cap,Cape South Coast,Walker Bay,appellation,WO district/region,Wine of Origin (WO),protected_current,South African Wine and Spirit Board,https://wineauthority.org/what-we-do/,https://www.sawis.co.za/cert/,2026-09-07,6,Geschützter bzw. regulierter Herkunftsname; der offizielle Eigenname wird nicht übersetzt.,Nom d'origine protégé ou réglementé; le nom propre officiel n'est pas traduit.,Protected or regulated origin name; the official proper name is not translated.
ZA-ORI-COASTAL-REGION,ZA,Südafrika,Afrique du Sud,South Africa,Coastal Region,Küstenregion,Région côtière,Coastal Region,Coastal Region,appellation,WO region,Wine of Origin (WO),protected_current,South African Wine and Spirit Board,https://wineauthority.org/what-we-do/,https://www.sawis.co.za/cert/,2026-09-07,27,Geschützter bzw. regulierter Herkunftsname; der offizielle Eigenname wird nicht übersetzt.,Nom d'origine protégé ou réglementé; le nom propre officiel n'est pas traduit.,Protected or regulated origin name; the official proper name is not translated.
ZA-ORI-CONSTANTIA,ZA,Südafrika,Afrique du Sud,South Africa,Coastal Region,Küstenregion,Région côtière,Coastal Region,Constantia,appellation,WO ward,Wine of Origin (WO),protected_current,South African Wine and Spirit Board,https://wineauthority.org/what-we-do/,https://www.sawis.co.za/cert/,2026-09-07,79,Geschützter bzw. regulierter Herkunftsname; der offizielle Eigenname wird nicht übersetzt.,Nom d'origine protégé ou réglementé; le nom propre officiel n'est pas traduit.,Protected or regulated origin name; the official proper name is not translated.
ZA-ORI-FRANSCHHOEK-FRANSCHHOEK-VALLEY,ZA,Südafrika,Afrique du Sud,South Africa,Coastal Region,Küstenregion,Région côtière,Coastal Region,Franschhoek/Franschhoek Valley,appellation,WO district/region,Wine of Origin (WO),protected_current,South African Wine and Spirit Board,https://wineauthority.org/what-we-do/,https://www.sawis.co.za/cert/,2026-09-07,14,Geschützter bzw. regulierter Herkunftsname; der offizielle Eigenname wird nicht übersetzt.,Nom d'origine protégé ou réglementé; le nom propre officiel n'est pas traduit.,Protected or regulated origin name; the official proper name is not translated.
ZA-ORI-PAARL,ZA,Südafrika,Afrique du Sud,South Africa,Coastal Region,Küstenregion,Région côtière,Coastal Region,Paarl,appellation,WO district/region,Wine of Origin (WO),protected_current,South African Wine and Spirit Board,https://wineauthority.org/what-we-do/,https://www.sawis.co.za/cert/,2026-09-07,54,Geschützter bzw. regulierter Herkunftsname; der offizielle Eigenname wird nicht übersetzt.,Nom d'origine protégé ou réglementé; le nom propre officiel n'est pas traduit.,Protected or regulated origin name; the official proper name is not translated.
ZA-ORI-STELLENBOSCH,ZA,Südafrika,Afrique du Sud,South Africa,Coastal Region,Küstenregion,Région côtière,Coastal Region,Stellenbosch,appellation,WO district/region,Wine of Origin (WO),protected_current,South African Wine and Spirit Board,https://wineauthority.org/what-we-do/,https://www.sawis.co.za/cert/,2026-09-07,351,Geschützter bzw. regulierter Herkunftsname; der offizielle Eigenname wird nicht übersetzt.,Nom d'origine protégé ou réglementé; le nom propre officiel n'est pas traduit.,Protected or regulated origin name; the official proper name is not translated.
ZA-ORI-SWARTLAND,ZA,Südafrika,Afrique du Sud,South Africa,Coastal Region,Küstenregion,Région côtière,Coastal Region,Swartland,appellation,WO district/region,Wine of Origin (WO),protected_current,South African Wine and Spirit Board,https://wineauthority.org/what-we-do/,https://www.sawis.co.za/cert/,2026-09-07,86,Geschützter bzw. regulierter Herkunftsname; der offizielle Eigenname wird nicht übersetzt.,Nom d'origine protégé ou réglementé; le nom propre officiel n'est pas traduit.,Protected or regulated origin name; the official proper name is not translated.
ZA-ORI-TULBAGH,ZA,Südafrika,Afrique du Sud,South Africa,Coastal Region,Küstenregion,Région côtière,Coastal Region,Tulbagh,appellation,WO district/region,Wine of Origin (WO),protected_current,South African Wine and Spirit Board,https://wineauthority.org/what-we-do/,https://www.sawis.co.za/cert/,2026-09-07,0,Geschützter bzw. regulierter Herkunftsname; der offizielle Eigenname wird nicht übersetzt.,Nom d'origine protégé ou réglementé; le nom propre officiel n'est pas traduit.,Protected or regulated origin name; the official proper name is not translated.
ZA-ORI-WESTERN-CAPE,ZA,Südafrika,Afrique du Sud,South Africa,Western Cape,Western Cape,Western Cape,Western Cape,Western Cape,appellation,WO district/region,Wine of Origin (WO),protected_current,South African Wine and Spirit Board,https://wineauthority.org/what-we-do/,https://www.sawis.co.za/cert/,2026-09-07,65,Geschützter bzw. regulierter Herkunftsname; der offizielle Eigenname wird nicht übersetzt.,Nom d'origine protégé ou réglementé; le nom propre officiel n'est pas traduit.,Protected or regulated origin name; the official proper name is not translated.
