source_file,raw_value,raw_lots,raw_source,raw_country_code,normalized_value,match_status,match_confidence,target_origin_id,target_country_code,target_region,target_appellation,target_record_level,match_reason
regions.csv,Cafayate,0,,AR,cafayate,normalized_exact,1,AR-ORI-CAFAYATE,AR,Salta,Cafayate,appellation,"Accent, punctuation, whitespace and legal suffixes normalized."
regions.csv,Luján de Cuyo,0,,AR,lujan de cuyo,normalized_exact,1,AR-ORI-LUJAN-DE-CUYO,AR,Mendoza,Luján de Cuyo,appellation,"Accent, punctuation, whitespace and legal suffixes normalized."
regions.csv,Mendoza,0,,AR,mendoza,normalized_exact,1,AR-ORI-MENDOZA,AR,Mendoza,Mendoza,appellation,"Accent, punctuation, whitespace and legal suffixes normalized."
regions.csv,Patagonia,0,,AR,patagonia,normalized_exact,1,AR-ORI-PATAGONIA,AR,Patagonia,Patagonia,appellation,"Accent, punctuation, whitespace and legal suffixes normalized."
regions.csv,Salta,0,,AR,salta,normalized_exact,1,AR-ORI-SALTA,AR,Salta,Salta,appellation,"Accent, punctuation, whitespace and legal suffixes normalized."
regions.csv,Uco Valley,0,,AR,uco valley,normalized_alias,0.99,AR-ORI-VALLE-DE-UCO,AR,Mendoza,Valle de Uco,appellation,Curated alias normalized to canonical value.
regions.csv,Burgenland,0,,AT,burgenland,normalized_exact,1,AT-ORI-BURGENLAND,AT,Burgenland,Burgenland,appellation,"Accent, punctuation, whitespace and legal suffixes normalized."
regions.csv,Carnuntum,0,,AT,carnuntum,normalized_exact,1,AT-ORI-CARNUNTUM,AT,Niederösterreich,Carnuntum,appellation,"Accent, punctuation, whitespace and legal suffixes normalized."
regions.csv,Eisenberg,0,,AT,eisenberg,normalized_exact,1,AT-ORI-EISENBERG,AT,Burgenland,Eisenberg,appellation,"Accent, punctuation, whitespace and legal suffixes normalized."
regions.csv,Kamptal,0,,AT,kamptal,normalized_exact,1,AT-ORI-KAMPTAL,AT,Niederösterreich,Kamptal,appellation,"Accent, punctuation, whitespace and legal suffixes normalized."
regions.csv,Kremstal,0,,AT,kremstal,normalized_exact,1,AT-ORI-KREMSTAL,AT,Niederösterreich,Kremstal,appellation,"Accent, punctuation, whitespace and legal suffixes normalized."
regions.csv,Leithaberg,0,,AT,leithaberg,normalized_exact,1,AT-ORI-LEITHABERG,AT,Burgenland,Leithaberg,appellation,"Accent, punctuation, whitespace and legal suffixes normalized."
regions.csv,Mittelburgenland,0,,AT,mittelburgenland,normalized_exact,1,AT-ORI-MITTELBURGENLAND,AT,Burgenland,Mittelburgenland,appellation,"Accent, punctuation, whitespace and legal suffixes normalized."
regions.csv,Neusiedlersee,0,,AT,neusiedlersee,normalized_exact,1,AT-ORI-NEUSIEDLERSEE,AT,Burgenland,Neusiedlersee,appellation,"Accent, punctuation, whitespace and legal suffixes normalized."
regions.csv,Rosalia,0,,AT,rosalia,normalized_exact,1,AT-ORI-ROSALIA,AT,Burgenland,Rosalia,appellation,"Accent, punctuation, whitespace and legal suffixes normalized."
regions.csv,Ruster Ausbruch,0,,AT,ruster ausbruch,normalized_exact,1,AT-ORI-RUSTER-AUSBRUCH,AT,Burgenland,Ruster Ausbruch,appellation,"Accent, punctuation, whitespace and legal suffixes normalized."
regions.csv,Steiermark,0,,AT,steiermark,normalized_exact,1,AT-ORI-STEIERMARK,AT,Steiermark,Steiermark,appellation,"Accent, punctuation, whitespace and legal suffixes normalized."
regions.csv,Südsteiermark,0,,AT,sudsteiermark,normalized_exact,1,AT-ORI-SUDSTEIERMARK,AT,Steiermark,Südsteiermark,appellation,"Accent, punctuation, whitespace and legal suffixes normalized."
regions.csv,Thermenregion,0,,AT,thermenregion,normalized_exact,1,AT-ORI-THERMENREGION,AT,Niederösterreich,Thermenregion,appellation,"Accent, punctuation, whitespace and legal suffixes normalized."
regions.csv,Traisental,0,,AT,traisental,normalized_exact,1,AT-ORI-TRAISENTAL,AT,Niederösterreich,Traisental,appellation,"Accent, punctuation, whitespace and legal suffixes normalized."
regions.csv,Vulkanland Steiermark,0,,AT,vulkanland steiermark,normalized_exact,1,AT-ORI-VULKANLAND-STEIERMARK,AT,Steiermark,Vulkanland Steiermark,appellation,"Accent, punctuation, whitespace and legal suffixes normalized."
regions.csv,Wachau,0,,AT,wachau,normalized_exact,1,AT-ORI-WACHAU,AT,Niederösterreich,Wachau,appellation,"Accent, punctuation, whitespace and legal suffixes normalized."
regions.csv,Wagram,0,,AT,wagram,normalized_exact,1,AT-ORI-WAGRAM,AT,Niederösterreich,Wagram,appellation,"Accent, punctuation, whitespace and legal suffixes normalized."
regions.csv,Weinviertel,0,,AT,weinviertel,normalized_exact,1,AT-ORI-WEINVIERTEL,AT,Niederösterreich,Weinviertel,appellation,"Accent, punctuation, whitespace and legal suffixes normalized."
regions.csv,Weststeiermark,0,,AT,weststeiermark,normalized_exact,1,AT-ORI-WESTSTEIERMARK,AT,Steiermark,Weststeiermark,appellation,"Accent, punctuation, whitespace and legal suffixes normalized."
regions.csv,Wien,0,,AT,wien,normalized_exact,1,AT-ORI-WIEN,AT,Wien,Wien,appellation,"Accent, punctuation, whitespace and legal suffixes normalized."
regions.csv,Wiener Gemischter Satz,0,,AT,wiener gemischter satz,normalized_exact,1,AT-ORI-WIENER-GEMISCHTER-SATZ,AT,Wien,Wiener Gemischter Satz,appellation,"Accent, punctuation, whitespace and legal suffixes normalized."
regions.csv,Adelaide Hills,0,,AU,adelaide hills,normalized_exact,1,AU-ORI-ADELAIDE-HILLS,AU,South Australia,Adelaide Hills,appellation,"Accent, punctuation, whitespace and legal suffixes normalized."
regions.csv,Barossa Valley,0,,AU,barossa valley,normalized_exact,1,AU-ORI-BAROSSA-VALLEY,AU,South Australia,Barossa Valley,appellation,"Accent, punctuation, whitespace and legal suffixes normalized."
regions.csv,Clare Valley,0,,AU,clare valley,normalized_exact,1,AU-ORI-CLARE-VALLEY,AU,South Australia,Clare Valley,appellation,"Accent, punctuation, whitespace and legal suffixes normalized."
regions.csv,Coal River Valley,0,,AU,coal river valley,normalized_exact,1,AU-ORI-COAL-RIVER-VALLEY,AU,Tasmania,Coal River Valley,appellation,"Accent, punctuation, whitespace and legal suffixes normalized."
regions.csv,Coonawarra,0,,AU,coonawarra,normalized_exact,1,AU-ORI-COONAWARRA,AU,South Australia,Coonawarra,appellation,"Accent, punctuation, whitespace and legal suffixes normalized."
regions.csv,Eden Valley,0,,AU,eden valley,normalized_exact,1,AU-ORI-EDEN-VALLEY,AU,South Australia,Eden Valley,appellation,"Accent, punctuation, whitespace and legal suffixes normalized."
regions.csv,Great Southern,0,,AU,great southern,normalized_exact,1,AU-ORI-GREAT-SOUTHERN,AU,Western Australia,Great Southern,appellation,"Accent, punctuation, whitespace and legal suffixes normalized."
regions.csv,Heathcote,0,,AU,heathcote,normalized_exact,1,AU-ORI-HEATHCOTE,AU,Victoria,Heathcote,appellation,"Accent, punctuation, whitespace and legal suffixes normalized."
regions.csv,Hunter Valley,0,,AU,hunter valley,normalized_exact,1,AU-ORI-HUNTER-VALLEY,AU,New South Wales,Hunter Valley,appellation,"Accent, punctuation, whitespace and legal suffixes normalized."
regions.csv,Margaret River,0,,AU,margaret river,normalized_exact,1,AU-ORI-MARGARET-RIVER,AU,Western Australia,Margaret River,appellation,"Accent, punctuation, whitespace and legal suffixes normalized."
regions.csv,McLaren Vale,0,,AU,mclaren vale,normalized_exact,1,AU-ORI-MCLAREN-VALE,AU,South Australia,McLaren Vale,appellation,"Accent, punctuation, whitespace and legal suffixes normalized."
regions.csv,Mornington Peninsula,0,,AU,mornington peninsula,normalized_exact,1,AU-ORI-MORNINGTON-PENINSULA,AU,Victoria,Mornington Peninsula,appellation,"Accent, punctuation, whitespace and legal suffixes normalized."
regions.csv,Mount Barker,0,,AU,mount barker,normalized_exact,1,AU-ORI-MOUNT-BARKER,AU,Western Australia,Mount Barker,appellation,"Accent, punctuation, whitespace and legal suffixes normalized."
regions.csv,Tamar Valley,0,,AU,tamar valley,normalized_exact,1,AU-ORI-TAMAR-VALLEY,AU,Tasmania,Tamar Valley,appellation,"Accent, punctuation, whitespace and legal suffixes normalized."
regions.csv,Tasmania,0,,AU,tasmania,normalized_exact,1,AU-ORI-TASMANIA,AU,Tasmania,Tasmania,appellation,"Accent, punctuation, whitespace and legal suffixes normalized."
regions.csv,Yarra Valley,0,,AU,yarra valley,normalized_exact,1,AU-ORI-YARRA-VALLEY,AU,Victoria,Yarra Valley,appellation,"Accent, punctuation, whitespace and legal suffixes normalized."
regions.csv,Niagara Peninsula,0,,CA,niagara peninsula,normalized_exact,1,CA-ORI-NIAGARA-PENINSULA,CA,Ontario,Niagara Peninsula,appellation,"Accent, punctuation, whitespace and legal suffixes normalized."
regions.csv,Okanagan Valley,0,,CA,okanagan valley,normalized_exact,1,CA-ORI-OKANAGAN-VALLEY,CA,British Columbia,Okanagan Valley,appellation,"Accent, punctuation, whitespace and legal suffixes normalized."
regions.csv,Prince Edward County,0,,CA,prince edward county,normalized_exact,1,CA-ORI-PRINCE-EDWARD-COUNTY,CA,Ontario,Prince Edward County,appellation,"Accent, punctuation, whitespace and legal suffixes normalized."
regions.csv,Aconcagua Valley,0,,CL,aconcagua valley,normalized_alias,0.99,CL-ORI-VALLE-DEL-ACONCAGUA,CL,Aconcagua,Valle del Aconcagua,appellation,Curated alias normalized to canonical value.
regions.csv,Casablanca Valley,0,,CL,casablanca valley,normalized_alias,0.99,CL-ORI-VALLE-DE-CASABLANCA,CL,Aconcagua,Valle de Casablanca,appellation,Curated alias normalized to canonical value.
regions.csv,Colchagua Valley,0,,CL,colchagua valley,normalized_alias,0.99,CL-ORI-VALLE-DE-COLCHAGUA,CL,Valle Central,Valle de Colchagua,appellation,Curated alias normalized to canonical value.
regions.csv,Itata Valley,0,,CL,itata valley,normalized_alias,0.99,CL-ORI-VALLE-DEL-ITATA,CL,Región Sur,Valle del Itata,appellation,Curated alias normalized to canonical value.
regions.csv,Limarí Valley,0,,CL,limari valley,normalized_alias,0.99,CL-ORI-VALLE-DEL-LIMARI,CL,Coquimbo,Valle del Limarí,appellation,Curated alias normalized to canonical value.
regions.csv,Maipo Valley,0,,CL,maipo valley,normalized_alias,0.99,CL-ORI-VALLE-DEL-MAIPO,CL,Valle Central,Valle del Maipo,appellation,Curated alias normalized to canonical value.
regions.csv,Maule Valley,0,,CL,maule valley,normalized_alias,0.99,CL-ORI-VALLE-DEL-MAULE,CL,Valle Central,Valle del Maule,appellation,Curated alias normalized to canonical value.
regions.csv,Aargau,0,,CH,aargau,normalized_exact,1,CH-ORI-AARGAU,CH,Aargau,Aargau,appellation,"Accent, punctuation, whitespace and legal suffixes normalized."
regions.csv,Basel-Landschaft,0,,CH,basel landschaft,normalized_exact,1,CH-ORI-BASEL-LANDSCHAFT,CH,Basel-Landschaft,Basel-Landschaft,appellation,"Accent, punctuation, whitespace and legal suffixes normalized."
regions.csv,Bielersee,0,,CH,bielersee,normalized_exact,1,CH-ORI-BIELERSEE,CH,Bielersee,Bielersee,appellation,"Accent, punctuation, whitespace and legal suffixes normalized."
regions.csv,Calamin,0,,CH,calamin,normalized_exact,1,CH-ORI-CALAMIN,CH,Calamin,Calamin,appellation,"Accent, punctuation, whitespace and legal suffixes normalized."
regions.csv,Chablais,0,,CH,chablais,normalized_exact,1,CH-ORI-CHABLAIS,CH,Chablais,Chablais,appellation,"Accent, punctuation, whitespace and legal suffixes normalized."
regions.csv,Dézaley,0,,CH,dezaley,normalized_exact,1,CH-ORI-DEZALEY,CH,Dézaley,Dézaley,appellation,"Accent, punctuation, whitespace and legal suffixes normalized."
regions.csv,Epesses,0,,CH,epesses,normalized_exact,1,CH-ORI-EPESSES,CH,Epesses,Epesses,appellation,"Accent, punctuation, whitespace and legal suffixes normalized."
regions.csv,Geneva,0,,CH,geneva,normalized_alias,0.99,CH-ORI-GENEVE,CH,Genève,Genève,appellation,Curated alias normalized to canonical value.
regions.csv,Graubünden,0,,CH,graubunden,normalized_exact,1,CH-ORI-GRAUBUNDEN,CH,Graubünden,Graubünden,appellation,"Accent, punctuation, whitespace and legal suffixes normalized."
regions.csv,La Côte,0,,CH,la cote,normalized_exact,1,CH-ORI-LA-COTE,CH,La Côte,La Côte,appellation,"Accent, punctuation, whitespace and legal suffixes normalized."
regions.csv,Lavaux,0,,CH,lavaux,normalized_exact,1,CH-ORI-LAVAUX,CH,Lavaux,Lavaux,appellation,"Accent, punctuation, whitespace and legal suffixes normalized."
regions.csv,Neuchâtel,0,,CH,neuchatel,normalized_exact,1,CH-ORI-NEUCHATEL,CH,Neuchâtel,Neuchâtel,appellation,"Accent, punctuation, whitespace and legal suffixes normalized."
regions.csv,Schaffhausen,0,,CH,schaffhausen,normalized_exact,1,CH-ORI-SCHAFFHAUSEN,CH,Schaffhausen,Schaffhausen,appellation,"Accent, punctuation, whitespace and legal suffixes normalized."
regions.csv,St. Gallen,0,,CH,saint gallen,normalized_exact,1,CH-ORI-SAINT-GALLEN,CH,St. Gallen,St. Gallen,appellation,"Accent, punctuation, whitespace and legal suffixes normalized."
regions.csv,Thurgau,0,,CH,thurgau,normalized_exact,1,CH-ORI-THURGAU,CH,Thurgau,Thurgau,appellation,"Accent, punctuation, whitespace and legal suffixes normalized."
regions.csv,Ticino,0,,CH,ticino,normalized_exact,1,CH-ORI-TICINO,CH,Ticino,Ticino,appellation,"Accent, punctuation, whitespace and legal suffixes normalized."
regions.csv,Valais,0,,CH,valais,normalized_exact,1,CH-ORI-VALAIS,CH,Valais,Valais,appellation,"Accent, punctuation, whitespace and legal suffixes normalized."
regions.csv,Vaud,0,,CH,vaud,normalized_exact,1,CH-ORI-VAUD,CH,Vaud,Vaud,appellation,"Accent, punctuation, whitespace and legal suffixes normalized."
regions.csv,Vully,0,,CH,vully,normalized_exact,1,CH-ORI-VULLY,CH,Vully,Vully,appellation,"Accent, punctuation, whitespace and legal suffixes normalized."
regions.csv,Yvorne,0,,CH,yvorne,normalized_exact,1,CH-ORI-YVORNE,CH,Yvorne,Yvorne,appellation,"Accent, punctuation, whitespace and legal suffixes normalized."
regions.csv,Zürich,0,,CH,zurich,normalized_exact,1,CH-ORI-ZURICH,CH,Zürich,Zürich,appellation,"Accent, punctuation, whitespace and legal suffixes normalized."
regions.csv,Ahr,0,,DE,ahr,normalized_exact,1,DE-ORI-AHR,DE,Ahr,Ahr,appellation,"Accent, punctuation, whitespace and legal suffixes normalized."
regions.csv,Baden,0,,DE,baden,normalized_exact,1,DE-ORI-BADEN,DE,Baden,Baden,appellation,"Accent, punctuation, whitespace and legal suffixes normalized."
regions.csv,Franken,0,,DE,franken,normalized_exact,1,DE-ORI-FRANKEN,DE,Franken,Franken,appellation,"Accent, punctuation, whitespace and legal suffixes normalized."
regions.csv,Hessische Bergstraße,0,,DE,hessische bergstra e,normalized_exact,1,DE-ORI-HESSISCHE-BERGSTRA-E,DE,Hessische Bergstraße,Hessische Bergstraße,appellation,"Accent, punctuation, whitespace and legal suffixes normalized."
regions.csv,Mittelrhein,0,,DE,mittelrhein,normalized_exact,1,DE-ORI-MITTELRHEIN,DE,Mittelrhein,Mittelrhein,appellation,"Accent, punctuation, whitespace and legal suffixes normalized."
regions.csv,Mosel,0,,DE,mosel,normalized_exact,1,DE-ORI-MOSEL,DE,Mosel,Mosel,appellation,"Accent, punctuation, whitespace and legal suffixes normalized."
regions.csv,Nahe,0,,DE,nahe,normalized_exact,1,DE-ORI-NAHE,DE,Nahe,Nahe,appellation,"Accent, punctuation, whitespace and legal suffixes normalized."
regions.csv,Pfalz,0,,DE,pfalz,normalized_exact,1,DE-ORI-PFALZ,DE,Pfalz,Pfalz,appellation,"Accent, punctuation, whitespace and legal suffixes normalized."
regions.csv,Rheingau,0,,DE,rheingau,normalized_exact,1,DE-ORI-RHEINGAU,DE,Rheingau,Rheingau,appellation,"Accent, punctuation, whitespace and legal suffixes normalized."
regions.csv,Rheinhessen,0,,DE,rheinhessen,normalized_exact,1,DE-ORI-RHEINHESSEN,DE,Rheinhessen,Rheinhessen,appellation,"Accent, punctuation, whitespace and legal suffixes normalized."
regions.csv,Saale-Unstrut,0,,DE,saale unstrut,normalized_exact,1,DE-ORI-SAALE-UNSTRUT,DE,Saale-Unstrut,Saale-Unstrut,appellation,"Accent, punctuation, whitespace and legal suffixes normalized."
regions.csv,Sachsen,0,,DE,sachsen,normalized_exact,1,DE-ORI-SACHSEN,DE,Sachsen,Sachsen,appellation,"Accent, punctuation, whitespace and legal suffixes normalized."
regions.csv,Württemberg,0,,DE,wurttemberg,normalized_exact,1,DE-ORI-WURTTEMBERG,DE,Württemberg,Württemberg,appellation,"Accent, punctuation, whitespace and legal suffixes normalized."
regions.csv,Alicante,0,,ES,alicante,normalized_exact,1,ES-ORI-ALICANTE,ES,Comunitat Valenciana,Alicante,appellation,"Accent, punctuation, whitespace and legal suffixes normalized."
regions.csv,Bierzo,0,,ES,bierzo,normalized_exact,1,ES-ORI-BIERZO,ES,Castilla y León,Bierzo,appellation,"Accent, punctuation, whitespace and legal suffixes normalized."
regions.csv,Cava,0,,ES,cava,normalized_exact,1,ES-ORI-CAVA,ES,Spain,Cava,appellation,"Accent, punctuation, whitespace and legal suffixes normalized."
regions.csv,Catalunya,0,,ES,catalunya,normalized_exact,1,ES-ORI-CATALUNYA,ES,Catalunya,Catalunya,appellation,"Accent, punctuation, whitespace and legal suffixes normalized."
regions.csv,Jerez-Xérès-Sherry,0,,ES,jerez xeres sherry,normalized_exact,1,ES-ORI-JEREZ-XERES-SHERRY,ES,Andalucía,Jerez-Xérès-Sherry,appellation,"Accent, punctuation, whitespace and legal suffixes normalized."
regions.csv,Jumilla,0,,ES,jumilla,normalized_exact,1,ES-ORI-JUMILLA,ES,Región de Murcia,Jumilla,appellation,"Accent, punctuation, whitespace and legal suffixes normalized."
regions.csv,Montilla-Moriles,0,,ES,montilla moriles,normalized_exact,1,ES-ORI-MONTILLA-MORILES,ES,Andalucía,Montilla-Moriles,appellation,"Accent, punctuation, whitespace and legal suffixes normalized."
regions.csv,Navarra,0,,ES,navarra,normalized_exact,1,ES-ORI-NAVARRA,ES,Navarra,Navarra,appellation,"Accent, punctuation, whitespace and legal suffixes normalized."
regions.csv,Penedès,0,,ES,penedes,normalized_exact,1,ES-ORI-PENEDES,ES,Catalunya,Penedès,appellation,"Accent, punctuation, whitespace and legal suffixes normalized."
regions.csv,Priorat,0,,ES,priorat,normalized_exact,1,ES-ORI-PRIORAT,ES,Catalunya,Priorat,appellation,"Accent, punctuation, whitespace and legal suffixes normalized."
regions.csv,Rías Baixas,0,,ES,rias baixas,normalized_exact,1,ES-ORI-RIAS-BAIXAS,ES,Galicia,Rías Baixas,appellation,"Accent, punctuation, whitespace and legal suffixes normalized."
regions.csv,Ribera del Duero,0,,ES,ribera del duero,normalized_exact,1,ES-ORI-RIBERA-DEL-DUERO,ES,Castilla y León,Ribera del Duero,appellation,"Accent, punctuation, whitespace and legal suffixes normalized."
regions.csv,Ribeira Sacra,0,,ES,ribeira sacra,normalized_exact,1,ES-ORI-RIBEIRA-SACRA,ES,Galicia,Ribeira Sacra,appellation,"Accent, punctuation, whitespace and legal suffixes normalized."
regions.csv,Rioja,0,,ES,rioja,normalized_exact,1,ES-ORI-RIOJA,ES,Rioja,Rioja,appellation,"Accent, punctuation, whitespace and legal suffixes normalized."
regions.csv,Rueda,0,,ES,rueda,normalized_exact,1,ES-ORI-RUEDA,ES,Castilla y León,Rueda,appellation,"Accent, punctuation, whitespace and legal suffixes normalized."
regions.csv,Somontano,0,,ES,somontano,normalized_exact,1,ES-ORI-SOMONTANO,ES,Aragón,Somontano,appellation,"Accent, punctuation, whitespace and legal suffixes normalized."
regions.csv,Toro,0,,ES,toro,normalized_exact,1,ES-ORI-TORO,ES,Castilla y León,Toro,appellation,"Accent, punctuation, whitespace and legal suffixes normalized."
regions.csv,Valdeorras,0,,ES,valdeorras,normalized_exact,1,ES-ORI-VALDEORRAS,ES,Galicia,Valdeorras,appellation,"Accent, punctuation, whitespace and legal suffixes normalized."
regions.csv,Valencia,0,,ES,valencia,normalized_exact,1,ES-ORI-VALENCIA,ES,Comunitat Valenciana,Valencia,appellation,"Accent, punctuation, whitespace and legal suffixes normalized."
regions.csv,Yecla,0,,ES,yecla,normalized_exact,1,ES-ORI-YECLA,ES,Región de Murcia,Yecla,appellation,"Accent, punctuation, whitespace and legal suffixes normalized."
regions.csv,Alsace,0,,FR,alsace,normalized_exact,1,FR-ORI-ALSACE,FR,Alsace,Alsace,appellation,"Accent, punctuation, whitespace and legal suffixes normalized."
regions.csv,Bandol,0,,FR,bandol,normalized_exact,1,FR-ORI-BANDOL,FR,Provence,Bandol,appellation,"Accent, punctuation, whitespace and legal suffixes normalized."
regions.csv,Barsac,0,,FR,barsac,normalized_exact,1,FR-ORI-BARSAC,FR,Bordeaux,Barsac,appellation,"Accent, punctuation, whitespace and legal suffixes normalized."
regions.csv,Banyuls,0,,FR,banyuls,normalized_exact,1,FR-ORI-BANYULS,FR,Languedoc-Roussillon,Banyuls,appellation,"Accent, punctuation, whitespace and legal suffixes normalized."
regions.csv,Beaujolais,0,,FR,beaujolais,normalized_exact,1,FR-ORI-BEAUJOLAIS,FR,Beaujolais,Beaujolais,appellation,"Accent, punctuation, whitespace and legal suffixes normalized."
regions.csv,Bordeaux,0,,FR,bordeaux,normalized_exact,1,FR-ORI-BORDEAUX,FR,Bordeaux,Bordeaux,appellation,"Accent, punctuation, whitespace and legal suffixes normalized."
regions.csv,Bourgogne,0,,FR,bourgogne,normalized_exact,1,FR-ORI-BOURGOGNE,FR,Bourgogne,Bourgogne,appellation,"Accent, punctuation, whitespace and legal suffixes normalized."
regions.csv,Cassis,0,,FR,cassis,normalized_exact,1,FR-ORI-CASSIS,FR,Provence,Cassis,appellation,"Accent, punctuation, whitespace and legal suffixes normalized."
regions.csv,Chablis,0,,FR,chablis,normalized_exact,1,FR-ORI-CHABLIS,FR,Bourgogne,Chablis,appellation,"Accent, punctuation, whitespace and legal suffixes normalized."
regions.csv,Champagne,0,,FR,champagne,normalized_exact,1,FR-ORI-CHAMPAGNE,FR,Champagne,Champagne,appellation,"Accent, punctuation, whitespace and legal suffixes normalized."
regions.csv,Châteauneuf-du-Pape,0,,FR,chateauneuf du pape,normalized_exact,1,FR-ORI-CHATEAUNEUF-DU-PAPE,FR,Vallée du Rhône,Châteauneuf-du-Pape,appellation,"Accent, punctuation, whitespace and legal suffixes normalized."
regions.csv,Chinon,0,,FR,chinon,normalized_exact,1,FR-ORI-CHINON,FR,Loire Valley,Chinon,appellation,"Accent, punctuation, whitespace and legal suffixes normalized."
regions.csv,Collioure,0,,FR,collioure,normalized_exact,1,FR-ORI-COLLIOURE,FR,Languedoc-Roussillon,Collioure,appellation,"Accent, punctuation, whitespace and legal suffixes normalized."
regions.csv,Condrieu,0,,FR,condrieu,normalized_exact,1,FR-ORI-CONDRIEU,FR,Vallée du Rhône,Condrieu,appellation,"Accent, punctuation, whitespace and legal suffixes normalized."
regions.csv,Cornas,0,,FR,cornas,normalized_exact,1,FR-ORI-CORNAS,FR,Vallée du Rhône,Cornas,appellation,"Accent, punctuation, whitespace and legal suffixes normalized."
regions.csv,Corbières,0,,FR,corbieres,normalized_exact,1,FR-ORI-CORBIERES,FR,Languedoc-Roussillon,Corbières,appellation,"Accent, punctuation, whitespace and legal suffixes normalized."
regions.csv,Côte Chalonnaise,0,,FR,cote chalonnaise,normalized_exact,1,FR-REG-COTE-CHALONNAISE,FR,Côte Chalonnaise,,region,"Accent, punctuation, whitespace and legal suffixes normalized."
regions.csv,Côte de Beaune,0,,FR,cote de beaune,normalized_exact,1,FR-REG-COTE-DE-BEAUNE,FR,Côte de Beaune,,region,"Accent, punctuation, whitespace and legal suffixes normalized."
regions.csv,Côte de Nuits,0,,FR,cote de nuits,normalized_exact,1,FR-REG-COTE-DE-NUITS,FR,Côte de Nuits,,region,"Accent, punctuation, whitespace and legal suffixes normalized."
regions.csv,Côte-Rôtie,0,,FR,cote rotie,normalized_exact,1,FR-ORI-COTE-ROTIE,FR,Vallée du Rhône,Côte-Rôtie,appellation,"Accent, punctuation, whitespace and legal suffixes normalized."
regions.csv,Côtes du Rhône,0,,FR,cotes du rhone,normalized_exact,1,FR-ORI-COTES-DU-RHONE,FR,Vallée du Rhône,Côtes du Rhône,appellation,"Accent, punctuation, whitespace and legal suffixes normalized."
regions.csv,Crozes-Hermitage,0,,FR,crozes hermitage,normalized_exact,1,FR-ORI-CROZES-HERMITAGE,FR,Vallée du Rhône,Crozes-Hermitage,appellation,"Accent, punctuation, whitespace and legal suffixes normalized."
regions.csv,Faugères,0,,FR,faugeres,normalized_exact,1,FR-ORI-FAUGERES,FR,Languedoc-Roussillon,Faugères,appellation,"Accent, punctuation, whitespace and legal suffixes normalized."
regions.csv,Gigondas,0,,FR,gigondas,normalized_exact,1,FR-ORI-GIGONDAS,FR,Vallée du Rhône,Gigondas,appellation,"Accent, punctuation, whitespace and legal suffixes normalized."
regions.csv,Graves,0,,FR,graves,normalized_exact,1,FR-ORI-GRAVES,FR,Bordeaux,Graves,appellation,"Accent, punctuation, whitespace and legal suffixes normalized."
regions.csv,Haut-Médoc,0,,FR,haut medoc,normalized_exact,1,FR-ORI-HAUT-MEDOC,FR,Bordeaux,Haut-Médoc,appellation,"Accent, punctuation, whitespace and legal suffixes normalized."
regions.csv,Hermitage,0,,FR,hermitage,normalized_exact,1,FR-ORI-HERMITAGE,FR,Vallée du Rhône,Hermitage,appellation,"Accent, punctuation, whitespace and legal suffixes normalized."
regions.csv,Jura,0,,FR,jura,normalized_exact,1,FR-REG-JURA,FR,Jura,,region,"Accent, punctuation, whitespace and legal suffixes normalized."
regions.csv,Languedoc,0,,FR,languedoc,normalized_exact,1,FR-ORI-LANGUEDOC,FR,Languedoc-Roussillon,Languedoc,appellation,"Accent, punctuation, whitespace and legal suffixes normalized."
regions.csv,Limoux,0,,FR,limoux,normalized_exact,1,FR-ORI-LIMOUX,FR,Languedoc-Roussillon,Limoux,appellation,"Accent, punctuation, whitespace and legal suffixes normalized."
regions.csv,Lirac,0,,FR,lirac,normalized_exact,1,FR-ORI-LIRAC,FR,Vallée du Rhône,Lirac,appellation,"Accent, punctuation, whitespace and legal suffixes normalized."
regions.csv,Listrac-Médoc,0,,FR,listrac medoc,normalized_exact,1,FR-ORI-LISTRAC-MEDOC,FR,Bordeaux,Listrac-Médoc,appellation,"Accent, punctuation, whitespace and legal suffixes normalized."
regions.csv,Loire Valley,0,,FR,loire valley,normalized_exact,1,FR-REG-LOIRE-VALLEY,FR,Loire Valley,,region,"Accent, punctuation, whitespace and legal suffixes normalized."
regions.csv,Mâconnais,0,,FR,maconnais,normalized_exact,1,FR-REG-MACONNAIS,FR,Mâconnais,,region,"Accent, punctuation, whitespace and legal suffixes normalized."
regions.csv,Margaux,0,,FR,margaux,normalized_exact,1,FR-ORI-MARGAUX,FR,Bordeaux,Margaux,appellation,"Accent, punctuation, whitespace and legal suffixes normalized."
regions.csv,Maury,0,,FR,maury,normalized_exact,1,FR-ORI-MAURY,FR,Languedoc-Roussillon,Maury,appellation,"Accent, punctuation, whitespace and legal suffixes normalized."
regions.csv,Médoc,0,,FR,medoc,normalized_exact,1,FR-ORI-MEDOC,FR,Bordeaux,Médoc,appellation,"Accent, punctuation, whitespace and legal suffixes normalized."
regions.csv,Minervois-La Livinière,0,,FR,minervois la liviniere,normalized_exact,1,FR-ORI-MINERVOIS-LA-LIVINIERE,FR,Languedoc-Roussillon,Minervois-La Livinière,appellation,"Accent, punctuation, whitespace and legal suffixes normalized."
regions.csv,Moulis-en-Médoc,0,,FR,moulis en medoc,normalized_exact,1,FR-ORI-MOULIS-EN-MEDOC,FR,Bordeaux,Moulis-en-Médoc,appellation,"Accent, punctuation, whitespace and legal suffixes normalized."
regions.csv,Muscat de Beaumes-de-Venise,0,,FR,muscat de beaumes de venise,normalized_exact,1,FR-ORI-MUSCAT-DE-BEAUMES-DE-VENISE,FR,Vallée du Rhône,Muscat de Beaumes-de-Venise,appellation,"Accent, punctuation, whitespace and legal suffixes normalized."
regions.csv,Palette,0,,FR,palette,normalized_exact,1,FR-ORI-PALETTE,FR,Provence,Palette,appellation,"Accent, punctuation, whitespace and legal suffixes normalized."
regions.csv,Pauillac,0,,FR,pauillac,normalized_exact,1,FR-ORI-PAUILLAC,FR,Bordeaux,Pauillac,appellation,"Accent, punctuation, whitespace and legal suffixes normalized."
regions.csv,Pessac-Léognan,0,,FR,pessac leognan,normalized_exact,1,FR-ORI-PESSAC-LEOGNAN,FR,Bordeaux,Pessac-Léognan,appellation,"Accent, punctuation, whitespace and legal suffixes normalized."
regions.csv,Pic Saint-Loup,0,,FR,pic saint loup,normalized_exact,1,FR-ORI-PIC-SAINT-LOUP,FR,Languedoc-Roussillon,Pic Saint-Loup,appellation,"Accent, punctuation, whitespace and legal suffixes normalized."
regions.csv,Pomerol,0,,FR,pomerol,normalized_exact,1,FR-ORI-POMEROL,FR,Bordeaux,Pomerol,appellation,"Accent, punctuation, whitespace and legal suffixes normalized."
regions.csv,Pouilly-Fumé,0,,FR,pouilly fume,normalized_exact,1,FR-ORI-POUILLY-FUME,FR,Loire Valley,Pouilly-Fumé,appellation,"Accent, punctuation, whitespace and legal suffixes normalized."
regions.csv,Provence,0,,FR,provence,normalized_exact,1,FR-REG-PROVENCE,FR,Provence,,region,"Accent, punctuation, whitespace and legal suffixes normalized."
regions.csv,Rasteau,0,,FR,rasteau,normalized_exact,1,FR-ORI-RASTEAU,FR,Vallée du Rhône,Rasteau,appellation,"Accent, punctuation, whitespace and legal suffixes normalized."
regions.csv,Roussillon,0,,FR,roussillon,normalized_exact,1,FR-REG-ROUSSILLON,FR,Roussillon,,region,"Accent, punctuation, whitespace and legal suffixes normalized."
regions.csv,Rhône Valley,0,,FR,rhone valley,normalized_exact,1,FR-REG-RHONE-VALLEY,FR,Rhône Valley,,region,"Accent, punctuation, whitespace and legal suffixes normalized."
regions.csv,Saint-Émilion,0,,FR,saint emilion,normalized_exact,1,FR-ORI-SAINT-EMILION,FR,Bordeaux,Saint-Émilion,appellation,"Accent, punctuation, whitespace and legal suffixes normalized."
regions.csv,Saint-Estèphe,0,,FR,saint estephe,normalized_exact,1,FR-ORI-SAINT-ESTEPHE,FR,Bordeaux,Saint-Estèphe,appellation,"Accent, punctuation, whitespace and legal suffixes normalized."
regions.csv,Saint-Joseph,0,,FR,saint joseph,normalized_exact,1,FR-ORI-SAINT-JOSEPH,FR,Vallée du Rhône,Saint-Joseph,appellation,"Accent, punctuation, whitespace and legal suffixes normalized."
regions.csv,Saint-Julien,0,,FR,saint julien,normalized_exact,1,FR-ORI-SAINT-JULIEN,FR,Bordeaux,Saint-Julien,appellation,"Accent, punctuation, whitespace and legal suffixes normalized."
regions.csv,Sancerre,0,,FR,sancerre,normalized_exact,1,FR-ORI-SANCERRE,FR,Loire Valley,Sancerre,appellation,"Accent, punctuation, whitespace and legal suffixes normalized."
regions.csv,Sauternes,0,,FR,sauternes,normalized_exact,1,FR-ORI-SAUTERNES,FR,Bordeaux,Sauternes,appellation,"Accent, punctuation, whitespace and legal suffixes normalized."
regions.csv,Saumur,0,,FR,saumur,normalized_exact,1,FR-ORI-SAUMUR,FR,Loire Valley,Saumur,appellation,"Accent, punctuation, whitespace and legal suffixes normalized."
regions.csv,Savoie,0,,FR,savoie,normalized_exact,1,FR-ORI-SAVOIE,FR,Savoie,Savoie,appellation,"Accent, punctuation, whitespace and legal suffixes normalized."
regions.csv,Tavel,0,,FR,tavel,normalized_exact,1,FR-ORI-TAVEL,FR,Vallée du Rhône,Tavel,appellation,"Accent, punctuation, whitespace and legal suffixes normalized."
regions.csv,Terrasses du Larzac,0,,FR,terrasses du larzac,normalized_exact,1,FR-ORI-TERRASSES-DU-LARZAC,FR,Languedoc-Roussillon,Terrasses du Larzac,appellation,"Accent, punctuation, whitespace and legal suffixes normalized."
regions.csv,Vacqueyras,0,,FR,vacqueyras,normalized_exact,1,FR-ORI-VACQUEYRAS,FR,Vallée du Rhône,Vacqueyras,appellation,"Accent, punctuation, whitespace and legal suffixes normalized."
regions.csv,Vouvray,0,,FR,vouvray,normalized_exact,1,FR-ORI-VOUVRAY,FR,Loire Valley,Vouvray,appellation,"Accent, punctuation, whitespace and legal suffixes normalized."
regions.csv,Kakheti,0,,GE,kakheti,normalized_exact,1,GE-ORI-KAKHETI,GE,Kakheti,Kakheti,appellation,"Accent, punctuation, whitespace and legal suffixes normalized."
regions.csv,Mantinia,0,,GR,mantinia,normalized_exact,1,GR-ORI-MANTINIA,GR,Peloponnese,Mantinia,appellation,"Accent, punctuation, whitespace and legal suffixes normalized."
regions.csv,Naoussa,0,,GR,naoussa,normalized_exact,1,GR-ORI-NAOUSSA,GR,Macedonia,Naoussa,appellation,"Accent, punctuation, whitespace and legal suffixes normalized."
regions.csv,Nemea,0,,GR,nemea,normalized_exact,1,GR-ORI-NEMEA,GR,Peloponnese,Nemea,appellation,"Accent, punctuation, whitespace and legal suffixes normalized."
regions.csv,Santorini,0,,GR,santorini,normalized_exact,1,GR-ORI-SANTORINI,GR,Aegean Islands,Santorini,appellation,"Accent, punctuation, whitespace and legal suffixes normalized."
regions.csv,Tokaj,0,,HU,tokaj,normalized_exact,1,HU-ORI-TOKAJ,HU,Tokaj,Tokaj,appellation,"Accent, punctuation, whitespace and legal suffixes normalized."
regions.csv,Abruzzo,0,,IT,abruzzo,normalized_exact,1,IT-ORI-ABRUZZO,IT,Abruzzo,Abruzzo,appellation,"Accent, punctuation, whitespace and legal suffixes normalized."
regions.csv,Aglianico del Vulture,0,,IT,aglianico del vulture,normalized_exact,1,IT-ORI-AGLIANICO-DEL-VULTURE,IT,Basilicata,Aglianico del Vulture,appellation,"Accent, punctuation, whitespace and legal suffixes normalized."
regions.csv,Alto Adige,0,,IT,alto adige,normalized_exact,1,IT-ORI-ALTO-ADIGE,IT,Trentino-Alto Adige,Alto Adige,appellation,"Accent, punctuation, whitespace and legal suffixes normalized."
regions.csv,Amarone della Valpolicella,0,,IT,amarone della valpolicella,normalized_exact,1,IT-ORI-AMARONE-DELLA-VALPOLICELLA,IT,Veneto,Amarone della Valpolicella,appellation,"Accent, punctuation, whitespace and legal suffixes normalized."
regions.csv,Asti,0,,IT,asti,normalized_exact,1,IT-ORI-ASTI,IT,Piemonte,Asti,appellation,"Accent, punctuation, whitespace and legal suffixes normalized."
regions.csv,Barbaresco,0,,IT,barbaresco,normalized_exact,1,IT-ORI-BARBARESCO,IT,Piemonte,Barbaresco,appellation,"Accent, punctuation, whitespace and legal suffixes normalized."
regions.csv,Barolo,0,,IT,barolo,normalized_exact,1,IT-ORI-BAROLO,IT,Piemonte,Barolo,appellation,"Accent, punctuation, whitespace and legal suffixes normalized."
regions.csv,Basilicata,0,,IT,basilicata,normalized_exact,1,IT-ORI-BASILICATA,IT,Basilicata,Basilicata,appellation,"Accent, punctuation, whitespace and legal suffixes normalized."
regions.csv,Bolgheri,0,,IT,bolgheri,normalized_exact,1,IT-ORI-BOLGHERI,IT,Toscana,Bolgheri,appellation,"Accent, punctuation, whitespace and legal suffixes normalized."
regions.csv,Brunello di Montalcino,0,,IT,brunello di montalcino,normalized_exact,1,IT-ORI-BRUNELLO-DI-MONTALCINO,IT,Toscana,Brunello di Montalcino,appellation,"Accent, punctuation, whitespace and legal suffixes normalized."
regions.csv,Campania,0,,IT,campania,normalized_exact,1,IT-ORI-CAMPANIA,IT,Campania,Campania,appellation,"Accent, punctuation, whitespace and legal suffixes normalized."
regions.csv,Cerasuolo di Vittoria,0,,IT,cerasuolo di vittoria,normalized_exact,1,IT-ORI-CERASUOLO-DI-VITTORIA,IT,Sicilia,Cerasuolo di Vittoria,appellation,"Accent, punctuation, whitespace and legal suffixes normalized."
regions.csv,Chianti Classico,0,,IT,chianti classico,normalized_exact,1,IT-ORI-CHIANTI-CLASSICO,IT,Toscana,Chianti Classico,appellation,"Accent, punctuation, whitespace and legal suffixes normalized."
regions.csv,Cirò,0,,IT,ciro,normalized_exact,1,IT-ORI-CIRO,IT,Calabria,Cirò,appellation,"Accent, punctuation, whitespace and legal suffixes normalized."
regions.csv,Colli Orientali del Friuli,0,,IT,colli orientali del friuli,normalized_alias,0.99,IT-ORI-FRIULI-COLLI-ORIENTALI,IT,Friuli-Venezia Giulia,Friuli Colli Orientali,appellation,Curated alias normalized to canonical value.
regions.csv,Collio,0,,IT,collio,normalized_exact,1,IT-ORI-COLLIO,IT,Friuli-Venezia Giulia,Collio,appellation,"Accent, punctuation, whitespace and legal suffixes normalized."
regions.csv,Conegliano Valdobbiadene,0,,IT,conegliano valdobbiadene,normalized_alias,0.99,IT-ORI-CONEGLIANO-VALDOBBIADENE-PROSECCO,IT,Veneto,Conegliano Valdobbiadene - Prosecco,appellation,Curated alias normalized to canonical value.
regions.csv,Etna,0,,IT,etna,normalized_exact,1,IT-ORI-ETNA,IT,Sicilia,Etna,appellation,"Accent, punctuation, whitespace and legal suffixes normalized."
regions.csv,Fiano di Avellino,0,,IT,fiano di avellino,normalized_exact,1,IT-ORI-FIANO-DI-AVELLINO,IT,Campania,Fiano di Avellino,appellation,"Accent, punctuation, whitespace and legal suffixes normalized."
regions.csv,Franciacorta,0,,IT,franciacorta,normalized_exact,1,IT-ORI-FRANCIACORTA,IT,Lombardia,Franciacorta,appellation,"Accent, punctuation, whitespace and legal suffixes normalized."
regions.csv,Friuli-Venezia Giulia,0,,IT,friuli venezia giulia,normalized_exact,1,IT-ORI-FRIULI-VENEZIA-GIULIA,IT,Friuli-Venezia Giulia,Friuli-Venezia Giulia,appellation,"Accent, punctuation, whitespace and legal suffixes normalized."
regions.csv,Gavi,0,,IT,gavi,normalized_exact,1,IT-ORI-GAVI,IT,Piemonte,Gavi,appellation,"Accent, punctuation, whitespace and legal suffixes normalized."
regions.csv,Greco di Tufo,0,,IT,greco di tufo,normalized_exact,1,IT-ORI-GRECO-DI-TUFO,IT,Campania,Greco di Tufo,appellation,"Accent, punctuation, whitespace and legal suffixes normalized."
regions.csv,Langhe,0,,IT,langhe,normalized_exact,1,IT-ORI-LANGHE,IT,Piemonte,Langhe,appellation,"Accent, punctuation, whitespace and legal suffixes normalized."
regions.csv,Lombardia,0,,IT,lombardia,normalized_exact,1,IT-ORI-LOMBARDIA,IT,Lombardia,Lombardia,appellation,"Accent, punctuation, whitespace and legal suffixes normalized."
regions.csv,Maremma Toscana,0,,IT,maremma toscana,normalized_exact,1,IT-ORI-MAREMMA-TOSCANA,IT,Toscana,Maremma Toscana,appellation,"Accent, punctuation, whitespace and legal suffixes normalized."
regions.csv,Marche,0,,IT,marche,normalized_exact,1,IT-ORI-MARCHE,IT,Marche,Marche,appellation,"Accent, punctuation, whitespace and legal suffixes normalized."
regions.csv,Marsala,0,,IT,marsala,normalized_exact,1,IT-ORI-MARSALA,IT,Sicilia,Marsala,appellation,"Accent, punctuation, whitespace and legal suffixes normalized."
regions.csv,Moscato d'Asti,0,,IT,moscato d asti,normalized_exact,1,IT-ORI-MOSCATO-D-ASTI,IT,Piemonte,Moscato d'Asti,appellation,"Accent, punctuation, whitespace and legal suffixes normalized."
regions.csv,Piemonte,0,,IT,piemonte,normalized_exact,1,IT-ORI-PIEMONTE,IT,Piemonte,Piemonte,appellation,"Accent, punctuation, whitespace and legal suffixes normalized."
regions.csv,Prosecco,0,,IT,prosecco,normalized_exact,1,IT-ORI-PROSECCO,IT,Veneto,Prosecco,appellation,"Accent, punctuation, whitespace and legal suffixes normalized."
regions.csv,Puglia,0,,IT,puglia,normalized_exact,1,IT-ORI-PUGLIA,IT,Puglia,Puglia,appellation,"Accent, punctuation, whitespace and legal suffixes normalized."
regions.csv,Roero,0,,IT,roero,normalized_exact,1,IT-ORI-ROERO,IT,Piemonte,Roero,appellation,"Accent, punctuation, whitespace and legal suffixes normalized."
regions.csv,Sagrantino di Montefalco,0,,IT,sagrantino di montefalco,normalized_alias,0.99,IT-ORI-MONTEFALCO-SAGRANTINO,IT,Umbria,Montefalco Sagrantino,appellation,Curated alias normalized to canonical value.
regions.csv,Sardegna,0,,IT,sardegna,normalized_exact,1,IT-REG-SARDEGNA,IT,Sardegna,,region,"Accent, punctuation, whitespace and legal suffixes normalized."
regions.csv,Sicilia,0,,IT,sicilia,normalized_exact,1,IT-ORI-SICILIA,IT,Sicilia,Sicilia,appellation,"Accent, punctuation, whitespace and legal suffixes normalized."
regions.csv,Soave,0,,IT,soave,normalized_exact,1,IT-ORI-SOAVE,IT,Veneto,Soave,appellation,"Accent, punctuation, whitespace and legal suffixes normalized."
regions.csv,Taurasi,0,,IT,taurasi,normalized_exact,1,IT-ORI-TAURASI,IT,Campania,Taurasi,appellation,"Accent, punctuation, whitespace and legal suffixes normalized."
regions.csv,Toscana,0,,IT,toscana,normalized_exact,1,IT-ORI-TOSCANA,IT,Toscana,Toscana,appellation,"Accent, punctuation, whitespace and legal suffixes normalized."
regions.csv,Trentino,0,,IT,trentino,normalized_exact,1,IT-ORI-TRENTINO,IT,Trentino-Alto Adige,Trentino,appellation,"Accent, punctuation, whitespace and legal suffixes normalized."
regions.csv,Umbria,0,,IT,umbria,normalized_exact,1,IT-ORI-UMBRIA,IT,Umbria,Umbria,appellation,"Accent, punctuation, whitespace and legal suffixes normalized."
regions.csv,Valpolicella,0,,IT,valpolicella,normalized_exact,1,IT-ORI-VALPOLICELLA,IT,Veneto,Valpolicella,appellation,"Accent, punctuation, whitespace and legal suffixes normalized."
regions.csv,Valtellina,0,,IT,valtellina,normalized_exact,1,IT-ORI-VALTELLINA,IT,Lombardia,Valtellina,appellation,"Accent, punctuation, whitespace and legal suffixes normalized."
regions.csv,Veneto,0,,IT,veneto,normalized_exact,1,IT-ORI-VENETO,IT,Veneto,Veneto,appellation,"Accent, punctuation, whitespace and legal suffixes normalized."
regions.csv,Verdicchio dei Castelli di Jesi,0,,IT,verdicchio dei castelli di jesi,normalized_exact,1,IT-ORI-VERDICCHIO-DEI-CASTELLI-DI-JESI,IT,Marche,Verdicchio dei Castelli di Jesi,appellation,"Accent, punctuation, whitespace and legal suffixes normalized."
regions.csv,Vino Nobile di Montepulciano,0,,IT,vino nobile di montepulciano,normalized_exact,1,IT-ORI-VINO-NOBILE-DI-MONTEPULCIANO,IT,Toscana,Vino Nobile di Montepulciano,appellation,"Accent, punctuation, whitespace and legal suffixes normalized."
regions.csv,Bekaa Valley,0,,LB,bekaa valley,normalized_exact,1,LB-REG-BEKAA-VALLEY,LB,Bekaa Valley,,region,"Accent, punctuation, whitespace and legal suffixes normalized."
regions.csv,Central Otago,0,,NZ,central otago,normalized_exact,1,NZ-ORI-CENTRAL-OTAGO,NZ,Central Otago,Central Otago,appellation,"Accent, punctuation, whitespace and legal suffixes normalized."
regions.csv,Hawke's Bay,0,,NZ,hawke s bay,normalized_exact,1,NZ-ORI-HAWKE-S-BAY,NZ,Hawke's Bay,Hawke's Bay,appellation,"Accent, punctuation, whitespace and legal suffixes normalized."
regions.csv,Marlborough,0,,NZ,marlborough,normalized_exact,1,NZ-ORI-MARLBOROUGH,NZ,Marlborough,Marlborough,appellation,"Accent, punctuation, whitespace and legal suffixes normalized."
regions.csv,Martinborough,0,,NZ,martinborough,normalized_exact,1,NZ-ORI-MARTINBOROUGH,NZ,Wairarapa,Martinborough,appellation,"Accent, punctuation, whitespace and legal suffixes normalized."
regions.csv,Nelson,0,,NZ,nelson,normalized_exact,1,NZ-ORI-NELSON,NZ,Nelson,Nelson,appellation,"Accent, punctuation, whitespace and legal suffixes normalized."
regions.csv,North Canterbury,0,,NZ,north canterbury,normalized_exact,1,NZ-ORI-NORTH-CANTERBURY,NZ,North Canterbury,North Canterbury,appellation,"Accent, punctuation, whitespace and legal suffixes normalized."
regions.csv,Wairarapa,0,,NZ,wairarapa,normalized_exact,1,NZ-ORI-WAIRARAPA,NZ,Wairarapa,Wairarapa,appellation,"Accent, punctuation, whitespace and legal suffixes normalized."
regions.csv,Alentejo,0,,PT,alentejo,normalized_exact,1,PT-ORI-ALENTEJO,PT,Alentejo,Alentejo,appellation,"Accent, punctuation, whitespace and legal suffixes normalized."
regions.csv,Bairrada,0,,PT,bairrada,normalized_exact,1,PT-ORI-BAIRRADA,PT,Bairrada,Bairrada,appellation,"Accent, punctuation, whitespace and legal suffixes normalized."
regions.csv,Colares,0,,PT,colares,normalized_exact,1,PT-ORI-COLARES,PT,Colares,Colares,appellation,"Accent, punctuation, whitespace and legal suffixes normalized."
regions.csv,Dão,0,,PT,dao,normalized_exact,1,PT-ORI-DAO,PT,Dão,Dão,appellation,"Accent, punctuation, whitespace and legal suffixes normalized."
regions.csv,Douro,0,,PT,douro,normalized_exact,1,PT-ORI-DOURO,PT,Douro,Douro,appellation,"Accent, punctuation, whitespace and legal suffixes normalized."
regions.csv,Lisboa,0,,PT,lisboa,normalized_exact,1,PT-ORI-LISBOA,PT,Lisboa,Lisboa,appellation,"Accent, punctuation, whitespace and legal suffixes normalized."
regions.csv,Madeira,0,,PT,madeira,normalized_exact,1,PT-ORI-MADEIRA,PT,Madeira,Madeira,appellation,"Accent, punctuation, whitespace and legal suffixes normalized."
regions.csv,Porto,0,,PT,porto,normalized_exact,1,PT-ORI-PORTO,PT,Porto,Porto,appellation,"Accent, punctuation, whitespace and legal suffixes normalized."
regions.csv,Península de Setúbal,0,,PT,peninsula de setubal,normalized_exact,1,PT-ORI-PENINSULA-DE-SETUBAL,PT,Península de Setúbal,Península de Setúbal,appellation,"Accent, punctuation, whitespace and legal suffixes normalized."
regions.csv,Tejo,0,,PT,tejo,normalized_exact,1,PT-ORI-TEJO,PT,Tejo,Tejo,appellation,"Accent, punctuation, whitespace and legal suffixes normalized."
regions.csv,Vinho Verde,0,,PT,vinho verde,normalized_exact,1,PT-ORI-VINHO-VERDE,PT,Vinho Verde,Vinho Verde,appellation,"Accent, punctuation, whitespace and legal suffixes normalized."
regions.csv,Brda,0,,SI,brda,normalized_alias,0.99,SI-ORI-GORISKA-BRDA,SI,Goriška Brda,Goriška Brda,appellation,Curated alias normalized to canonical value.
regions.csv,Vipava Valley,0,,SI,vipava valley,normalized_alias,0.99,SI-ORI-VIPAVSKA-DOLINA,SI,Vipavska dolina,Vipavska dolina,appellation,Curated alias normalized to canonical value.
regions.csv,Constantia,0,,ZA,constantia,normalized_exact,1,ZA-ORI-CONSTANTIA,ZA,Coastal Region,Constantia,appellation,"Accent, punctuation, whitespace and legal suffixes normalized."
regions.csv,Elgin,0,,ZA,elgin,normalized_exact,1,ZA-ORI-ELGIN,ZA,Cape South Coast,Elgin,appellation,"Accent, punctuation, whitespace and legal suffixes normalized."
regions.csv,Franschhoek,0,,ZA,franschhoek,normalized_alias,0.99,ZA-ORI-FRANSCHHOEK-FRANSCHHOEK-VALLEY,ZA,Coastal Region,Franschhoek/Franschhoek Valley,appellation,Curated alias normalized to canonical value.
regions.csv,Hemel-en-Aarde Valley,0,,ZA,hemel en aarde valley,normalized_exact,1,ZA-ORI-HEMEL-EN-AARDE-VALLEY,ZA,Cape South Coast,Hemel-en-Aarde Valley,appellation,"Accent, punctuation, whitespace and legal suffixes normalized."
regions.csv,Paarl,0,,ZA,paarl,normalized_exact,1,ZA-ORI-PAARL,ZA,Coastal Region,Paarl,appellation,"Accent, punctuation, whitespace and legal suffixes normalized."
regions.csv,Robertson,0,,ZA,robertson,normalized_exact,1,ZA-ORI-ROBERTSON,ZA,Breede River Valley,Robertson,appellation,"Accent, punctuation, whitespace and legal suffixes normalized."
regions.csv,Stellenbosch,0,,ZA,stellenbosch,normalized_exact,1,ZA-ORI-STELLENBOSCH,ZA,Coastal Region,Stellenbosch,appellation,"Accent, punctuation, whitespace and legal suffixes normalized."
regions.csv,Swartland,0,,ZA,swartland,normalized_exact,1,ZA-ORI-SWARTLAND,ZA,Coastal Region,Swartland,appellation,"Accent, punctuation, whitespace and legal suffixes normalized."
regions.csv,Tulbagh,0,,ZA,tulbagh,normalized_exact,1,ZA-ORI-TULBAGH,ZA,Coastal Region,Tulbagh,appellation,"Accent, punctuation, whitespace and legal suffixes normalized."
regions.csv,Walker Bay,0,,ZA,walker bay,normalized_exact,1,ZA-ORI-WALKER-BAY,ZA,Cape South Coast,Walker Bay,appellation,"Accent, punctuation, whitespace and legal suffixes normalized."
regions.csv,Kent,0,,GB,kent,normalized_exact,1,GB-REG-KENT,GB,Kent,,region,"Accent, punctuation, whitespace and legal suffixes normalized."
regions.csv,Sussex,0,,GB,sussex,normalized_exact,1,GB-ORI-SUSSEX,GB,Sussex,Sussex,appellation,"Accent, punctuation, whitespace and legal suffixes normalized."
regions.csv,Alexander Valley,0,,US,alexander valley,normalized_exact,1,US-REG-ALEXANDER-VALLEY,US,Alexander Valley,,region,"Accent, punctuation, whitespace and legal suffixes normalized."
regions.csv,Anderson Valley,0,,US,anderson valley,normalized_exact,1,US-REG-ANDERSON-VALLEY,US,Anderson Valley,,region,"Accent, punctuation, whitespace and legal suffixes normalized."
regions.csv,California,0,,US,california,normalized_exact,1,US-ORI-CALIFORNIA,US,California,California,appellation,"Accent, punctuation, whitespace and legal suffixes normalized."
regions.csv,Calistoga,0,,US,calistoga,normalized_exact,1,US-REG-CALISTOGA,US,Calistoga,,region,"Accent, punctuation, whitespace and legal suffixes normalized."
regions.csv,Columbia Valley,0,,US,columbia valley,normalized_exact,1,US-REG-COLUMBIA-VALLEY,US,Columbia Valley,,region,"Accent, punctuation, whitespace and legal suffixes normalized."
regions.csv,Dundee Hills,0,,US,dundee hills,normalized_exact,1,US-REG-DUNDEE-HILLS,US,Dundee Hills,,region,"Accent, punctuation, whitespace and legal suffixes normalized."
regions.csv,Eola-Amity Hills,0,,US,eola amity hills,normalized_exact,1,US-REG-EOLA-AMITY-HILLS,US,Eola-Amity Hills,,region,"Accent, punctuation, whitespace and legal suffixes normalized."
regions.csv,Finger Lakes,0,,US,finger lakes,normalized_exact,1,US-REG-FINGER-LAKES,US,Finger Lakes,,region,"Accent, punctuation, whitespace and legal suffixes normalized."
regions.csv,Howell Mountain,0,,US,howell mountain,normalized_exact,1,US-REG-HOWELL-MOUNTAIN,US,Howell Mountain,,region,"Accent, punctuation, whitespace and legal suffixes normalized."
regions.csv,Napa Valley,0,,US,napa valley,normalized_exact,1,US-REG-NAPA-VALLEY,US,Napa Valley,,region,"Accent, punctuation, whitespace and legal suffixes normalized."
regions.csv,Oakville,0,,US,oakville,normalized_exact,1,US-REG-OAKVILLE,US,Oakville,,region,"Accent, punctuation, whitespace and legal suffixes normalized."
regions.csv,Oregon,0,,US,oregon,normalized_exact,1,US-ORI-OREGON,US,Oregon,Oregon,appellation,"Accent, punctuation, whitespace and legal suffixes normalized."
regions.csv,Paso Robles,0,,US,paso robles,normalized_exact,1,US-REG-PASO-ROBLES,US,Paso Robles,,region,"Accent, punctuation, whitespace and legal suffixes normalized."
regions.csv,Red Mountain,0,,US,red mountain,normalized_exact,1,US-REG-RED-MOUNTAIN,US,Red Mountain,,region,"Accent, punctuation, whitespace and legal suffixes normalized."
regions.csv,Ribbon Ridge,0,,US,ribbon ridge,normalized_exact,1,US-REG-RIBBON-RIDGE,US,Ribbon Ridge,,region,"Accent, punctuation, whitespace and legal suffixes normalized."
regions.csv,Russian River Valley,0,,US,russian river valley,normalized_exact,1,US-REG-RUSSIAN-RIVER-VALLEY,US,Russian River Valley,,region,"Accent, punctuation, whitespace and legal suffixes normalized."
regions.csv,Rutherford,0,,US,rutherford,normalized_exact,1,US-REG-RUTHERFORD,US,Rutherford,,region,"Accent, punctuation, whitespace and legal suffixes normalized."
regions.csv,Santa Maria Valley,0,,US,santa maria valley,normalized_exact,1,US-REG-SANTA-MARIA-VALLEY,US,Santa Maria Valley,,region,"Accent, punctuation, whitespace and legal suffixes normalized."
regions.csv,Santa Rita Hills,0,,US,santa rita hills,normalized_alias,0.99,US-REG-STA-RITA-HILLS,US,Sta. Rita Hills,,region,Curated alias normalized to canonical value.
regions.csv,Santa Cruz Mountains,0,,US,santa cruz mountains,normalized_exact,1,US-REG-SANTA-CRUZ-MOUNTAINS,US,Santa Cruz Mountains,,region,"Accent, punctuation, whitespace and legal suffixes normalized."
regions.csv,Sonoma Coast,0,,US,sonoma coast,normalized_exact,1,US-REG-SONOMA-COAST,US,Sonoma Coast,,region,"Accent, punctuation, whitespace and legal suffixes normalized."
regions.csv,Sonoma Valley,0,,US,sonoma valley,normalized_exact,1,US-REG-SONOMA-VALLEY,US,Sonoma Valley,,region,"Accent, punctuation, whitespace and legal suffixes normalized."
regions.csv,Stags Leap District,0,,US,stags leap district,normalized_exact,1,US-REG-STAGS-LEAP-DISTRICT,US,Stags Leap District,,region,"Accent, punctuation, whitespace and legal suffixes normalized."
regions.csv,Walla Walla Valley,0,,US,walla walla valley,normalized_exact,1,US-REG-WALLA-WALLA-VALLEY,US,Walla Walla Valley,,region,"Accent, punctuation, whitespace and legal suffixes normalized."
regions.csv,Washington,0,,US,washington,normalized_exact,1,US-ORI-WASHINGTON,US,Washington,Washington,appellation,"Accent, punctuation, whitespace and legal suffixes normalized."
regions.csv,Willamette Valley,0,,US,willamette valley,normalized_exact,1,US-REG-WILLAMETTE-VALLEY,US,Willamette Valley,,region,"Accent, punctuation, whitespace and legal suffixes normalized."
regions.csv,Yakima Valley,0,,US,yakima valley,normalized_exact,1,US-REG-YAKIMA-VALLEY,US,Yakima Valley,,region,"Accent, punctuation, whitespace and legal suffixes normalized."
regions.csv,Canelones,0,,UY,canelones,normalized_exact,1,UY-REG-CANELONES,UY,Canelones,,region,"Accent, punctuation, whitespace and legal suffixes normalized."
regions.csv,Maldonado,0,,UY,maldonado,normalized_exact,1,UY-REG-MALDONADO,UY,Maldonado,,region,"Accent, punctuation, whitespace and legal suffixes normalized."
dim_appellation.csv,Bourgogne,28545,other,FR,bourgogne,normalized_exact,1,FR-ORI-BOURGOGNE,FR,Bourgogne,Bourgogne,appellation,"Accent, punctuation, whitespace and legal suffixes normalized."
dim_appellation.csv,Pauillac,14360,other,FR,pauillac,normalized_exact,1,FR-ORI-PAUILLAC,FR,Bordeaux,Pauillac,appellation,"Accent, punctuation, whitespace and legal suffixes normalized."
dim_appellation.csv,Bordeaux,8909,other,FR,bordeaux,normalized_exact,1,FR-ORI-BORDEAUX,FR,Bordeaux,Bordeaux,appellation,"Accent, punctuation, whitespace and legal suffixes normalized."
dim_appellation.csv,Pomerol,8448,other,FR,pomerol,normalized_exact,1,FR-ORI-POMEROL,FR,Bordeaux,Pomerol,appellation,"Accent, punctuation, whitespace and legal suffixes normalized."
dim_appellation.csv,Chablis,8023,other,FR,chablis,normalized_exact,1,FR-ORI-CHABLIS,FR,Bourgogne,Chablis,appellation,"Accent, punctuation, whitespace and legal suffixes normalized."
dim_appellation.csv,Chateauneuf-du-Pape,6672,other,FR,chateauneuf du pape,curated_equivalence,1,FR-ORI-CHATEAUNEUF-DU-PAPE,FR,Vallée du Rhône,Châteauneuf-du-Pape,appellation,Curated orthographic or legal-name normalization.
dim_appellation.csv,Sauternes,6392,other,FR,sauternes,normalized_exact,1,FR-ORI-SAUTERNES,FR,Bordeaux,Sauternes,appellation,"Accent, punctuation, whitespace and legal suffixes normalized."
dim_appellation.csv,Margaux,6331,other,FR,margaux,normalized_exact,1,FR-ORI-MARGAUX,FR,Bordeaux,Margaux,appellation,"Accent, punctuation, whitespace and legal suffixes normalized."
dim_appellation.csv,Chambolle-Musigny,6103,other,FR,chambolle musigny,curated_equivalence,1,FR-ORI-CHAMBOLLE-MUSIGNY,FR,Bourgogne,Chambolle-Musigny,appellation,Curated orthographic or legal-name normalization.
dim_appellation.csv,Chassagne-Montrachet,5855,other,FR,chassagne montrachet,normalized_exact,1,FR-ORI-CHASSAGNE-MONTRACHET,FR,Bourgogne,Chassagne-Montrachet,appellation,"Accent, punctuation, whitespace and legal suffixes normalized."
dim_appellation.csv,Haut-Medoc,3935,other,FR,haut medoc,curated_equivalence,1,FR-ORI-HAUT-MEDOC,FR,Bordeaux,Haut-Médoc,appellation,Curated orthographic or legal-name normalization.
dim_appellation.csv,Graves,2925,other,FR,graves,normalized_exact,1,FR-ORI-GRAVES,FR,Bordeaux,Graves,appellation,"Accent, punctuation, whitespace and legal suffixes normalized."
dim_appellation.csv,Cote-Rotie,2841,other,FR,cote rotie,curated_equivalence,1,FR-ORI-COTE-ROTIE,FR,Vallée du Rhône,Côte-Rôtie,appellation,Curated orthographic or legal-name normalization.
dim_appellation.csv,Hermitage,2718,other,FR,hermitage,normalized_exact,1,FR-ORI-HERMITAGE,FR,Vallée du Rhône,Hermitage,appellation,"Accent, punctuation, whitespace and legal suffixes normalized."
dim_appellation.csv,Beaune,2660,other,FR,beaune,normalized_exact,1,FR-ORI-BEAUNE,FR,Bourgogne,Beaune,appellation,"Accent, punctuation, whitespace and legal suffixes normalized."
dim_appellation.csv,Cotes-du-Rhone,2398,other,FR,cotes du rhone,curated_equivalence,1,FR-ORI-COTES-DU-RHONE,FR,Vallée du Rhône,Côtes du Rhône,appellation,Curated orthographic or legal-name normalization.
dim_appellation.csv,Clos de Vougeot,2370,other,FR,clos de vougeot,normalized_exact,1,FR-ORI-CLOS-DE-VOUGEOT,FR,Bourgogne,Clos de Vougeot,appellation,"Accent, punctuation, whitespace and legal suffixes normalized."
dim_appellation.csv,Corton,2308,other,FR,corton,normalized_exact,1,FR-ORI-CORTON,FR,Bourgogne,Corton,appellation,"Accent, punctuation, whitespace and legal suffixes normalized."
dim_appellation.csv,Pessac-Leognan,2056,other,FR,pessac leognan,curated_equivalence,1,FR-ORI-PESSAC-LEOGNAN,FR,Bordeaux,Pessac-Léognan,appellation,Curated orthographic or legal-name normalization.
dim_appellation.csv,Charmes-Chambertin,1898,other,FR,charmes chambertin,normalized_exact,1,FR-ORI-CHARMES-CHAMBERTIN,FR,Bourgogne,Charmes-Chambertin,appellation,"Accent, punctuation, whitespace and legal suffixes normalized."
dim_appellation.csv,Chambertin,1674,other,FR,chambertin,normalized_exact,1,FR-ORI-CHAMBERTIN,FR,Bourgogne,Chambertin,appellation,"Accent, punctuation, whitespace and legal suffixes normalized."
dim_appellation.csv,Corton-Charlemagne,1644,other,FR,corton charlemagne,curated_equivalence,1,FR-ORI-CORTON-CHARLEMAGNE,FR,Bourgogne,Corton-Charlemagne,appellation,Curated orthographic or legal-name normalization.
dim_appellation.csv,Cornas,1477,other,FR,cornas,normalized_exact,1,FR-ORI-CORNAS,FR,Vallée du Rhône,Cornas,appellation,"Accent, punctuation, whitespace and legal suffixes normalized."
dim_appellation.csv,Côte-Rôtie,1446,idealwine,FR,cote rotie,curated_equivalence,1,FR-ORI-COTE-ROTIE,FR,Vallée du Rhône,Côte-Rôtie,appellation,Curated orthographic or legal-name normalization.
dim_appellation.csv,Saint-Émilion Grand Cru,1431,other,FR,saint emilion grand cru,curated_equivalence,1,FR-ORI-SAINT-EMILION-GRAND-CRU,FR,Bordeaux,Saint-Émilion Grand Cru,appellation,Curated orthographic or legal-name normalization.
dim_appellation.csv,Bonnes-Mares,1387,other,FR,bonnes mares,normalized_exact,1,FR-ORI-BONNES-MARES,FR,Bourgogne,Bonnes-Mares,appellation,"Accent, punctuation, whitespace and legal suffixes normalized."
dim_appellation.csv,Crozes-Hermitage,1264,other,FR,crozes hermitage,normalized_exact,1,FR-ORI-CROZES-HERMITAGE,FR,Vallée du Rhône,Crozes-Hermitage,appellation,"Accent, punctuation, whitespace and legal suffixes normalized."
dim_appellation.csv,Clos de la Roche,1206,other,FR,clos de la roche,curated_equivalence,1,FR-ORI-CLOS-DE-LA-ROCHE,FR,Bourgogne,Clos de la Roche,appellation,Curated orthographic or legal-name normalization.
dim_appellation.csv,Chambertin-Clos de Beze,1101,other,FR,chambertin clos de beze,curated_equivalence,1,FR-ORI-CHAMBERTIN-CLOS-DE-BEZE,FR,Bourgogne,Chambertin-Clos de Bèze,appellation,Curated orthographic or legal-name normalization.
dim_appellation.csv,Châteauneuf-du-Pape,1087,idealwine,FR,chateauneuf du pape,curated_equivalence,1,FR-ORI-CHATEAUNEUF-DU-PAPE,FR,Vallée du Rhône,Châteauneuf-du-Pape,appellation,Curated orthographic or legal-name normalization.
dim_appellation.csv,Medoc,1054,other,FR,medoc,curated_equivalence,1,FR-ORI-MEDOC,FR,Bordeaux,Médoc,appellation,Curated orthographic or legal-name normalization.
dim_appellation.csv,Bourgogne Aligoté,873,idealwine,FR,bourgogne aligote,curated_equivalence,1,FR-ORI-BOURGOGNE-ALIGOTE,FR,Bourgogne,Bourgogne Aligoté,appellation,Curated orthographic or legal-name normalization.
dim_appellation.csv,Côtes-du-Rhône,771,idealwine,FR,cotes du rhone,curated_equivalence,1,FR-ORI-COTES-DU-RHONE,FR,Vallée du Rhône,Côtes du Rhône,appellation,Curated orthographic or legal-name normalization.
dim_appellation.csv,Aloxe-Corton,705,other,FR,aloxe corton,normalized_exact,1,FR-ORI-ALOXE-CORTON,FR,Bourgogne,Aloxe-Corton,appellation,"Accent, punctuation, whitespace and legal suffixes normalized."
dim_appellation.csv,Gigondas,702,other,FR,gigondas,normalized_exact,1,FR-ORI-GIGONDAS,FR,Vallée du Rhône,Gigondas,appellation,"Accent, punctuation, whitespace and legal suffixes normalized."
dim_appellation.csv,Vin de France,653,other,FR,vin de france,curated_equivalence,1,FR-CAT-VIN-DE-FRANCE,FR,France,Vin de France,regulated_category,Curated orthographic or legal-name normalization.
dim_appellation.csv,Saint-Joseph,641,other,FR,saint joseph,curated_equivalence,1,FR-ORI-SAINT-JOSEPH,FR,Vallée du Rhône,Saint-Joseph,appellation,Curated orthographic or legal-name normalization.
dim_appellation.csv,Batard-Montrachet,615,other,FR,batard montrachet,curated_equivalence,1,FR-ORI-BATARD-MONTRACHET,FR,Bourgogne,Bâtard-Montrachet,appellation,Curated orthographic or legal-name normalization.
dim_appellation.csv,Auxey-Duresses,591,other,FR,auxey duresses,normalized_exact,1,FR-ORI-AUXEY-DURESSES,FR,Bourgogne,Auxey-Duresses,appellation,"Accent, punctuation, whitespace and legal suffixes normalized."
dim_appellation.csv,Clos Saint-Denis,569,other,FR,clos saint denis,normalized_exact,1,FR-ORI-CLOS-SAINT-DENIS,FR,Bourgogne,Clos Saint-Denis,appellation,"Accent, punctuation, whitespace and legal suffixes normalized."
dim_appellation.csv,Cotes-du-Rhone Villages,566,other,FR,cotes du rhone villages,curated_equivalence,1,FR-ORI-COTES-DU-RHONE-VILLAGES,FR,Côtes du Rhône Villages,Côtes du Rhône Villages,appellation,Curated orthographic or legal-name normalization.
dim_appellation.csv,Condrieu,564,other,FR,condrieu,normalized_exact,1,FR-ORI-CONDRIEU,FR,Vallée du Rhône,Condrieu,appellation,"Accent, punctuation, whitespace and legal suffixes normalized."
dim_appellation.csv,Pessac-Léognan,564,other,FR,pessac leognan,curated_equivalence,1,FR-ORI-PESSAC-LEOGNAN,FR,Bordeaux,Pessac-Léognan,appellation,Curated orthographic or legal-name normalization.
dim_appellation.csv,Chevalier-Montrachet,557,other,FR,chevalier montrachet,normalized_exact,1,FR-ORI-CHEVALIER-MONTRACHET,FR,Bourgogne,Chevalier-Montrachet,appellation,"Accent, punctuation, whitespace and legal suffixes normalized."
dim_appellation.csv,Saint-Emilion,512,other,FR,saint emilion,curated_equivalence,1,FR-ORI-SAINT-EMILION,FR,Bordeaux,Saint-Émilion,appellation,Curated orthographic or legal-name normalization.
dim_appellation.csv,Bâtard-Montrachet,498,idealwine,FR,batard montrachet,curated_equivalence,1,FR-ORI-BATARD-MONTRACHET,FR,Bourgogne,Bâtard-Montrachet,appellation,Curated orthographic or legal-name normalization.
dim_appellation.csv,Lalande-de-Pomerol,381,other,FR,lalande de pomerol,curated_equivalence,1,FR-ORI-LALANDE-DE-POMEROL,FR,Bordeaux,Lalande-de-Pomerol,appellation,Curated orthographic or legal-name normalization.
dim_appellation.csv,Fronsac,373,other,FR,fronsac,normalized_exact,1,FR-ORI-FRONSAC,FR,Bordeaux,Fronsac,appellation,"Accent, punctuation, whitespace and legal suffixes normalized."
dim_appellation.csv,Saint-Estèphe,370,other,FR,saint estephe,curated_equivalence,1,FR-ORI-SAINT-ESTEPHE,FR,Bordeaux,Saint-Estèphe,appellation,Curated orthographic or legal-name normalization.
dim_appellation.csv,Clos Vougeot,355,other,FR,clos vougeot,curated_equivalence,1,FR-ORI-CLOS-DE-VOUGEOT,FR,Bourgogne,Clos de Vougeot,appellation,Curated orthographic or legal-name normalization.
dim_appellation.csv,Chambertin Clos de Bèze,352,idealwine,FR,chambertin clos de beze,curated_equivalence,1,FR-ORI-CHAMBERTIN-CLOS-DE-BEZE,FR,Bourgogne,Chambertin-Clos de Bèze,appellation,Curated orthographic or legal-name normalization.
dim_appellation.csv,Saint-Julien,324,other,FR,saint julien,curated_equivalence,1,FR-ORI-SAINT-JULIEN,FR,Bordeaux,Saint-Julien,appellation,Curated orthographic or legal-name normalization.
dim_appellation.csv,Haut Médoc,301,other,FR,haut medoc,curated_equivalence,1,FR-ORI-HAUT-MEDOC,FR,Bordeaux,Haut-Médoc,appellation,Curated orthographic or legal-name normalization.
dim_appellation.csv,Chapelle-Chambertin,270,other,FR,chapelle chambertin,normalized_exact,1,FR-ORI-CHAPELLE-CHAMBERTIN,FR,Bourgogne,Chapelle-Chambertin,appellation,"Accent, punctuation, whitespace and legal suffixes normalized."
dim_appellation.csv,Haut-Médoc,250,other,FR,haut medoc,curated_equivalence,1,FR-ORI-HAUT-MEDOC,FR,Bordeaux,Haut-Médoc,appellation,Curated orthographic or legal-name normalization.
dim_appellation.csv,Saint-Émilion,239,other,FR,saint emilion,curated_equivalence,1,FR-ORI-SAINT-EMILION,FR,Bordeaux,Saint-Émilion,appellation,Curated orthographic or legal-name normalization.
dim_appellation.csv,Bienvenues-Bâtard-Montrachet,228,idealwine,FR,bienvenues batard montrachet,curated_equivalence,1,FR-ORI-BIENVENUES-BATARD-MONTRACHET,FR,Bourgogne,Bienvenues-Bâtard-Montrachet,appellation,Curated orthographic or legal-name normalization.
dim_appellation.csv,Cotes de Bourg,222,other,FR,cotes de bourg,curated_equivalence,1,FR-ORI-COTES-DE-BOURG,FR,Bordeaux,Côtes de Bourg,appellation,Curated orthographic or legal-name normalization.
dim_appellation.csv,Bourgogne Côte-d'Or,216,idealwine,FR,bourgogne cote d or,curated_equivalence,1,FR-ORI-BOURGOGNE-COTE-D-OR,FR,Bourgogne,Bourgogne Côte d'Or,legal_subdesignation,Curated orthographic or legal-name normalization.
dim_appellation.csv,Barsac,214,other,FR,barsac,normalized_exact,1,FR-ORI-BARSAC,FR,Bordeaux,Barsac,appellation,"Accent, punctuation, whitespace and legal suffixes normalized."
dim_appellation.csv,Lirac,203,other,FR,lirac,normalized_exact,1,FR-ORI-LIRAC,FR,Vallée du Rhône,Lirac,appellation,"Accent, punctuation, whitespace and legal suffixes normalized."
dim_appellation.csv,Bordeaux Supérieur,202,other,FR,bordeaux superieur,curated_equivalence,1,FR-ORI-BORDEAUX-SUPERIEUR,FR,Bordeaux,Bordeaux Supérieur,appellation,Curated orthographic or legal-name normalization.
dim_appellation.csv,Bourgogne Côtes d'Auxerre,192,idealwine,FR,bourgogne cotes d auxerre,normalized_exact,1,FR-ORI-BOURGOGNE-COTES-D-AUXERRE,FR,Bourgogne,Bourgogne Côtes d'Auxerre,legal_subdesignation,"Accent, punctuation, whitespace and legal suffixes normalized."
dim_appellation.csv,Bordeaux Blanc,190,other,FR,bordeaux blanc,curated_style_to_appellation,1,FR-ORI-BORDEAUX,FR,Bordeaux,Bordeaux,appellation,"Raw value contains colour, variety or former-label context and is mapped to the governing legal category."
dim_appellation.csv,Bordeaux Superieur,164,other,FR,bordeaux superieur,curated_equivalence,1,FR-ORI-BORDEAUX-SUPERIEUR,FR,Bordeaux,Bordeaux Supérieur,appellation,Curated orthographic or legal-name normalization.
dim_appellation.csv,Listrac,161,other,FR,listrac,curated_equivalence,1,FR-ORI-LISTRAC-MEDOC,FR,Bordeaux,Listrac-Médoc,appellation,Curated orthographic or legal-name normalization.
dim_appellation.csv,Moulis-en-Médoc,158,other,FR,moulis en medoc,curated_equivalence,1,FR-ORI-MOULIS-EN-MEDOC,FR,Bordeaux,Moulis-en-Médoc,appellation,Curated orthographic or legal-name normalization.
dim_appellation.csv,Bienvenues-Batard-Montrachet,151,other,FR,bienvenues batard montrachet,curated_equivalence,1,FR-ORI-BIENVENUES-BATARD-MONTRACHET,FR,Bourgogne,Bienvenues-Bâtard-Montrachet,appellation,Curated orthographic or legal-name normalization.
dim_appellation.csv,Castillon Côtes de Bordeaux,150,other,FR,castillon cotes de bordeaux,curated_equivalence,1,FR-ORI-CASTILLON-COTES-DE-BORDEAUX,FR,Bordeaux,Castillon Côtes de Bordeaux,appellation,Curated orthographic or legal-name normalization.
dim_appellation.csv,Vacqueyras,143,other,FR,vacqueyras,normalized_exact,1,FR-ORI-VACQUEYRAS,FR,Vallée du Rhône,Vacqueyras,appellation,"Accent, punctuation, whitespace and legal suffixes normalized."
dim_appellation.csv,Canon-Fronsac,141,other,FR,canon fronsac,curated_equivalence,1,FR-ORI-CANON-FRONSAC,FR,Bordeaux,Canon-Fronsac,appellation,Curated orthographic or legal-name normalization.
dim_appellation.csv,Muscat de Beaumes-de-Venise,130,other,FR,muscat de beaumes de venise,curated_equivalence,1,FR-ORI-MUSCAT-DE-BEAUMES-DE-VENISE,FR,Vallée du Rhône,Muscat de Beaumes-de-Venise,appellation,Curated orthographic or legal-name normalization.
dim_appellation.csv,Médoc,123,other,FR,medoc,curated_equivalence,1,FR-ORI-MEDOC,FR,Bordeaux,Médoc,appellation,Curated orthographic or legal-name normalization.
dim_appellation.csv,Corton-Bressandes,122,other,FR,corton bressandes,curated_climat_to_appellation,1,FR-ORI-CORTON,FR,Bourgogne,Corton,appellation,Raw value is a climat/lieu-dit expression mapped to its governing appellation.
dim_appellation.csv,Chorey-lès-Beaune,118,idealwine,FR,chorey les beaune,curated_equivalence,1,FR-ORI-CHOREY-LES-BEAUNE,FR,Bourgogne,Chorey-lès-Beaune,appellation,Curated orthographic or legal-name normalization.
dim_appellation.csv,Moulis-en-Medoc,115,other,FR,moulis en medoc,curated_equivalence,1,FR-ORI-MOULIS-EN-MEDOC,FR,Bordeaux,Moulis-en-Médoc,appellation,Curated orthographic or legal-name normalization.
dim_appellation.csv,Bourgogne Aligote,113,other,FR,bourgogne aligote,curated_equivalence,1,FR-ORI-BOURGOGNE-ALIGOTE,FR,Bourgogne,Bourgogne Aligoté,appellation,Curated orthographic or legal-name normalization.
dim_appellation.csv,Côtes de Bourg,107,other,FR,cotes de bourg,curated_equivalence,1,FR-ORI-COTES-DE-BOURG,FR,Bordeaux,Côtes de Bourg,appellation,Curated orthographic or legal-name normalization.
dim_appellation.csv,Bourgogne Cote-D'Or,104,other,FR,bourgogne cote d or,curated_equivalence,1,FR-ORI-BOURGOGNE-COTE-D-OR,FR,Bourgogne,Bourgogne Côte d'Or,legal_subdesignation,Curated orthographic or legal-name normalization.
dim_appellation.csv,Bourgogne Passetoutgrain,102,other,FR,bourgogne passetoutgrain,curated_equivalence,1,FR-ORI-BOURGOGNE-PASSE-TOUT-GRAINS,FR,Bourgogne,Bourgogne Passe-tout-grains,appellation,Curated orthographic or legal-name normalization.
dim_appellation.csv,Clos de Tart,100,other,FR,clos de tart,normalized_exact,1,FR-ORI-CLOS-DE-TART,FR,Bourgogne,Clos de Tart,appellation,"Accent, punctuation, whitespace and legal suffixes normalized."
dim_appellation.csv,Rasteau,85,other,FR,rasteau,normalized_exact,1,FR-ORI-RASTEAU,FR,Vallée du Rhône,Rasteau,appellation,"Accent, punctuation, whitespace and legal suffixes normalized."
dim_appellation.csv,Clos des Lambrays,81,other,FR,clos des lambrays,normalized_exact,1,FR-ORI-CLOS-DES-LAMBRAYS,FR,Bourgogne,Clos des Lambrays,appellation,"Accent, punctuation, whitespace and legal suffixes normalized."
dim_appellation.csv,Corton-Renardes,71,other,FR,corton renardes,curated_climat_to_appellation,1,FR-ORI-CORTON,FR,Bourgogne,Corton,appellation,Raw value is a climat/lieu-dit expression mapped to its governing appellation.
dim_appellation.csv,Tavel,71,other,FR,tavel,normalized_exact,1,FR-ORI-TAVEL,FR,Vallée du Rhône,Tavel,appellation,"Accent, punctuation, whitespace and legal suffixes normalized."
dim_appellation.csv,Premieres Cotes de Bordeaux,65,other,FR,premieres cotes de bordeaux,historical_requires_context,1,,,,,,Historical or superseded designation; vintage/context is required before mapping.
dim_appellation.csv,Montagne-Saint-Émilion,62,other,FR,montagne saint emilion,curated_equivalence,1,FR-ORI-MONTAGNE-SAINT-EMILION,FR,Bordeaux,Montagne-Saint-Émilion,appellation,Curated orthographic or legal-name normalization.
dim_appellation.csv,Cairanne,59,other,FR,cairanne,normalized_exact,1,FR-ORI-CAIRANNE,FR,Vallée du Rhône,Cairanne,appellation,"Accent, punctuation, whitespace and legal suffixes normalized."
dim_appellation.csv,Bourgogne / Côte-d’Or,57,other,FR,bourgogne cote d or,curated_equivalence,1,FR-ORI-BOURGOGNE-COTE-D-OR,FR,Bourgogne,Bourgogne Côte d'Or,legal_subdesignation,Curated orthographic or legal-name normalization.
dim_appellation.csv,Premières Côtes de Bordeaux,56,other,FR,premieres cotes de bordeaux,historical_requires_context,1,,,,,,Historical or superseded designation; vintage/context is required before mapping.
dim_appellation.csv,Bourgogne Grand Ordinaire,54,idealwine,FR,bourgogne grand ordinaire,historical_requires_context,1,,,,,,Historical or superseded designation; vintage/context is required before mapping.
dim_appellation.csv,Loupiac,51,other,FR,loupiac,normalized_exact,1,FR-ORI-LOUPIAC,FR,Bordeaux,Loupiac,appellation,"Accent, punctuation, whitespace and legal suffixes normalized."
dim_appellation.csv,Chorey-les-Beaune,45,other,FR,chorey les beaune,curated_equivalence,1,FR-ORI-CHOREY-LES-BEAUNE,FR,Bourgogne,Chorey-lès-Beaune,appellation,Curated orthographic or legal-name normalization.
dim_appellation.csv,Côtes du Vivarais,44,idealwine,FR,cotes du vivarais,curated_equivalence,1,FR-ORI-COTES-DU-VIVARAIS,FR,Vallée du Rhône,Côtes du Vivarais,appellation,Curated orthographic or legal-name normalization.
dim_appellation.csv,Saint Emilion,44,other,FR,saint emilion,curated_equivalence,1,FR-ORI-SAINT-EMILION,FR,Bordeaux,Saint-Émilion,appellation,Curated orthographic or legal-name normalization.
dim_appellation.csv,Vin de Pays de L'Ardeche,44,other,FR,vin de pays de l ardeche,curated_equivalence,1,FR-ORI-ARDECHE,FR,Vallée du Rhône,Ardèche,appellation,Curated orthographic or legal-name normalization.
dim_appellation.csv,Bourgogne Pinot Noir,43,other,FR,bourgogne pinot noir,curated_style_to_appellation,1,FR-ORI-BOURGOGNE,FR,Bourgogne,Bourgogne,appellation,"Raw value contains colour, variety or former-label context and is mapped to the governing legal category."
dim_appellation.csv,Sainte-Foy-Bordeaux,42,other,FR,sainte foy bordeaux,normalized_exact,1,FR-ORI-SAINTE-FOY-BORDEAUX,FR,Bordeaux,Sainte-Foy-Bordeaux,appellation,"Accent, punctuation, whitespace and legal suffixes normalized."
dim_appellation.csv,Bouzeron,41,idealwine,FR,bouzeron,normalized_exact,1,FR-ORI-BOUZERON,FR,Bourgogne,Bouzeron,appellation,"Accent, punctuation, whitespace and legal suffixes normalized."
dim_appellation.csv,Francs Côtes de Bordeaux,35,other,FR,francs cotes de bordeaux,normalized_exact,1,FR-ORI-FRANCS-COTES-DE-BORDEAUX,FR,Bordeaux,Francs Côtes de Bordeaux,appellation,"Accent, punctuation, whitespace and legal suffixes normalized."
dim_appellation.csv,Blaye Côtes de Bordeaux,34,other,FR,blaye cotes de bordeaux,curated_equivalence,1,FR-ORI-BLAYE-COTES-DE-BORDEAUX,FR,Bordeaux,Blaye Côtes de Bordeaux,appellation,Curated orthographic or legal-name normalization.
dim_appellation.csv,Bordeaux superieur,34,other,FR,bordeaux superieur,curated_equivalence,1,FR-ORI-BORDEAUX-SUPERIEUR,FR,Bordeaux,Bordeaux Supérieur,appellation,Curated orthographic or legal-name normalization.
dim_appellation.csv,Côtes-du-Rhône-Villages,34,idealwine,FR,cotes du rhone villages,curated_equivalence,1,FR-ORI-COTES-DU-RHONE-VILLAGES,FR,Côtes du Rhône Villages,Côtes du Rhône Villages,appellation,Curated orthographic or legal-name normalization.
dim_appellation.csv,IGP Collines Rhodaniennes,33,other,FR,igp collines rhodaniennes,curated_equivalence,1,FR-ORI-COLLINES-RHODANIENNES,FR,Vallée du Rhône,Collines Rhodaniennes,appellation,Curated orthographic or legal-name normalization.
dim_appellation.csv,Puisseguin Saint-Émilion,33,idealwine,FR,puisseguin saint emilion,curated_equivalence,1,FR-ORI-PUISSEGUIN-SAINT-EMILION,FR,Bordeaux,Puisseguin-Saint-Émilion,appellation,Curated orthographic or legal-name normalization.
dim_appellation.csv,Collines Rhodaniennes,31,other,FR,collines rhodaniennes,normalized_exact,1,FR-ORI-COLLINES-RHODANIENNES,FR,Vallée du Rhône,Collines Rhodaniennes,appellation,"Accent, punctuation, whitespace and legal suffixes normalized."
dim_appellation.csv,Blagny,28,other,FR,blagny,ambiguous_requires_context,1,,,,,,Blagny can refer to legally relevant Burgundy locality/cru usage under different appellations; bottle context is required.
dim_appellation.csv,Vaucluse,28,idealwine,FR,vaucluse,normalized_exact,1,FR-ORI-VAUCLUSE,FR,Vallée du Rhône,Vaucluse,appellation,"Accent, punctuation, whitespace and legal suffixes normalized."
dim_appellation.csv,Vin de France (anciennement Côtes-du-Rhône),28,idealwine,FR,vin de france anciennement cotes du rhone,curated_style_to_appellation,1,FR-CAT-VIN-DE-FRANCE,FR,France,Vin de France,regulated_category,"Raw value contains colour, variety or former-label context and is mapped to the governing legal category."
dim_appellation.csv,Bourgogne Montrecul,26,idealwine,FR,bourgogne montrecul,normalized_exact,1,FR-ORI-BOURGOGNE-MONTRECUL,FR,Bourgogne,Bourgogne Montrecul,legal_subdesignation,"Accent, punctuation, whitespace and legal suffixes normalized."
dim_appellation.csv,Corton-Perrieres,26,other,FR,corton perrieres,curated_climat_to_appellation,1,FR-ORI-CORTON,FR,Bourgogne,Corton,appellation,Raw value is a climat/lieu-dit expression mapped to its governing appellation.
dim_appellation.csv,Côtes du Rhône,25,idealwine,FR,cotes du rhone,curated_equivalence,1,FR-ORI-COTES-DU-RHONE,FR,Vallée du Rhône,Côtes du Rhône,appellation,Curated orthographic or legal-name normalization.
dim_appellation.csv,Saint-Péray,25,idealwine,FR,saint peray,normalized_exact,1,FR-ORI-SAINT-PERAY,FR,Vallée du Rhône,Saint-Péray,appellation,"Accent, punctuation, whitespace and legal suffixes normalized."
dim_appellation.csv,Lalande de Pomerol,24,other,FR,lalande de pomerol,curated_equivalence,1,FR-ORI-LALANDE-DE-POMEROL,FR,Bordeaux,Lalande-de-Pomerol,appellation,Curated orthographic or legal-name normalization.
dim_appellation.csv,Saint-Emilion Grand Cru,23,other,FR,saint emilion grand cru,curated_equivalence,1,FR-ORI-SAINT-EMILION-GRAND-CRU,FR,Bordeaux,Saint-Émilion Grand Cru,appellation,Curated orthographic or legal-name normalization.
dim_appellation.csv,Principauté d'Orange,22,idealwine,FR,principaute d orange,normalized_exact,1,FR-ORI-PRINCIPAUTE-D-ORANGE,FR,Vallée du Rhône,Principauté d'Orange,appellation,"Accent, punctuation, whitespace and legal suffixes normalized."
dim_appellation.csv,Blaye - Côtes de Bordeaux,21,other,FR,blaye cotes de bordeaux,curated_equivalence,1,FR-ORI-BLAYE-COTES-DE-BORDEAUX,FR,Bordeaux,Blaye Côtes de Bordeaux,appellation,Curated orthographic or legal-name normalization.
dim_appellation.csv,Bourgogne ,20,idealwine,FR,bourgogne,normalized_exact,1,FR-ORI-BOURGOGNE,FR,Bourgogne,Bourgogne,appellation,"Accent, punctuation, whitespace and legal suffixes normalized."
dim_appellation.csv,Corton-Languettes,20,other,FR,corton languettes,curated_climat_to_appellation,1,FR-ORI-CORTON,FR,Bourgogne,Corton,appellation,Raw value is a climat/lieu-dit expression mapped to its governing appellation.
dim_appellation.csv,Montagne Saint-Émilion,20,other,FR,montagne saint emilion,curated_equivalence,1,FR-ORI-MONTAGNE-SAINT-EMILION,FR,Bordeaux,Montagne-Saint-Émilion,appellation,Curated orthographic or legal-name normalization.
dim_appellation.csv,Muscat de Beaumes de Venise,20,other,FR,muscat de beaumes de venise,curated_equivalence,1,FR-ORI-MUSCAT-DE-BEAUMES-DE-VENISE,FR,Vallée du Rhône,Muscat de Beaumes-de-Venise,appellation,Curated orthographic or legal-name normalization.
dim_appellation.csv,Saint-Georges-Saint-Émilion,19,other,FR,saint georges saint emilion,curated_equivalence,1,FR-ORI-SAINT-GEORGES-SAINT-EMILION,FR,Bordeaux,Saint-Georges-Saint-Émilion,appellation,Curated orthographic or legal-name normalization.
dim_appellation.csv,Corton Les Maréchaudes,18,idealwine,FR,corton les marechaudes,curated_climat_to_appellation,1,FR-ORI-CORTON,FR,Bourgogne,Corton,appellation,Raw value is a climat/lieu-dit expression mapped to its governing appellation.
dim_appellation.csv,Pessac -Léognan,17,other,FR,pessac leognan,curated_equivalence,1,FR-ORI-PESSAC-LEOGNAN,FR,Bordeaux,Pessac-Léognan,appellation,Curated orthographic or legal-name normalization.
dim_appellation.csv,Beaumes-de-Venise,16,other,FR,beaumes de venise,curated_equivalence,1,FR-ORI-BEAUMES-DE-VENISE,FR,Vallée du Rhône,Beaumes-de-Venise,appellation,Curated orthographic or legal-name normalization.
dim_appellation.csv,Luberon,16,other,FR,luberon,normalized_exact,1,FR-ORI-LUBERON,FR,Vallée du Rhône,Luberon,appellation,"Accent, punctuation, whitespace and legal suffixes normalized."
dim_appellation.csv,Puisseguin-Saint-Emilion,16,other,FR,puisseguin saint emilion,curated_equivalence,1,FR-ORI-PUISSEGUIN-SAINT-EMILION,FR,Bordeaux,Puisseguin-Saint-Émilion,appellation,Curated orthographic or legal-name normalization.
dim_appellation.csv,Saint Julien,16,other,FR,saint julien,curated_equivalence,1,FR-ORI-SAINT-JULIEN,FR,Bordeaux,Saint-Julien,appellation,Curated orthographic or legal-name normalization.
dim_appellation.csv,Vinsobres,16,other,FR,vinsobres,normalized_exact,1,FR-ORI-VINSOBRES,FR,Vallée du Rhône,Vinsobres,appellation,"Accent, punctuation, whitespace and legal suffixes normalized."
dim_appellation.csv,Chorey-Lès-Beaune,15,idealwine,FR,chorey les beaune,curated_equivalence,1,FR-ORI-CHOREY-LES-BEAUNE,FR,Bourgogne,Chorey-lès-Beaune,appellation,Curated orthographic or legal-name normalization.
dim_appellation.csv,Beaumes De Venise,14,other,FR,beaumes de venise,curated_equivalence,1,FR-ORI-BEAUMES-DE-VENISE,FR,Vallée du Rhône,Beaumes-de-Venise,appellation,Curated orthographic or legal-name normalization.
dim_appellation.csv,Vin De France,14,other,FR,vin de france,curated_equivalence,1,FR-CAT-VIN-DE-FRANCE,FR,France,Vin de France,regulated_category,Curated orthographic or legal-name normalization.
dim_appellation.csv,Bonnes-Mares ,13,idealwine,FR,bonnes mares,normalized_exact,1,FR-ORI-BONNES-MARES,FR,Bourgogne,Bonnes-Mares,appellation,"Accent, punctuation, whitespace and legal suffixes normalized."
dim_appellation.csv,Ermitage,13,idealwine,FR,ermitage,curated_equivalence,1,FR-ORI-HERMITAGE,FR,Vallée du Rhône,Hermitage,appellation,Curated orthographic or legal-name normalization.
dim_appellation.csv,Saint-Estephe,12,other,FR,saint estephe,curated_equivalence,1,FR-ORI-SAINT-ESTEPHE,FR,Bordeaux,Saint-Estèphe,appellation,Curated orthographic or legal-name normalization.
dim_appellation.csv,Bourgogne Pinot noir,11,idealwine,FR,bourgogne pinot noir,curated_style_to_appellation,1,FR-ORI-BOURGOGNE,FR,Bourgogne,Bourgogne,appellation,"Raw value contains colour, variety or former-label context and is mapped to the governing legal category."
dim_appellation.csv,Castillon-Côtes de Bordeaux,11,other,FR,castillon cotes de bordeaux,curated_equivalence,1,FR-ORI-CASTILLON-COTES-DE-BORDEAUX,FR,Bordeaux,Castillon Côtes de Bordeaux,appellation,Curated orthographic or legal-name normalization.
dim_appellation.csv,Charlemagne,11,idealwine,FR,charlemagne,curated_climat_to_appellation,1,FR-ORI-CORTON-CHARLEMAGNE,FR,Bourgogne,Corton-Charlemagne,appellation,Raw value is a climat/lieu-dit expression mapped to its governing appellation.
dim_appellation.csv,Côteaux du Lyonnais,11,idealwine,FR,coteaux du lyonnais,curated_equivalence,1,FR-ORI-COTEAUX-DU-LYONNAIS,FR,Vallée du Rhône,Coteaux du Lyonnais,appellation,Curated orthographic or legal-name normalization.
dim_appellation.csv,Bordeaux blanc,10,other,FR,bordeaux blanc,curated_style_to_appellation,1,FR-ORI-BORDEAUX,FR,Bordeaux,Bordeaux,appellation,"Raw value contains colour, variety or former-label context and is mapped to the governing legal category."
dim_appellation.csv,Canon Fronsac,10,other,FR,canon fronsac,curated_equivalence,1,FR-ORI-CANON-FRONSAC,FR,Bordeaux,Canon-Fronsac,appellation,Curated orthographic or legal-name normalization.
dim_appellation.csv,Corton Bressandes,10,idealwine,FR,corton bressandes,curated_climat_to_appellation,1,FR-ORI-CORTON,FR,Bourgogne,Corton,appellation,Raw value is a climat/lieu-dit expression mapped to its governing appellation.
dim_appellation.csv,Côtes-du-Rhône-Villages Roaix,10,idealwine,FR,cotes du rhone villages roaix,curated_equivalence,1,FR-ORI-COTES-DU-RHONE-VILLAGES-ROAIX,FR,Vallée du Rhône,Côtes du Rhône Villages Roaix,legal_subdesignation,Curated orthographic or legal-name normalization.
dim_appellation.csv,Ventoux,10,idealwine,FR,ventoux,normalized_exact,1,FR-ORI-VENTOUX,FR,Vallée du Rhône,Ventoux,appellation,"Accent, punctuation, whitespace and legal suffixes normalized."
dim_appellation.csv,Bordeaux ,9,idealwine,FR,bordeaux,normalized_exact,1,FR-ORI-BORDEAUX,FR,Bordeaux,Bordeaux,appellation,"Accent, punctuation, whitespace and legal suffixes normalized."
dim_appellation.csv,Bourgogne Chardonnay,8,other,FR,bourgogne chardonnay,curated_style_to_appellation,1,FR-ORI-BOURGOGNE,FR,Bourgogne,Bourgogne,appellation,"Raw value contains colour, variety or former-label context and is mapped to the governing legal category."
dim_appellation.csv,Côtes-du-Rhône Vinsobres,8,idealwine,FR,cotes du rhone vinsobres,curated_equivalence,1,FR-ORI-VINSOBRES,FR,Vallée du Rhône,Vinsobres,appellation,Curated orthographic or legal-name normalization.
dim_appellation.csv,Puisseguin-Saint-Émilion,8,other,FR,puisseguin saint emilion,curated_equivalence,1,FR-ORI-PUISSEGUIN-SAINT-EMILION,FR,Bordeaux,Puisseguin-Saint-Émilion,appellation,Curated orthographic or legal-name normalization.
dim_appellation.csv,Chablis ,7,idealwine,FR,chablis,normalized_exact,1,FR-ORI-CHABLIS,FR,Bourgogne,Chablis,appellation,"Accent, punctuation, whitespace and legal suffixes normalized."
dim_appellation.csv,vin de France,7,other,FR,vin de france,curated_equivalence,1,FR-CAT-VIN-DE-FRANCE,FR,France,Vin de France,regulated_category,Curated orthographic or legal-name normalization.
dim_appellation.csv,Bière,6,idealwine,FR,biere,excluded_non_origin,1,,,,,,"Product, assortment, case or non-wine/non-origin descriptor; not an appellation."
dim_appellation.csv,Blaye-Côtes-de-Bordeaux,6,idealwine,FR,blaye cotes de bordeaux,curated_equivalence,1,FR-ORI-BLAYE-COTES-DE-BORDEAUX,FR,Bordeaux,Blaye Côtes de Bordeaux,appellation,Curated orthographic or legal-name normalization.
dim_appellation.csv,Châteauneuf-Du-Pape,6,idealwine,FR,chateauneuf du pape,curated_equivalence,1,FR-ORI-CHATEAUNEUF-DU-PAPE,FR,Vallée du Rhône,Châteauneuf-du-Pape,appellation,Curated orthographic or legal-name normalization.
dim_appellation.csv,Corton Charlemagne,6,idealwine,FR,corton charlemagne,curated_equivalence,1,FR-ORI-CORTON-CHARLEMAGNE,FR,Bourgogne,Corton-Charlemagne,appellation,Curated orthographic or legal-name normalization.
dim_appellation.csv,Bourgogne Cote d'Or,5,other,FR,bourgogne cote d or,curated_equivalence,1,FR-ORI-BOURGOGNE-COTE-D-OR,FR,Bourgogne,Bourgogne Côte d'Or,legal_subdesignation,Curated orthographic or legal-name normalization.
dim_appellation.csv,Chambertin-Clos de Bèze,5,idealwine,FR,chambertin clos de beze,curated_equivalence,1,FR-ORI-CHAMBERTIN-CLOS-DE-BEZE,FR,Bourgogne,Chambertin-Clos de Bèze,appellation,Curated orthographic or legal-name normalization.
dim_appellation.csv,Chateauneuf du Pape,4,other,FR,chateauneuf du pape,curated_equivalence,1,FR-ORI-CHATEAUNEUF-DU-PAPE,FR,Vallée du Rhône,Châteauneuf-du-Pape,appellation,Curated orthographic or legal-name normalization.
dim_appellation.csv,Côtes-du-Rhône (anciennement Vacqueyras),4,idealwine,FR,cotes du rhone anciennement vacqueyras,curated_style_to_appellation,1,FR-ORI-VACQUEYRAS,FR,Vallée du Rhône,Vacqueyras,appellation,"Raw value contains colour, variety or former-label context and is mapped to the governing legal category."
dim_appellation.csv,Saint Estèphe,4,other,FR,saint estephe,curated_equivalence,1,FR-ORI-SAINT-ESTEPHE,FR,Bordeaux,Saint-Estèphe,appellation,Curated orthographic or legal-name normalization.
dim_appellation.csv,Saint Joseph,4,other,FR,saint joseph,curated_equivalence,1,FR-ORI-SAINT-JOSEPH,FR,Vallée du Rhône,Saint-Joseph,appellation,Curated orthographic or legal-name normalization.
dim_appellation.csv,Saint-Georges Saint-Émilion,4,idealwine,FR,saint georges saint emilion,curated_equivalence,1,FR-ORI-SAINT-GEORGES-SAINT-EMILION,FR,Bordeaux,Saint-Georges-Saint-Émilion,appellation,Curated orthographic or legal-name normalization.
dim_appellation.csv,Chambolle Musigny,3,other,FR,chambolle musigny,curated_equivalence,1,FR-ORI-CHAMBOLLE-MUSIGNY,FR,Bourgogne,Chambolle-Musigny,appellation,Curated orthographic or legal-name normalization.
dim_appellation.csv,Charmes-Chambertin.,3,other,FR,charmes chambertin,normalized_exact,1,FR-ORI-CHARMES-CHAMBERTIN,FR,Bourgogne,Charmes-Chambertin,appellation,"Accent, punctuation, whitespace and legal suffixes normalized."
dim_appellation.csv,Cidre,3,idealwine,FR,cidre,excluded_non_origin,1,,,,,,"Product, assortment, case or non-wine/non-origin descriptor; not an appellation."
dim_appellation.csv,Corton Perrières,3,idealwine,FR,corton perrieres,curated_climat_to_appellation,1,FR-ORI-CORTON,FR,Bourgogne,Corton,appellation,Raw value is a climat/lieu-dit expression mapped to its governing appellation.
dim_appellation.csv,Moulis en Médoc,3,other,FR,moulis en medoc,curated_equivalence,1,FR-ORI-MOULIS-EN-MEDOC,FR,Bordeaux,Moulis-en-Médoc,appellation,Curated orthographic or legal-name normalization.
dim_appellation.csv,Saint Estephe,3,other,FR,saint estephe,curated_equivalence,1,FR-ORI-SAINT-ESTEPHE,FR,Bordeaux,Saint-Estèphe,appellation,Curated orthographic or legal-name normalization.
dim_appellation.csv,Bordeaux-Supérieur,2,other,FR,bordeaux superieur,curated_equivalence,1,FR-ORI-BORDEAUX-SUPERIEUR,FR,Bordeaux,Bordeaux Supérieur,appellation,Curated orthographic or legal-name normalization.
dim_appellation.csv,Bourgogne Côte Chalonnaise,2,idealwine,FR,bourgogne cote chalonnaise,curated_equivalence,1,FR-ORI-BOURGOGNE-COTE-CHALONNAISE,FR,Bourgogne,Bourgogne Côte Chalonnaise,legal_subdesignation,Curated orthographic or legal-name normalization.
dim_appellation.csv,Caisse panachée,2,idealwine,FR,caisse panachee,excluded_non_origin,1,,,,,,"Product, assortment, case or non-wine/non-origin descriptor; not an appellation."
dim_appellation.csv,Castillon Cotes de Bordeaux,2,other,FR,castillon cotes de bordeaux,curated_equivalence,1,FR-ORI-CASTILLON-COTES-DE-BORDEAUX,FR,Bordeaux,Castillon Côtes de Bordeaux,appellation,Curated orthographic or legal-name normalization.
dim_appellation.csv,Corton ,2,idealwine,FR,corton,normalized_exact,1,FR-ORI-CORTON,FR,Bourgogne,Corton,appellation,"Accent, punctuation, whitespace and legal suffixes normalized."
dim_appellation.csv,Corton Languettes,2,idealwine,FR,corton languettes,curated_climat_to_appellation,1,FR-ORI-CORTON,FR,Bourgogne,Corton,appellation,Raw value is a climat/lieu-dit expression mapped to its governing appellation.
dim_appellation.csv,Corton Le Clos du Roi,2,idealwine,FR,corton le clos du roi,curated_climat_to_appellation,1,FR-ORI-CORTON,FR,Bourgogne,Corton,appellation,Raw value is a climat/lieu-dit expression mapped to its governing appellation.
dim_appellation.csv,Corton Renardes,2,idealwine,FR,corton renardes,curated_climat_to_appellation,1,FR-ORI-CORTON,FR,Bourgogne,Corton,appellation,Raw value is a climat/lieu-dit expression mapped to its governing appellation.
dim_appellation.csv,Cotes du Vivarais,2,other,FR,cotes du vivarais,curated_equivalence,1,FR-ORI-COTES-DU-VIVARAIS,FR,Vallée du Rhône,Côtes du Vivarais,appellation,Curated orthographic or legal-name normalization.
dim_appellation.csv,Lalande-De-Pomerol,2,other,FR,lalande de pomerol,curated_equivalence,1,FR-ORI-LALANDE-DE-POMEROL,FR,Bordeaux,Lalande-de-Pomerol,appellation,Curated orthographic or legal-name normalization.
dim_appellation.csv,"Saint-Émilion Grand Cru,",2,other,FR,saint emilion grand cru,curated_equivalence,1,FR-ORI-SAINT-EMILION-GRAND-CRU,FR,Bordeaux,Saint-Émilion Grand Cru,appellation,Curated orthographic or legal-name normalization.
dim_appellation.csv,"Saint-Émilion, Grand Cru",2,other,FR,saint emilion grand cru,curated_equivalence,1,FR-ORI-SAINT-EMILION-GRAND-CRU,FR,Bordeaux,Saint-Émilion Grand Cru,appellation,Curated orthographic or legal-name normalization.
dim_appellation.csv,Aloxe-Corton ,1,idealwine,FR,aloxe corton,normalized_exact,1,FR-ORI-ALOXE-CORTON,FR,Bourgogne,Aloxe-Corton,appellation,"Accent, punctuation, whitespace and legal suffixes normalized."
dim_appellation.csv,Assortiment,1,idealwine,FR,assortiment,excluded_non_origin,1,,,,,,"Product, assortment, case or non-wine/non-origin descriptor; not an appellation."
dim_appellation.csv,Assortiment 1999 du Domaine de la Romanée-Conti,1,idealwine,FR,assortiment 1999 du domaine de la romanee conti,excluded_non_origin,1,,,,,,"Product, assortment, case or non-wine/non-origin descriptor; not an appellation."
dim_appellation.csv,Assortiment 2010 du Domaine de la Romanée-Conti,1,idealwine,FR,assortiment 2010 du domaine de la romanee conti,excluded_non_origin,1,,,,,,"Product, assortment, case or non-wine/non-origin descriptor; not an appellation."
dim_appellation.csv,Assortiment 2011 du Domaine de la Romanée-Conti,1,idealwine,FR,assortiment 2011 du domaine de la romanee conti,excluded_non_origin,1,,,,,,"Product, assortment, case or non-wine/non-origin descriptor; not an appellation."
dim_appellation.csv,Assortiment 2015 Sélection Lieux-Dits,1,idealwine,FR,assortiment 2015 selection lieux dits,excluded_non_origin,1,,,,,,"Product, assortment, case or non-wine/non-origin descriptor; not an appellation."
dim_appellation.csv,Assortiment 2016 du Domaine de la Romanée-Conti,1,idealwine,FR,assortiment 2016 du domaine de la romanee conti,excluded_non_origin,1,,,,,,"Product, assortment, case or non-wine/non-origin descriptor; not an appellation."
dim_appellation.csv,Assortiment 2020 du Domaine de la Romanée-Conti,1,idealwine,FR,assortiment 2020 du domaine de la romanee conti,excluded_non_origin,1,,,,,,"Product, assortment, case or non-wine/non-origin descriptor; not an appellation."
dim_appellation.csv,Assortiment Grands Crus,1,idealwine,FR,assortiment grands crus,excluded_non_origin,1,,,,,,"Product, assortment, case or non-wine/non-origin descriptor; not an appellation."
dim_appellation.csv,Beaune ,1,idealwine,FR,beaune,normalized_exact,1,FR-ORI-BEAUNE,FR,Bourgogne,Beaune,appellation,"Accent, punctuation, whitespace and legal suffixes normalized."
dim_appellation.csv,Bourgogne Côte d'Or,1,idealwine,FR,bourgogne cote d or,curated_equivalence,1,FR-ORI-BOURGOGNE-COTE-D-OR,FR,Bourgogne,Bourgogne Côte d'Or,legal_subdesignation,Curated orthographic or legal-name normalization.
dim_appellation.csv,Bourgogne Côte d'or,1,idealwine,FR,bourgogne cote d or,curated_equivalence,1,FR-ORI-BOURGOGNE-COTE-D-OR,FR,Bourgogne,Bourgogne Côte d'Or,legal_subdesignation,Curated orthographic or legal-name normalization.
dim_appellation.csv,Bouzeron ,1,idealwine,FR,bouzeron,normalized_exact,1,FR-ORI-BOUZERON,FR,Bourgogne,Bouzeron,appellation,"Accent, punctuation, whitespace and legal suffixes normalized."
dim_appellation.csv,Caisse Bois,1,idealwine,FR,caisse bois,excluded_non_origin,1,,,,,,"Product, assortment, case or non-wine/non-origin descriptor; not an appellation."
dim_appellation.csv,Caisse Domaine de la Romanée Conti,1,idealwine,FR,caisse domaine de la romanee conti,excluded_non_origin,1,,,,,,"Product, assortment, case or non-wine/non-origin descriptor; not an appellation."
dim_appellation.csv,Caisse Grands Crus,1,idealwine,FR,caisse grands crus,excluded_non_origin,1,,,,,,"Product, assortment, case or non-wine/non-origin descriptor; not an appellation."
dim_appellation.csv,Caisse Grands crus Climats de Corton,1,idealwine,FR,caisse grands crus climats de corton,excluded_non_origin,1,,,,,,"Product, assortment, case or non-wine/non-origin descriptor; not an appellation."
dim_appellation.csv,Charmes-Chambertin ,1,idealwine,FR,charmes chambertin,normalized_exact,1,FR-ORI-CHARMES-CHAMBERTIN,FR,Bourgogne,Charmes-Chambertin,appellation,"Accent, punctuation, whitespace and legal suffixes normalized."
dim_appellation.csv,Châteauneuf du Pape,1,other,FR,chateauneuf du pape,curated_equivalence,1,FR-ORI-CHATEAUNEUF-DU-PAPE,FR,Vallée du Rhône,Châteauneuf-du-Pape,appellation,Curated orthographic or legal-name normalization.
dim_appellation.csv,Clos de La Roche,1,idealwine,FR,clos de la roche,curated_equivalence,1,FR-ORI-CLOS-DE-LA-ROCHE,FR,Bourgogne,Clos de la Roche,appellation,Curated orthographic or legal-name normalization.
dim_appellation.csv,Coffret 6 appellations,1,idealwine,FR,coffret 6 appellations,excluded_non_origin,1,,,,,,"Product, assortment, case or non-wine/non-origin descriptor; not an appellation."
dim_appellation.csv,Cotes du Rhone,1,other,FR,cotes du rhone,curated_equivalence,1,FR-ORI-COTES-DU-RHONE,FR,Vallée du Rhône,Côtes du Rhône,appellation,Curated orthographic or legal-name normalization.
dim_appellation.csv,Côtes-du-Rhône Visan,1,idealwine,FR,cotes du rhone visan,curated_equivalence,1,FR-ORI-COTES-DU-RHONE-VILLAGES-VISAN,FR,Vallée du Rhône,Côtes du Rhône Villages Visan,legal_subdesignation,Curated orthographic or legal-name normalization.
dim_appellation.csv,Haut Mèdoc,1,other,FR,haut medoc,curated_equivalence,1,FR-ORI-HAUT-MEDOC,FR,Bordeaux,Haut-Médoc,appellation,Curated orthographic or legal-name normalization.
dim_appellation.csv,Pomerol.,1,other,FR,pomerol,normalized_exact,1,FR-ORI-POMEROL,FR,Bordeaux,Pomerol,appellation,"Accent, punctuation, whitespace and legal suffixes normalized."
dim_appellation.csv,Saint Emilion Grand Cru,1,other,FR,saint emilion grand cru,curated_equivalence,1,FR-ORI-SAINT-EMILION-GRAND-CRU,FR,Bordeaux,Saint-Émilion Grand Cru,appellation,Curated orthographic or legal-name normalization.
dim_appellation.csv,Saint-Estéphe,1,other,FR,saint estephe,curated_equivalence,1,FR-ORI-SAINT-ESTEPHE,FR,Bordeaux,Saint-Estèphe,appellation,Curated orthographic or legal-name normalization.
dim_appellation.csv,Vieux Marc du Château Rayas,1,idealwine,FR,vieux marc du chateau rayas,excluded_non_origin,1,,,,,,"Product, assortment, case or non-wine/non-origin descriptor; not an appellation."
dim_appellation.csv,Vin de Pays de l'Ardèche,1,idealwine,FR,vin de pays de l ardeche,curated_equivalence,1,FR-ORI-ARDECHE,FR,Vallée du Rhône,Ardèche,appellation,Curated orthographic or legal-name normalization.
dim_appellation.csv,Vin de Table du Japon,1,idealwine,FR,vin de table du japon,excluded_non_origin,1,,,,,,"Product, assortment, case or non-wine/non-origin descriptor; not an appellation."
dim_region.csv,Barossa Valley,145188,other,,barossa valley,normalized_exact,1,AU-ORI-BAROSSA-VALLEY,AU,South Australia,Barossa Valley,appellation,"Accent, punctuation, whitespace and legal suffixes normalized."
dim_region.csv,South Australia,120505,other,,south australia,normalized_exact,1,AU-ORI-SOUTH-AUSTRALIA,AU,South Australia,South Australia,appellation,"Accent, punctuation, whitespace and legal suffixes normalized."
dim_region.csv,McLaren Vale,99544,other,,mclaren vale,normalized_exact,1,AU-ORI-MCLAREN-VALE,AU,South Australia,McLaren Vale,appellation,"Accent, punctuation, whitespace and legal suffixes normalized."
dim_region.csv,Coonawarra,87414,other,,coonawarra,normalized_exact,1,AU-ORI-COONAWARRA,AU,South Australia,Coonawarra,appellation,"Accent, punctuation, whitespace and legal suffixes normalized."
dim_region.csv,Margaret River,77553,other,,margaret river,normalized_exact,1,AU-ORI-MARGARET-RIVER,AU,Western Australia,Margaret River,appellation,"Accent, punctuation, whitespace and legal suffixes normalized."
dim_region.csv,Yarra Valley,54613,other,,yarra valley,normalized_exact,1,AU-ORI-YARRA-VALLEY,AU,Victoria,Yarra Valley,appellation,"Accent, punctuation, whitespace and legal suffixes normalized."
dim_region.csv,Clare Valley,50369,other,,clare valley,normalized_exact,1,AU-ORI-CLARE-VALLEY,AU,South Australia,Clare Valley,appellation,"Accent, punctuation, whitespace and legal suffixes normalized."
dim_region.csv,Hunter Valley,47505,other,,hunter valley,normalized_exact,1,AU-ORI-HUNTER-VALLEY,AU,New South Wales,Hunter Valley,appellation,"Accent, punctuation, whitespace and legal suffixes normalized."
dim_region.csv,Eden Valley,33951,other,,eden valley,normalized_exact,1,AU-ORI-EDEN-VALLEY,AU,South Australia,Eden Valley,appellation,"Accent, punctuation, whitespace and legal suffixes normalized."
dim_region.csv,Bourgogne,23744,idealwine,,bourgogne,normalized_exact,1,FR-ORI-BOURGOGNE,FR,Bourgogne,Bourgogne,appellation,"Accent, punctuation, whitespace and legal suffixes normalized."
dim_region.csv,Barossa,22992,other,,barossa,normalized_exact,1,AU-ORI-BAROSSA,AU,South Australia,Barossa,appellation,"Accent, punctuation, whitespace and legal suffixes normalized."
dim_region.csv,Heathcote,19647,other,,heathcote,normalized_exact,1,AU-ORI-HEATHCOTE,AU,Victoria,Heathcote,appellation,"Accent, punctuation, whitespace and legal suffixes normalized."
dim_region.csv,Adelaide Hills,16643,other,,adelaide hills,normalized_exact,1,AU-ORI-ADELAIDE-HILLS,AU,South Australia,Adelaide Hills,appellation,"Accent, punctuation, whitespace and legal suffixes normalized."
dim_region.csv,Beechworth,16568,other,,beechworth,normalized_exact,1,AU-ORI-BEECHWORTH,AU,Victoria,Beechworth,appellation,"Accent, punctuation, whitespace and legal suffixes normalized."
dim_region.csv,Champagne,16202,other,,champagne,normalized_exact,1,FR-ORI-CHAMPAGNE,FR,Champagne,Champagne,appellation,"Accent, punctuation, whitespace and legal suffixes normalized."
dim_region.csv,Grampians,14834,other,,grampians,normalized_exact,1,AU-ORI-GRAMPIANS,AU,Victoria,Grampians,appellation,"Accent, punctuation, whitespace and legal suffixes normalized."
dim_region.csv,Pyrenees,14049,other,,pyrenees,normalized_exact,1,AU-ORI-PYRENEES,AU,Victoria,Pyrenees,appellation,"Accent, punctuation, whitespace and legal suffixes normalized."
dim_region.csv,Rhône,12660,other,,rhone,normalized_alias,0.99,FR-REG-RHONE-VALLEY,FR,Rhône Valley,,region,Curated alias normalized to canonical value.
dim_region.csv,Canberra District,12053,other,,canberra district,normalized_exact,1,AU-ORI-CANBERRA-DISTRICT,AU,New South Wales,Canberra District,appellation,"Accent, punctuation, whitespace and legal suffixes normalized."
dim_region.csv,Mornington Peninsula,11609,other,,mornington peninsula,normalized_exact,1,AU-ORI-MORNINGTON-PENINSULA,AU,Victoria,Mornington Peninsula,appellation,"Accent, punctuation, whitespace and legal suffixes normalized."
dim_region.csv,Langhorne Creek,11402,other,,langhorne creek,normalized_exact,1,AU-ORI-LANGHORNE-CREEK,AU,South Australia,Langhorne Creek,appellation,"Accent, punctuation, whitespace and legal suffixes normalized."
dim_region.csv,Marlborough,11220,other,,marlborough,normalized_exact,1,NZ-ORI-MARLBOROUGH,NZ,Marlborough,Marlborough,appellation,"Accent, punctuation, whitespace and legal suffixes normalized."
dim_region.csv,Geelong,10721,other,,geelong,normalized_exact,1,AU-ORI-GEELONG,AU,Victoria,Geelong,appellation,"Accent, punctuation, whitespace and legal suffixes normalized."
dim_region.csv,Rutherglen,9672,other,,rutherglen,normalized_exact,1,AU-ORI-RUTHERGLEN,AU,Victoria,Rutherglen,appellation,"Accent, punctuation, whitespace and legal suffixes normalized."
dim_region.csv,St-Julien,8244,other,,saint julien,normalized_exact,1,FR-ORI-SAINT-JULIEN,FR,Bordeaux,Saint-Julien,appellation,"Accent, punctuation, whitespace and legal suffixes normalized."
dim_region.csv,Central Otago,7761,other,,central otago,normalized_exact,1,NZ-ORI-CENTRAL-OTAGO,NZ,Central Otago,Central Otago,appellation,"Accent, punctuation, whitespace and legal suffixes normalized."
dim_region.csv,South Gippsland,7657,other,,south gippsland,normalized_exact,1,AU-ORI-SOUTH-GIPPSLAND,AU,Victoria,South Gippsland,appellation,"Accent, punctuation, whitespace and legal suffixes normalized."
dim_region.csv,Barolo DOCG,6903,other,,barolo docg,normalized_alias,0.99,IT-ORI-BAROLO,IT,Piemonte,Barolo,appellation,Curated alias normalized to canonical value.
dim_region.csv,St-Emilion,6900,other,,saint emilion,normalized_exact,1,FR-ORI-SAINT-EMILION,FR,Bordeaux,Saint-Émilion,appellation,"Accent, punctuation, whitespace and legal suffixes normalized."
dim_region.csv,Tasmania,6345,other,,tasmania,normalized_exact,1,AU-ORI-TASMANIA,AU,Tasmania,Tasmania,appellation,"Accent, punctuation, whitespace and legal suffixes normalized."
dim_region.csv,Western Australia,6272,other,,western australia,normalized_exact,1,AU-ORI-WESTERN-AUSTRALIA,AU,Western Australia,Western Australia,appellation,"Accent, punctuation, whitespace and legal suffixes normalized."
dim_region.csv,Gevrey-Chambertin,6259,other,,gevrey chambertin,normalized_exact,1,FR-ORI-GEVREY-CHAMBERTIN,FR,Bourgogne,Gevrey-Chambertin,appellation,"Accent, punctuation, whitespace and legal suffixes normalized."
dim_region.csv,Great Southern,6156,other,,great southern,normalized_exact,1,AU-ORI-GREAT-SOUTHERN,AU,Western Australia,Great Southern,appellation,"Accent, punctuation, whitespace and legal suffixes normalized."
dim_region.csv,Riverina,6064,other,,riverina,normalized_exact,1,AU-ORI-RIVERINA,AU,New South Wales,Riverina,appellation,"Accent, punctuation, whitespace and legal suffixes normalized."
dim_region.csv,Australia,5876,other,,australia,normalized_alias,0.99,AU-COUNTRY,AU,,,country,Curated alias normalized to canonical value.
dim_region.csv,Frankland River,5776,other,,frankland river,normalized_exact,1,AU-ORI-FRANKLAND-RIVER,AU,Western Australia,Frankland River,appellation,"Accent, punctuation, whitespace and legal suffixes normalized."
dim_region.csv,Victoria,4978,other,,victoria,normalized_exact,1,AU-ORI-VICTORIA,AU,Victoria,Victoria,appellation,"Accent, punctuation, whitespace and legal suffixes normalized."
dim_region.csv,Macedon Ranges,4754,other,,macedon ranges,normalized_exact,1,AU-ORI-MACEDON-RANGES,AU,Victoria,Macedon Ranges,appellation,"Accent, punctuation, whitespace and legal suffixes normalized."
dim_region.csv,St-Estephe,4500,other,,saint estephe,normalized_exact,1,FR-ORI-SAINT-ESTEPHE,FR,Bordeaux,Saint-Estèphe,appellation,"Accent, punctuation, whitespace and legal suffixes normalized."
dim_region.csv,Nagambie Lakes,4476,other,,nagambie lakes,normalized_exact,1,AU-ORI-NAGAMBIE-LAKES,AU,Victoria,Nagambie Lakes,appellation,"Accent, punctuation, whitespace and legal suffixes normalized."
dim_region.csv,Martinborough,4330,other,,martinborough,normalized_exact,1,NZ-ORI-MARTINBOROUGH,NZ,Wairarapa,Martinborough,appellation,"Accent, punctuation, whitespace and legal suffixes normalized."
dim_region.csv,Hawkes Bay,4194,other,,hawkes bay,normalized_alias,0.99,NZ-ORI-HAWKE-S-BAY,NZ,Hawke's Bay,Hawke's Bay,appellation,Curated alias normalized to canonical value.
dim_region.csv,Bordeaux,3916,idealwine,,bordeaux,normalized_exact,1,FR-ORI-BORDEAUX,FR,Bordeaux,Bordeaux,appellation,"Accent, punctuation, whitespace and legal suffixes normalized."
dim_region.csv,Vosne-Romanee,3628,other,,vosne romanee,normalized_exact,1,FR-ORI-VOSNE-ROMANEE,FR,Bourgogne,Vosne-Romanée,appellation,"Accent, punctuation, whitespace and legal suffixes normalized."
dim_region.csv,Nuits-St-Georges,3592,other,,nuits saint georges,normalized_exact,1,FR-ORI-NUITS-SAINT-GEORGES,FR,Bourgogne,Nuits-Saint-Georges,appellation,"Accent, punctuation, whitespace and legal suffixes normalized."
dim_region.csv,Bendigo,3553,other,,bendigo,normalized_exact,1,AU-ORI-BENDIGO,AU,Victoria,Bendigo,appellation,"Accent, punctuation, whitespace and legal suffixes normalized."
dim_region.csv,Padthaway,3449,other,,padthaway,normalized_exact,1,AU-ORI-PADTHAWAY,AU,South Australia,Padthaway,appellation,"Accent, punctuation, whitespace and legal suffixes normalized."
dim_region.csv,Southern Tasmania,3440,other,,southern tasmania,normalized_exact,1,AU-REG-SOUTHERN-TASMANIA,AU,Southern Tasmania,,region,"Accent, punctuation, whitespace and legal suffixes normalized."
dim_region.csv,Adelaide,3382,other,,adelaide,normalized_exact,1,AU-ORI-ADELAIDE,AU,South Australia,Adelaide,appellation,"Accent, punctuation, whitespace and legal suffixes normalized."
dim_region.csv,Mudgee,3289,other,,mudgee,normalized_exact,1,AU-ORI-MUDGEE,AU,New South Wales,Mudgee,appellation,"Accent, punctuation, whitespace and legal suffixes normalized."
dim_region.csv,Mosel-Saar-Ruwer,3182,other,,mosel saar ruwer,normalized_alias,0.99,DE-ORI-MOSEL,DE,Mosel,Mosel,appellation,Curated alias normalized to canonical value.
dim_region.csv,South Eastern Australia,3171,other,,south eastern australia,normalized_exact,1,AU-ORI-SOUTH-EASTERN-AUSTRALIA,AU,South Australia,South Eastern Australia,appellation,"Accent, punctuation, whitespace and legal suffixes normalized."
dim_region.csv,Mount Barker,3151,other,,mount barker,normalized_exact,1,AU-ORI-MOUNT-BARKER,AU,Western Australia,Mount Barker,appellation,"Accent, punctuation, whitespace and legal suffixes normalized."
dim_region.csv,Oporto,3060,other,,oporto,normalized_alias,0.99,PT-ORI-PORTO,PT,Porto,Porto,appellation,Curated alias normalized to canonical value.
dim_region.csv,Henty,2884,other,,henty,normalized_exact,1,AU-ORI-HENTY,AU,Victoria,Henty,appellation,"Accent, punctuation, whitespace and legal suffixes normalized."
dim_region.csv,Northern Tasmania,2693,other,,northern tasmania,normalized_exact,1,AU-REG-NORTHERN-TASMANIA,AU,Northern Tasmania,,region,"Accent, punctuation, whitespace and legal suffixes normalized."
dim_region.csv,Sunbury,2585,other,,sunbury,normalized_exact,1,AU-ORI-SUNBURY,AU,Victoria,Sunbury,appellation,"Accent, punctuation, whitespace and legal suffixes normalized."
dim_region.csv,Puligny-Montrachet,2549,other,,puligny montrachet,normalized_exact,1,FR-ORI-PULIGNY-MONTRACHET,FR,Bourgogne,Puligny-Montrachet,appellation,"Accent, punctuation, whitespace and legal suffixes normalized."
dim_region.csv,Sauternes-Barsac,2546,other,,sauternes barsac,ambiguous_requires_context,0,,,,,,Compound auction label contains 2 distinct curated targets.
dim_region.csv,King Valley,2516,other,,king valley,normalized_exact,1,AU-ORI-KING-VALLEY,AU,Victoria,King Valley,appellation,"Accent, punctuation, whitespace and legal suffixes normalized."
dim_region.csv,Volnay,2293,other,,volnay,normalized_exact,1,FR-ORI-VOLNAY,FR,Bourgogne,Volnay,appellation,"Accent, punctuation, whitespace and legal suffixes normalized."
dim_region.csv,Barbaresco DOCG,2267,other,,barbaresco docg,normalized_alias,0.99,IT-ORI-BARBARESCO,IT,Piemonte,Barbaresco,appellation,Curated alias normalized to canonical value.
dim_region.csv,Orange,2227,other,,orange,normalized_exact,1,AU-ORI-ORANGE,AU,New South Wales,Orange,appellation,"Accent, punctuation, whitespace and legal suffixes normalized."
dim_region.csv,Kangaroo Island,2216,other,,kangaroo island,normalized_exact,1,AU-ORI-KANGAROO-ISLAND,AU,South Australia,Kangaroo Island,appellation,"Accent, punctuation, whitespace and legal suffixes normalized."
dim_region.csv,Scotland,2155,other,,scotland,excluded_non_wine_origin,1,,,,,,"Blend placeholder, unknown value, or spirits/non-wine geography outside this wine-origin reference."
dim_region.csv,Coal River Valley Tasmania,2127,other,,coal river valley tasmania,normalized_exact,1,AU-REG-COAL-RIVER-VALLEY-TASMANIA,AU,Coal River Valley Tasmania,,region,"Accent, punctuation, whitespace and legal suffixes normalized."
dim_region.csv,Barolo,2108,other,,barolo,normalized_exact,1,IT-ORI-BAROLO,IT,Piemonte,Barolo,appellation,"Accent, punctuation, whitespace and legal suffixes normalized."
dim_region.csv,Macedon,2080,other,,macedon,normalized_alias,0.99,AU-ORI-MACEDON-RANGES,AU,Victoria,Macedon Ranges,appellation,Curated alias normalized to canonical value.
dim_region.csv,Pemberton,1996,other,,pemberton,normalized_exact,1,AU-ORI-PEMBERTON,AU,Western Australia,Pemberton,appellation,"Accent, punctuation, whitespace and legal suffixes normalized."
dim_region.csv,Meursault,1952,other,,meursault,normalized_exact,1,FR-ORI-MEURSAULT,FR,Bourgogne,Meursault,appellation,"Accent, punctuation, whitespace and legal suffixes normalized."
dim_region.csv,Toscana IGT,1734,other,,toscana igt,normalized_alias,0.99,IT-ORI-TOSCANA,IT,Toscana,Toscana,appellation,Curated alias normalized to canonical value.
dim_region.csv,Great Western,1711,other,,great western,normalized_exact,1,AU-ORI-GREAT-WESTERN,AU,Victoria,Great Western,appellation,"Accent, punctuation, whitespace and legal suffixes normalized."
dim_region.csv,Glenrowan,1666,other,,glenrowan,normalized_exact,1,AU-ORI-GLENROWAN,AU,Victoria,Glenrowan,appellation,"Accent, punctuation, whitespace and legal suffixes normalized."
dim_region.csv,Central Ranges,1653,other,,central ranges,normalized_exact,1,AU-ORI-CENTRAL-RANGES,AU,New South Wales,Central Ranges,appellation,"Accent, punctuation, whitespace and legal suffixes normalized."
dim_region.csv,Brunello di Montalcino DOCG,1638,other,,brunello di montalcino docg,normalized_alias,0.99,IT-ORI-BRUNELLO-DI-MONTALCINO,IT,Toscana,Brunello di Montalcino,appellation,Curated alias normalized to canonical value.
dim_region.csv,Bourgogne Rouge,1637,other,,bourgogne rouge,normalized_alias,0.99,FR-ORI-BOURGOGNE,FR,Bourgogne,Bourgogne,appellation,Curated alias normalized to canonical value.
dim_region.csv,Watervale,1614,other,,watervale,normalized_alias,0.99,AU-ORI-CLARE-VALLEY,AU,South Australia,Clare Valley,appellation,Curated alias normalized to canonical value.
dim_region.csv,Napa Valley,1600,other,,napa valley,normalized_exact,1,US-REG-NAPA-VALLEY,US,Napa Valley,,region,"Accent, punctuation, whitespace and legal suffixes normalized."
dim_region.csv,Douro,1595,other,,douro,normalized_exact,1,PT-ORI-DOURO,PT,Douro,Douro,appellation,"Accent, punctuation, whitespace and legal suffixes normalized."
dim_region.csv,Multi Area Blend,1587,other,,multi area blend,excluded_non_wine_origin,1,,,,,,"Blend placeholder, unknown value, or spirits/non-wine geography outside this wine-origin reference."
dim_region.csv,Echezeaux,1535,other,,echezeaux,normalized_exact,1,FR-ORI-ECHEZEAUX,FR,Bourgogne,Échezeaux,appellation,"Accent, punctuation, whitespace and legal suffixes normalized."
dim_region.csv,Morey-St-Denis,1531,other,,morey saint denis,normalized_exact,1,FR-ORI-MOREY-SAINT-DENIS,FR,Bourgogne,Morey-Saint-Denis,appellation,"Accent, punctuation, whitespace and legal suffixes normalized."
dim_region.csv,Gippsland,1498,other,,gippsland,normalized_exact,1,AU-ORI-GIPPSLAND,AU,Victoria,Gippsland,appellation,"Accent, punctuation, whitespace and legal suffixes normalized."
dim_region.csv,Pommard,1474,other,,pommard,normalized_exact,1,FR-ORI-POMMARD,FR,Bourgogne,Pommard,appellation,"Accent, punctuation, whitespace and legal suffixes normalized."
dim_region.csv,Alsace,1411,other,,alsace,normalized_exact,1,FR-ORI-ALSACE,FR,Alsace,Alsace,appellation,"Accent, punctuation, whitespace and legal suffixes normalized."
dim_region.csv,Goulburn Valley,1401,other,,goulburn valley,normalized_exact,1,AU-ORI-GOULBURN-VALLEY,AU,Victoria,Goulburn Valley,appellation,"Accent, punctuation, whitespace and legal suffixes normalized."
dim_region.csv,Lenswood,1365,other,,lenswood,normalized_exact,1,AU-ORI-LENSWOOD,AU,South Australia,Lenswood,appellation,"Accent, punctuation, whitespace and legal suffixes normalized."
dim_region.csv,Rioja,1256,other,,rioja,normalized_exact,1,ES-ORI-RIOJA,ES,Rioja,Rioja,appellation,"Accent, punctuation, whitespace and legal suffixes normalized."
dim_region.csv,Derwent Valley,1242,other,,derwent valley,normalized_exact,1,AU-REG-DERWENT-VALLEY,AU,Derwent Valley,,region,"Accent, punctuation, whitespace and legal suffixes normalized."
dim_region.csv,Limestone Coast,1237,other,,limestone coast,normalized_exact,1,AU-ORI-LIMESTONE-COAST,AU,South Australia,Limestone Coast,appellation,"Accent, punctuation, whitespace and legal suffixes normalized."
dim_region.csv,Wrattonbully,1226,other,,wrattonbully,normalized_exact,1,AU-ORI-WRATTONBULLY,AU,South Australia,Wrattonbully,appellation,"Accent, punctuation, whitespace and legal suffixes normalized."
dim_region.csv,Ribera del Duero,1218,other,,ribera del duero,normalized_exact,1,ES-ORI-RIBERA-DEL-DUERO,ES,Castilla y León,Ribera del Duero,appellation,"Accent, punctuation, whitespace and legal suffixes normalized."
dim_region.csv,Eastern Tasmania,1193,other,,eastern tasmania,normalized_exact,1,AU-REG-EASTERN-TASMANIA,AU,Eastern Tasmania,,region,"Accent, punctuation, whitespace and legal suffixes normalized."
dim_region.csv,Scozia - Whisky,1156,other,,scozia whisky,excluded_non_wine_origin,1,,,,,,"Blend placeholder, unknown value, or spirits/non-wine geography outside this wine-origin reference."
dim_region.csv,France,1127,other,,france,normalized_alias,0.99,FR-COUNTRY,FR,,,country,Curated alias normalized to canonical value.
dim_region.csv,Savigny-les-Beaune,1097,other,,savigny les beaune,normalized_exact,1,FR-ORI-SAVIGNY-LES-BEAUNE,FR,Bourgogne,Savigny-lès-Beaune,appellation,"Accent, punctuation, whitespace and legal suffixes normalized."
dim_region.csv,Italy,1090,other,,italy,normalized_alias,0.99,IT-COUNTRY,IT,,,country,Curated alias normalized to canonical value.
dim_region.csv,Milawa,1088,other,,milawa,normalized_alias,0.99,AU-ORI-KING-VALLEY,AU,Victoria,King Valley,appellation,Curated alias normalized to canonical value.
dim_region.csv,Rheinhessen,1082,other,,rheinhessen,normalized_exact,1,DE-ORI-RHEINHESSEN,DE,Rheinhessen,Rheinhessen,appellation,"Accent, punctuation, whitespace and legal suffixes normalized."
dim_region.csv,Francia - Borgogna,1081,other,,francia borgogna,curated_compound_to_specific,0.97,FR-ORI-BOURGOGNE,FR,Bourgogne,Bourgogne,appellation,Compound auction label contains a unique or hierarchically most specific curated target.
dim_region.csv,Langhe DOC,1053,other,,langhe doc,normalized_alias,0.99,IT-ORI-LANGHE,IT,Piemonte,Langhe,appellation,Curated alias normalized to canonical value.
dim_region.csv,Unknown,1049,other,,unknown,excluded_non_wine_origin,1,,,,,,"Blend placeholder, unknown value, or spirits/non-wine geography outside this wine-origin reference."
dim_region.csv,Coal River Valley,1023,other,,coal river valley,normalized_exact,1,AU-ORI-COAL-RIVER-VALLEY,AU,Tasmania,Coal River Valley,appellation,"Accent, punctuation, whitespace and legal suffixes normalized."
dim_region.csv,Bourgogne Blanc,1019,other,,bourgogne blanc,normalized_alias,0.99,FR-ORI-BOURGOGNE,FR,Bourgogne,Bourgogne,appellation,Curated alias normalized to canonical value.
dim_region.csv,Martinborough/Waiparapa,972,other,,martinborough waiparapa,curated_compound_to_specific,0.97,NZ-ORI-MARTINBOROUGH,NZ,Wairarapa,Martinborough,appellation,Compound auction label contains a unique or hierarchically most specific curated target.
dim_region.csv,Pfalz,972,other,,pfalz,normalized_exact,1,DE-ORI-PFALZ,DE,Pfalz,Pfalz,appellation,"Accent, punctuation, whitespace and legal suffixes normalized."
dim_region.csv,Cantenac-Margaux,958,other,,cantenac margaux,normalized_alias,0.99,FR-ORI-MARGAUX,FR,Bordeaux,Margaux,appellation,Curated alias normalized to canonical value.
dim_region.csv,Riverland,920,other,,riverland,normalized_exact,1,AU-ORI-RIVERLAND,AU,South Australia,Riverland,appellation,"Accent, punctuation, whitespace and legal suffixes normalized."
dim_region.csv,Hilltops,911,other,,hilltops,normalized_exact,1,AU-ORI-HILLTOPS,AU,New South Wales,Hilltops,appellation,"Accent, punctuation, whitespace and legal suffixes normalized."
dim_region.csv,New South Wales,896,other,,new south wales,normalized_exact,1,AU-ORI-NEW-SOUTH-WALES,AU,New South Wales,New South Wales,appellation,"Accent, punctuation, whitespace and legal suffixes normalized."
dim_region.csv,Central Victoria,895,other,,central victoria,normalized_exact,1,AU-ORI-CENTRAL-VICTORIA,AU,Victoria,Central Victoria,appellation,"Accent, punctuation, whitespace and legal suffixes normalized."
dim_region.csv,Martinborough/Wairarapa,889,other,,martinborough wairarapa,curated_compound_to_specific,0.97,NZ-ORI-MARTINBOROUGH,NZ,Wairarapa,Martinborough,appellation,Compound auction label contains a unique or hierarchically most specific curated target.
dim_region.csv,Toscana,876,other,,toscana,normalized_exact,1,IT-ORI-TOSCANA,IT,Toscana,Toscana,appellation,"Accent, punctuation, whitespace and legal suffixes normalized."
dim_region.csv,Chianti Classico,867,other,,chianti classico,normalized_exact,1,IT-ORI-CHIANTI-CLASSICO,IT,Toscana,Chianti Classico,appellation,"Accent, punctuation, whitespace and legal suffixes normalized."
dim_region.csv,Francia - Champagne,858,other,,francia champagne,curated_compound_to_specific,0.97,FR-ORI-CHAMPAGNE,FR,Champagne,Champagne,appellation,Compound auction label contains a unique or hierarchically most specific curated target.
dim_region.csv,Fleurieu Peninsula,853,other,,fleurieu peninsula,curated_compound_to_specific,0.97,AU-ORI-FLEURIEU,AU,South Australia,Fleurieu,appellation,Compound auction label contains a unique or hierarchically most specific curated target.
dim_region.csv,Tumbarumba,853,other,,tumbarumba,normalized_exact,1,AU-ORI-TUMBARUMBA,AU,New South Wales,Tumbarumba,appellation,"Accent, punctuation, whitespace and legal suffixes normalized."
dim_region.csv,Coonawarra-Kalimna,851,other,,coonawarra kalimna,ambiguous_requires_context,0,,,,,,Compound auction label contains 2 distinct curated targets.
dim_region.csv,Rheingau,844,other,,rheingau,normalized_exact,1,DE-ORI-RHEINGAU,DE,Rheingau,Rheingau,appellation,"Accent, punctuation, whitespace and legal suffixes normalized."
dim_region.csv,Geographe W.A.,843,other,,geographe w a,normalized_alias,0.99,AU-ORI-GEOGRAPHE,AU,Western Australia,Geographe,appellation,Curated alias normalized to canonical value.
dim_region.csv,Vouvray,842,other,,vouvray,normalized_exact,1,FR-ORI-VOUVRAY,FR,Loire Valley,Vouvray,appellation,"Accent, punctuation, whitespace and legal suffixes normalized."
dim_region.csv,Musigny,831,other,,musigny,normalized_exact,1,FR-ORI-MUSIGNY,FR,Bourgogne,Musigny,appellation,"Accent, punctuation, whitespace and legal suffixes normalized."
dim_region.csv,Ribeauville,793,other,,ribeauville,normalized_exact,1,FR-REG-RIBEAUVILLE,FR,Ribeauvillé,,region,"Accent, punctuation, whitespace and legal suffixes normalized."
dim_region.csv,St-Joseph,787,other,,saint joseph,normalized_exact,1,FR-ORI-SAINT-JOSEPH,FR,Vallée du Rhône,Saint-Joseph,appellation,"Accent, punctuation, whitespace and legal suffixes normalized."
dim_region.csv,Francia - Bordeaux,779,other,,francia bordeaux,curated_compound_to_specific,0.97,FR-ORI-BORDEAUX,FR,Bordeaux,Bordeaux,appellation,Compound auction label contains a unique or hierarchically most specific curated target.
dim_region.csv,Piccadilly Valley,734,other,,piccadilly valley,normalized_exact,1,AU-ORI-PICCADILLY-VALLEY,AU,South Australia,Piccadilly Valley,appellation,"Accent, punctuation, whitespace and legal suffixes normalized."
dim_region.csv,Japan,727,other,,japan,out_of_scope_requires_extension,1,,,,,,Recognizable country or region outside the 21-country scope selected for v1.
dim_region.csv,Granite Belt,723,other,,granite belt,normalized_exact,1,AU-ORI-GRANITE-BELT,AU,Queensland,Granite Belt,appellation,"Accent, punctuation, whitespace and legal suffixes normalized."
dim_region.csv,Grands-Echezeaux,713,other,,grands echezeaux,normalized_exact,1,FR-ORI-GRANDS-ECHEZEAUX,FR,Bourgogne,Grands Échezeaux,appellation,"Accent, punctuation, whitespace and legal suffixes normalized."
dim_region.csv,Chianti Classico DOCG,712,other,,chianti classico docg,normalized_alias,0.99,IT-ORI-CHIANTI-CLASSICO,IT,Toscana,Chianti Classico,appellation,Curated alias normalized to canonical value.
dim_region.csv,Romanee-St-Vivant,703,other,,romanee saint vivant,normalized_exact,1,FR-ORI-ROMANEE-SAINT-VIVANT,FR,Bourgogne,Romanée-Saint-Vivant,appellation,"Accent, punctuation, whitespace and legal suffixes normalized."
dim_region.csv,Sancerre,700,other,,sancerre,normalized_exact,1,FR-ORI-SANCERRE,FR,Loire Valley,Sancerre,appellation,"Accent, punctuation, whitespace and legal suffixes normalized."
dim_region.csv,Bolgheri DOC,684,other,,bolgheri doc,normalized_alias,0.99,IT-ORI-BOLGHERI,IT,Toscana,Bolgheri,appellation,Curated alias normalized to canonical value.
dim_region.csv,Coonawarra-Barossa Valley,681,other,,coonawarra barossa valley,ambiguous_requires_context,0,,,,,,Compound auction label contains 3 distinct curated targets.
dim_region.csv,Central Victorian Mountain Country,680,other,,central victorian mountain country,normalized_exact,1,AU-REG-CENTRAL-VICTORIAN-MOUNTAIN-COUNTRY,AU,Central Victorian Mountain Country,,region,"Accent, punctuation, whitespace and legal suffixes normalized."
dim_region.csv,Vin de Pays d'Oc,674,other,,vin de pays d oc,curated_compound_to_specific,0.97,FR-ORI-PAYS-D-OC,FR,Languedoc-Roussillon,Pays d'Oc,appellation,Compound auction label contains a unique or hierarchically most specific curated target.
dim_region.csv,Murray Darling,665,other,,murray darling,normalized_exact,1,AU-ORI-MURRAY-DARLING,AU,Victoria/New South Wales,Murray Darling,appellation,"Accent, punctuation, whitespace and legal suffixes normalized."
dim_region.csv,Toscana  - Super Tuscan,665,other,,toscana super tuscan,curated_compound_to_specific,0.97,IT-ORI-TOSCANA,IT,Toscana,Toscana,appellation,Compound auction label contains a unique or hierarchically most specific curated target.
dim_region.csv,Barbaresco,660,other,,barbaresco,normalized_exact,1,IT-ORI-BARBARESCO,IT,Piemonte,Barbaresco,appellation,"Accent, punctuation, whitespace and legal suffixes normalized."
dim_region.csv,Richebourg,654,other,,richebourg,normalized_exact,1,FR-ORI-RICHEBOURG,FR,Bourgogne,Richebourg,appellation,"Accent, punctuation, whitespace and legal suffixes normalized."
dim_region.csv,Cognac,637,other,,cognac,excluded_non_wine_origin,1,,,,,,"Blend placeholder, unknown value, or spirits/non-wine geography outside this wine-origin reference."
dim_region.csv,Morgon,630,other,,morgon,normalized_exact,1,FR-ORI-MORGON,FR,Beaujolais,Morgon,appellation,"Accent, punctuation, whitespace and legal suffixes normalized."
dim_region.csv,Tamar Valley,618,other,,tamar valley,normalized_exact,1,AU-ORI-TAMAR-VALLEY,AU,Tasmania,Tamar Valley,appellation,"Accent, punctuation, whitespace and legal suffixes normalized."
dim_region.csv,Piemonte - Barolo,612,other,,piemonte barolo,curated_compound_to_specific,0.97,IT-ORI-BAROLO,IT,Piemonte,Barolo,appellation,Compound auction label contains a unique or hierarchically most specific curated target.
dim_region.csv,Murrumbateman,608,other,,murrumbateman,normalized_alias,0.99,AU-ORI-CANBERRA-DISTRICT,AU,New South Wales,Canberra District,appellation,Curated alias normalized to canonical value.
dim_region.csv,Waipara,606,other,,waipara,normalized_alias,0.99,NZ-ORI-NORTH-CANTERBURY,NZ,North Canterbury,North Canterbury,appellation,Curated alias normalized to canonical value.
dim_region.csv,La Rioja DOCa,603,other,,la rioja doca,curated_compound_to_specific,0.97,ES-ORI-RIOJA,ES,Rioja,Rioja,appellation,Compound auction label contains a unique or hierarchically most specific curated target.
dim_region.csv,La Tache,601,other,,la tache,normalized_exact,1,FR-ORI-LA-TACHE,FR,Bourgogne,La Tâche,appellation,"Accent, punctuation, whitespace and legal suffixes normalized."
dim_region.csv,Cotes de Francs,599,other,,cotes de francs,normalized_alias,0.99,FR-ORI-FRANCS-COTES-DE-BORDEAUX,FR,Bordeaux,Francs Côtes de Bordeaux,appellation,Curated alias normalized to canonical value.
dim_region.csv,Huon Valley,591,other,,huon valley,normalized_exact,1,AU-REG-HUON-VALLEY,AU,Huon Valley,,region,"Accent, punctuation, whitespace and legal suffixes normalized."
dim_region.csv,Penedes,576,other,,penedes,normalized_exact,1,ES-ORI-PENEDES,ES,Catalunya,Penedès,appellation,"Accent, punctuation, whitespace and legal suffixes normalized."
dim_region.csv,Strathbogie Ranges,576,other,,strathbogie ranges,normalized_exact,1,AU-ORI-STRATHBOGIE-RANGES,AU,Victoria,Strathbogie Ranges,appellation,"Accent, punctuation, whitespace and legal suffixes normalized."
dim_region.csv,Canterbury,573,other,,canterbury,normalized_exact,1,NZ-ORI-CANTERBURY,NZ,Canterbury,Canterbury,appellation,"Accent, punctuation, whitespace and legal suffixes normalized."
dim_region.csv,Porongurup,570,other,,porongurup,normalized_exact,1,AU-ORI-PORONGURUP,AU,Western Australia,Porongurup,appellation,"Accent, punctuation, whitespace and legal suffixes normalized."
dim_region.csv, Italia - Barolo,569,other,,italia barolo,curated_compound_to_specific,0.97,IT-ORI-BAROLO,IT,Piemonte,Barolo,appellation,Compound auction label contains a unique or hierarchically most specific curated target.
dim_region.csv,Meursault-Charmes,565,other,,meursault charmes,curated_compound_to_specific,0.97,FR-ORI-MEURSAULT,FR,Bourgogne,Meursault,appellation,Compound auction label contains a unique or hierarchically most specific curated target.
dim_region.csv,Mt Benson,564,other,,mt benson,normalized_alias,0.99,AU-ORI-MOUNT-BENSON,AU,South Australia,Mount Benson,appellation,Curated alias normalized to canonical value.
dim_region.csv,Bandol,562,other,,bandol,normalized_exact,1,FR-ORI-BANDOL,FR,Provence,Bandol,appellation,"Accent, punctuation, whitespace and legal suffixes normalized."
dim_region.csv,Mendoza,542,other,,mendoza,normalized_exact,1,AR-ORI-MENDOZA,AR,Mendoza,Mendoza,appellation,"Accent, punctuation, whitespace and legal suffixes normalized."
dim_region.csv,Veneto,539,other,,veneto,normalized_exact,1,IT-ORI-VENETO,IT,Veneto,Veneto,appellation,"Accent, punctuation, whitespace and legal suffixes normalized."
dim_region.csv,Nelson,536,other,,nelson,normalized_exact,1,NZ-ORI-NELSON,NZ,Nelson,Nelson,appellation,"Accent, punctuation, whitespace and legal suffixes normalized."
dim_region.csv,Swan District,534,other,,swan district,normalized_exact,1,AU-ORI-SWAN-DISTRICT,AU,Western Australia,Swan District,appellation,"Accent, punctuation, whitespace and legal suffixes normalized."
dim_region.csv,Adelaide Plains,531,other,,adelaide plains,normalized_exact,1,AU-ORI-ADELAIDE-PLAINS,AU,South Australia,Adelaide Plains,appellation,"Accent, punctuation, whitespace and legal suffixes normalized."
dim_region.csv,Chianti,513,other,,chianti,normalized_exact,1,IT-ORI-CHIANTI,IT,Toscana,Chianti,appellation,"Accent, punctuation, whitespace and legal suffixes normalized."
dim_region.csv,Barbera d'Alba,511,other,,barbera d alba,normalized_exact,1,IT-ORI-BARBERA-D-ALBA,IT,Piemonte,Barbera d'Alba,appellation,"Accent, punctuation, whitespace and legal suffixes normalized."
dim_region.csv,Denmark,507,other,,denmark,normalized_exact,1,AU-ORI-DENMARK,AU,Western Australia,Denmark,appellation,"Accent, punctuation, whitespace and legal suffixes normalized."
dim_region.csv,Nahe,504,other,,nahe,normalized_exact,1,DE-ORI-NAHE,DE,Nahe,Nahe,appellation,"Accent, punctuation, whitespace and legal suffixes normalized."
dim_region.csv, Italia - Super Tuscan,501,other,,italia super tuscan,curated_compound_to_specific,0.97,IT-COUNTRY,IT,,,country,Compound auction label contains a unique or hierarchically most specific curated target.
dim_region.csv,Mercurey,488,other,,mercurey,normalized_exact,1,FR-ORI-MERCUREY,FR,Bourgogne,Mercurey,appellation,"Accent, punctuation, whitespace and legal suffixes normalized."
dim_region.csv,Auckland,485,other,,auckland,normalized_exact,1,NZ-ORI-AUCKLAND,NZ,Auckland,Auckland,appellation,"Accent, punctuation, whitespace and legal suffixes normalized."
dim_region.csv,Waiheke Island,481,other,,waiheke island,normalized_exact,1,NZ-ORI-WAIHEKE-ISLAND,NZ,Auckland,Waiheke Island,appellation,"Accent, punctuation, whitespace and legal suffixes normalized."
dim_region.csv,Dolcetto d'Alba,468,other,,dolcetto d alba,normalized_exact,1,IT-ORI-DOLCETTO-D-ALBA,IT,Piemonte,Dolcetto d'Alba,appellation,"Accent, punctuation, whitespace and legal suffixes normalized."
dim_region.csv,New Zealand,460,other,,new zealand,normalized_alias,0.99,NZ-COUNTRY,NZ,,,country,Curated alias normalized to canonical value.
dim_region.csv,Cotes de Provence,459,other,,cotes de provence,normalized_exact,1,FR-ORI-COTES-DE-PROVENCE,FR,Provence,Côtes de Provence,appellation,"Accent, punctuation, whitespace and legal suffixes normalized."
dim_region.csv,North East Victoria,458,other,,north east victoria,normalized_exact,1,AU-ORI-NORTH-EAST-VICTORIA,AU,Victoria,North East Victoria,appellation,"Accent, punctuation, whitespace and legal suffixes normalized."
dim_region.csv,Barbera d'Alba DOC,447,other,,barbera d alba doc,normalized_alias,0.99,IT-ORI-BARBERA-D-ALBA,IT,Piemonte,Barbera d'Alba,appellation,Curated alias normalized to canonical value.
dim_region.csv,Mosel,444,other,,mosel,normalized_exact,1,DE-ORI-MOSEL,DE,Mosel,Mosel,appellation,"Accent, punctuation, whitespace and legal suffixes normalized."
dim_region.csv,Tuscany,442,other,,tuscany,normalized_alias,0.99,IT-ORI-TOSCANA,IT,Toscana,Toscana,appellation,Curated alias normalized to canonical value.
dim_region.csv,Brunello di Montalcino,436,other,,brunello di montalcino,normalized_exact,1,IT-ORI-BRUNELLO-DI-MONTALCINO,IT,Toscana,Brunello di Montalcino,appellation,"Accent, punctuation, whitespace and legal suffixes normalized."
dim_region.csv,Santenay,436,other,,santenay,normalized_exact,1,FR-ORI-SANTENAY,FR,Bourgogne,Santenay,appellation,"Accent, punctuation, whitespace and legal suffixes normalized."
dim_region.csv,Sonoma,427,other,,sonoma,normalized_alias,0.99,US-ORI-SONOMA-COUNTY,US,California,Sonoma County,appellation,Curated alias normalized to canonical value.
dim_region.csv,Bundaberg,420,other,,bundaberg,normalized_exact,1,AU-REG-BUNDABERG,AU,Bundaberg,,region,"Accent, punctuation, whitespace and legal suffixes normalized."
dim_region.csv,Priorat,418,other,,priorat,normalized_exact,1,ES-ORI-PRIORAT,ES,Catalunya,Priorat,appellation,"Accent, punctuation, whitespace and legal suffixes normalized."
dim_region.csv,Multi Region Blend,414,other,,multi region blend,excluded_non_wine_origin,1,,,,,,"Blend placeholder, unknown value, or spirits/non-wine geography outside this wine-origin reference."
dim_region.csv,Southern New South Wales,407,other,,southern new south wales,normalized_exact,1,AU-ORI-SOUTHERN-NEW-SOUTH-WALES,AU,New South Wales,Southern New South Wales,appellation,"Accent, punctuation, whitespace and legal suffixes normalized."
dim_region.csv, Italia - Brunello di Montalcino,402,other,,italia brunello di montalcino,curated_compound_to_specific,0.97,IT-ORI-BRUNELLO-DI-MONTALCINO,IT,Toscana,Brunello di Montalcino,appellation,Compound auction label contains a unique or hierarchically most specific curated target.
dim_region.csv,Piemonte,400,other,,piemonte,normalized_exact,1,IT-ORI-PIEMONTE,IT,Piemonte,Piemonte,appellation,"Accent, punctuation, whitespace and legal suffixes normalized."
dim_region.csv,Kentucky,379,other,,kentucky,excluded_non_wine_origin,1,,,,,,"Blend placeholder, unknown value, or spirits/non-wine geography outside this wine-origin reference."
dim_region.csv,Mazis-Chambertin,376,other,,mazis chambertin,normalized_exact,1,FR-ORI-MAZIS-CHAMBERTIN,FR,Bourgogne,Mazis-Chambertin,appellation,"Accent, punctuation, whitespace and legal suffixes normalized."
dim_region.csv,The Highlands,376,other,,the highlands,excluded_non_wine_origin,1,,,,,,"Blend placeholder, unknown value, or spirits/non-wine geography outside this wine-origin reference."
dim_region.csv,Langhe,367,other,,langhe,normalized_exact,1,IT-ORI-LANGHE,IT,Piemonte,Langhe,appellation,"Accent, punctuation, whitespace and legal suffixes normalized."
dim_region.csv,Jerez-Xeres-Sherry,364,other,,jerez xeres sherry,normalized_exact,1,ES-ORI-JEREZ-XERES-SHERRY,ES,Andalucía,Jerez-Xérès-Sherry,appellation,"Accent, punctuation, whitespace and legal suffixes normalized."
dim_region.csv,Corbieres,361,other,,corbieres,normalized_exact,1,FR-ORI-CORBIERES,FR,Languedoc-Roussillon,Corbières,appellation,"Accent, punctuation, whitespace and legal suffixes normalized."
dim_region.csv,California,358,other,,california,normalized_exact,1,US-ORI-CALIFORNIA,US,California,California,appellation,"Accent, punctuation, whitespace and legal suffixes normalized."
dim_region.csv,Bordeaux / Pauillac,357,other,,bordeaux pauillac,curated_compound_to_specific,0.97,FR-ORI-PAUILLAC,FR,Bordeaux,Pauillac,appellation,Compound auction label contains a unique or hierarchically most specific curated target.
dim_region.csv,Toro,354,other,,toro,normalized_exact,1,ES-ORI-TORO,ES,Castilla y León,Toro,appellation,"Accent, punctuation, whitespace and legal suffixes normalized."
dim_region.csv,Toscana  - Brunello di Montalcino,349,other,,toscana brunello di montalcino,curated_compound_to_specific,0.97,IT-ORI-BRUNELLO-DI-MONTALCINO,IT,Toscana,Brunello di Montalcino,appellation,Compound auction label contains a unique or hierarchically most specific curated target.
dim_region.csv,Langhorne Creek-McLaren Vale,345,other,,langhorne creek mclaren vale,ambiguous_requires_context,0,,,,,,Compound auction label contains 2 distinct curated targets.
dim_region.csv,Pernand-Vergelesses,342,other,,pernand vergelesses,normalized_exact,1,FR-ORI-PERNAND-VERGELESSES,FR,Bourgogne,Pernand-Vergelesses,appellation,"Accent, punctuation, whitespace and legal suffixes normalized."
dim_region.csv,Pouilly-Fuisse,339,other,,pouilly fuisse,normalized_exact,1,FR-ORI-POUILLY-FUISSE,FR,Bourgogne,Pouilly-Fuissé,appellation,"Accent, punctuation, whitespace and legal suffixes normalized."
dim_region.csv,Stellenbosch,337,other,,stellenbosch,normalized_exact,1,ZA-ORI-STELLENBOSCH,ZA,Coastal Region,Stellenbosch,appellation,"Accent, punctuation, whitespace and legal suffixes normalized."
dim_region.csv,Meursault-Perrieres,336,other,,meursault perrieres,curated_compound_to_specific,0.97,FR-ORI-MEURSAULT,FR,Bourgogne,Meursault,appellation,Compound auction label contains a unique or hierarchically most specific curated target.
dim_region.csv,Moulis,333,other,,moulis,normalized_alias,0.99,FR-ORI-MOULIS-EN-MEDOC,FR,Bordeaux,Moulis-en-Médoc,appellation,Curated alias normalized to canonical value.
dim_region.csv,Wachau,332,other,,wachau,normalized_exact,1,AT-ORI-WACHAU,AT,Niederösterreich,Wachau,appellation,"Accent, punctuation, whitespace and legal suffixes normalized."
dim_region.csv,Minervois,330,other,,minervois,normalized_exact,1,FR-ORI-MINERVOIS,FR,Languedoc-Roussillon,Minervois,appellation,"Accent, punctuation, whitespace and legal suffixes normalized."
dim_region.csv,Chablis AC,329,other,,chablis ac,curated_compound_to_specific,0.97,FR-ORI-CHABLIS,FR,Bourgogne,Chablis,appellation,Compound auction label contains a unique or hierarchically most specific curated target.
dim_region.csv,Pouilly-Fume,328,other,,pouilly fume,normalized_exact,1,FR-ORI-POUILLY-FUME,FR,Loire Valley,Pouilly-Fumé,appellation,"Accent, punctuation, whitespace and legal suffixes normalized."
dim_region.csv,Ruchottes-Chambertin,327,other,,ruchottes chambertin,normalized_exact,1,FR-ORI-RUCHOTTES-CHAMBERTIN,FR,Bourgogne,Ruchottes-Chambertin,appellation,"Accent, punctuation, whitespace and legal suffixes normalized."
dim_region.csv,Moulin-a-Vent,326,other,,moulin a vent,normalized_exact,1,FR-ORI-MOULIN-A-VENT,FR,Beaujolais,Moulin-à-Vent,appellation,"Accent, punctuation, whitespace and legal suffixes normalized."
dim_region.csv,Volnay-Santenots,324,other,,volnay santenots,curated_compound_to_specific,0.97,FR-ORI-VOLNAY,FR,Bourgogne,Volnay,appellation,Compound auction label contains a unique or hierarchically most specific curated target.
dim_region.csv,BOLGHERI Superiore Rosso D.O.C,323,other,,bolgheri superiore rosso d o c,curated_compound_to_specific,0.97,IT-ORI-BOLGHERI,IT,Toscana,Bolgheri,appellation,Compound auction label contains a unique or hierarchically most specific curated target.
dim_region.csv,Puglia,320,other,,puglia,normalized_exact,1,IT-ORI-PUGLIA,IT,Puglia,Puglia,appellation,"Accent, punctuation, whitespace and legal suffixes normalized."
dim_region.csv,Piedmont,312,other,,piedmont,normalized_alias,0.99,IT-ORI-PIEMONTE,IT,Piemonte,Piemonte,appellation,Curated alias normalized to canonical value.
dim_region.csv,Chianti DOCG,311,other,,chianti docg,normalized_alias,0.99,IT-ORI-CHIANTI,IT,Toscana,Chianti,appellation,Curated alias normalized to canonical value.
dim_region.csv,Latricieres-Chambertin,308,other,,latricieres chambertin,normalized_exact,1,FR-ORI-LATRICIERES-CHAMBERTIN,FR,Bourgogne,Latricières-Chambertin,appellation,"Accent, punctuation, whitespace and legal suffixes normalized."
dim_region.csv,Baw Baw Shire,306,other,,baw baw shire,normalized_alias,0.99,AU-ORI-GIPPSLAND,AU,Victoria,Gippsland,appellation,Curated alias normalized to canonical value.
dim_region.csv,Marsannay,305,other,,marsannay,normalized_exact,1,FR-ORI-MARSANNAY,FR,Bourgogne,Marsannay,appellation,"Accent, punctuation, whitespace and legal suffixes normalized."
dim_region.csv,Givry,302,other,,givry,normalized_exact,1,FR-ORI-GIVRY,FR,Bourgogne,Givry,appellation,"Accent, punctuation, whitespace and legal suffixes normalized."
dim_region.csv,Bierzo,296,other,,bierzo,normalized_exact,1,ES-ORI-BIERZO,ES,Castilla y León,Bierzo,appellation,"Accent, punctuation, whitespace and legal suffixes normalized."
dim_region.csv,Burgundy,294,other,,burgundy,normalized_alias,0.99,FR-ORI-BOURGOGNE,FR,Bourgogne,Bourgogne,appellation,Curated alias normalized to canonical value.
dim_region.csv,Southern Highlands,289,other,,southern highlands,normalized_exact,1,AU-ORI-SOUTHERN-HIGHLANDS,AU,New South Wales,Southern Highlands,appellation,"Accent, punctuation, whitespace and legal suffixes normalized."
dim_region.csv,Castilla Y Leon,288,other,,castilla y leon,normalized_exact,1,ES-REG-CASTILLA-Y-LEON,ES,Castilla y León,,region,"Accent, punctuation, whitespace and legal suffixes normalized."
dim_region.csv,Montrachet,287,other,,montrachet,normalized_exact,1,FR-ORI-MONTRACHET,FR,Bourgogne,Montrachet,appellation,"Accent, punctuation, whitespace and legal suffixes normalized."
dim_region.csv,Speyside,286,other,,speyside,excluded_non_wine_origin,1,,,,,,"Blend placeholder, unknown value, or spirits/non-wine geography outside this wine-origin reference."
dim_region.csv,Cotes de Castillon,278,other,,cotes de castillon,normalized_alias,0.99,FR-ORI-CASTILLON-COTES-DE-BORDEAUX,FR,Bordeaux,Castillon Côtes de Bordeaux,appellation,Curated alias normalized to canonical value.
dim_region.csv,Jumilla,278,other,,jumilla,normalized_exact,1,ES-ORI-JUMILLA,ES,Región de Murcia,Jumilla,appellation,"Accent, punctuation, whitespace and legal suffixes normalized."
dim_region.csv,McLaren Vale-Coonawarra,276,other,,mclaren vale coonawarra,ambiguous_requires_context,0,,,,,,Compound auction label contains 2 distinct curated targets.
dim_region.csv,Southern Rhone,276,other,,southern rhone,curated_compound_to_specific,0.97,FR-REG-RHONE-VALLEY,FR,Rhône Valley,,region,Compound auction label contains a unique or hierarchically most specific curated target.
dim_region.csv,Francia - Cognac,274,other,,francia cognac,excluded_non_wine_origin,1,,,,,,"Blend placeholder, unknown value, or spirits/non-wine geography outside this wine-origin reference."
dim_region.csv,Robe,271,other,,robe,normalized_exact,1,AU-ORI-ROBE,AU,South Australia,Robe,appellation,"Accent, punctuation, whitespace and legal suffixes normalized."
dim_region.csv,Salento IGP,268,other,,salento igp,normalized_alias,0.99,IT-ORI-SALENTO,IT,Puglia,Salento,appellation,Curated alias normalized to canonical value.
dim_region.csv,Amarone della Valpolicella DOCG,265,other,,amarone della valpolicella docg,normalized_alias,0.99,IT-ORI-AMARONE-DELLA-VALPOLICELLA,IT,Veneto,Amarone della Valpolicella,appellation,Curated alias normalized to canonical value.
dim_region.csv,Bellarine Peninsula,265,other,,bellarine peninsula,normalized_alias,0.99,AU-ORI-GEELONG,AU,Victoria,Geelong,appellation,Curated alias normalized to canonical value.
dim_region.csv,Hunawihr,264,other,,hunawihr,normalized_exact,1,FR-REG-HUNAWIHR,FR,Hunawihr,,region,"Accent, punctuation, whitespace and legal suffixes normalized."
dim_region.csv,Burgenland,263,other,,burgenland,normalized_exact,1,AT-ORI-BURGENLAND,AT,Burgenland,Burgenland,appellation,"Accent, punctuation, whitespace and legal suffixes normalized."
dim_region.csv,St-Aubin,262,other,,saint aubin,normalized_exact,1,FR-ORI-SAINT-AUBIN,FR,Bourgogne,Saint-Aubin,appellation,"Accent, punctuation, whitespace and legal suffixes normalized."
dim_region.csv,Anjou,261,other,,anjou,normalized_exact,1,FR-ORI-ANJOU,FR,Loire Valley,Anjou,appellation,"Accent, punctuation, whitespace and legal suffixes normalized."
dim_region.csv,Pipers Brook,261,other,,pipers brook,normalized_exact,1,AU-REG-PIPERS-BROOK,AU,Pipers Brook,,region,"Accent, punctuation, whitespace and legal suffixes normalized."
dim_region.csv,Campania,259,other,,campania,normalized_exact,1,IT-ORI-CAMPANIA,IT,Campania,Campania,appellation,"Accent, punctuation, whitespace and legal suffixes normalized."
dim_region.csv,Vin Mousseux,256,other,,vin mousseux,excluded_non_wine_origin,1,,,,,,"Blend placeholder, unknown value, or spirits/non-wine geography outside this wine-origin reference."
dim_region.csv,Cowra,255,other,,cowra,normalized_exact,1,AU-ORI-COWRA,AU,New South Wales,Cowra,appellation,"Accent, punctuation, whitespace and legal suffixes normalized."
dim_region.csv,Miscellaneous,252,other,,miscellaneous,excluded_non_wine_origin,1,,,,,,"Blend placeholder, unknown value, or spirits/non-wine geography outside this wine-origin reference."
dim_region.csv,Rosso di Montalcino DOC,251,other,,rosso di montalcino doc,normalized_alias,0.99,IT-ORI-ROSSO-DI-MONTALCINO,IT,Toscana,Rosso di Montalcino,appellation,Curated alias normalized to canonical value.
dim_region.csv,Beaune-Greves,250,other,,beaune greves,curated_compound_to_specific,0.97,FR-ORI-BEAUNE,FR,Bourgogne,Beaune,appellation,Compound auction label contains a unique or hierarchically most specific curated target.
dim_region.csv,North Canterbury,250,other,,north canterbury,normalized_exact,1,NZ-ORI-NORTH-CANTERBURY,NZ,North Canterbury,North Canterbury,appellation,"Accent, punctuation, whitespace and legal suffixes normalized."
dim_region.csv,Veneto IGT,248,other,,veneto igt,normalized_alias,0.99,IT-ORI-VENETO,IT,Veneto,Veneto,appellation,Curated alias normalized to canonical value.
dim_region.csv,Turckheim,247,other,,turckheim,normalized_exact,1,FR-REG-TURCKHEIM,FR,Turckheim,,region,"Accent, punctuation, whitespace and legal suffixes normalized."
dim_region.csv,Cahors,244,other,,cahors,normalized_exact,1,FR-ORI-CAHORS,FR,Sud-Ouest,Cahors,appellation,"Accent, punctuation, whitespace and legal suffixes normalized."
dim_region.csv,Barbera d'Asti DOCG,243,other,,barbera d asti docg,normalized_alias,0.99,IT-ORI-BARBERA-D-ASTI,IT,Piemonte,Barbera d'Asti,appellation,Curated alias normalized to canonical value.
dim_region.csv,Islay,242,other,,islay,excluded_non_wine_origin,1,,,,,,"Blend placeholder, unknown value, or spirits/non-wine geography outside this wine-origin reference."
dim_region.csv,Germany,240,other,,germany,normalized_alias,0.99,DE-COUNTRY,DE,,,country,Curated alias normalized to canonical value.
dim_region.csv,Meursault-Genevrieres,237,other,,meursault genevrieres,curated_compound_to_specific,0.97,FR-ORI-MEURSAULT,FR,Bourgogne,Meursault,appellation,Compound auction label contains a unique or hierarchically most specific curated target.
dim_region.csv,Pipers River,235,other,,pipers river,normalized_exact,1,AU-REG-PIPERS-RIVER,AU,Pipers River,,region,"Accent, punctuation, whitespace and legal suffixes normalized."
dim_region.csv,Entre-deux-Mers,230,other,,entre deux mers,normalized_exact,1,FR-ORI-ENTRE-DEUX-MERS,FR,Bordeaux,Entre-deux-Mers,appellation,"Accent, punctuation, whitespace and legal suffixes normalized."
dim_region.csv,Albany,227,other,,albany,normalized_exact,1,AU-ORI-ALBANY,AU,Western Australia,Albany,appellation,"Accent, punctuation, whitespace and legal suffixes normalized."
dim_region.csv,Cotes de Bordeaux,226,other,,cotes de bordeaux,normalized_exact,1,FR-ORI-COTES-DE-BORDEAUX,FR,Bordeaux,Côtes de Bordeaux,appellation,"Accent, punctuation, whitespace and legal suffixes normalized."
dim_region.csv,Muscadet De Sevre-et Maine,225,other,,muscadet de sevre et maine,normalized_alias,0.99,FR-ORI-MUSCADET-SEVRE-ET-MAINE,FR,Loire Valley,Muscadet Sèvre et Maine,appellation,Curated alias normalized to canonical value.
dim_region.csv,Nashik,225,other,,nashik,out_of_scope_requires_extension,1,,,,,,Recognizable country or region outside the 21-country scope selected for v1.
dim_region.csv,Gundagai,224,other,,gundagai,normalized_exact,1,AU-ORI-GUNDAGAI,AU,New South Wales,Gundagai,appellation,"Accent, punctuation, whitespace and legal suffixes normalized."
dim_region.csv,Sierra de Gredos,223,other,,sierra de gredos,unresolved_requires_review,0,,,,,,No unique legally curated target found.
dim_region.csv,Wintzenheim,223,other,,wintzenheim,normalized_exact,1,FR-REG-WINTZENHEIM,FR,Wintzenheim,,region,"Accent, punctuation, whitespace and legal suffixes normalized."
dim_region.csv,Blackwood Valley,220,other,,blackwood valley,normalized_exact,1,AU-ORI-BLACKWOOD-VALLEY,AU,Western Australia,Blackwood Valley,appellation,"Accent, punctuation, whitespace and legal suffixes normalized."
dim_region.csv,Manjimup,219,other,,manjimup,normalized_exact,1,AU-ORI-MANJIMUP,AU,Western Australia,Manjimup,appellation,"Accent, punctuation, whitespace and legal suffixes normalized."
dim_region.csv,Cote de Nuits-Villages,217,other,,cote de nuits villages,normalized_exact,1,FR-ORI-COTE-DE-NUITS-VILLAGES,FR,Bourgogne,Côte de Nuits-Villages,appellation,"Accent, punctuation, whitespace and legal suffixes normalized."
dim_region.csv,Tokaji-Hegyalja,216,other,,tokaji hegyalja,normalized_alias,0.99,HU-ORI-TOKAJ,HU,Tokaj,Tokaj,appellation,Curated alias normalized to canonical value.
dim_region.csv,Chablis A.C.,214,other,,chablis a c,curated_compound_to_specific,0.97,FR-ORI-CHABLIS,FR,Bourgogne,Chablis,appellation,Compound auction label contains a unique or hierarchically most specific curated target.
dim_region.csv,Madeira,212,other,,madeira,normalized_exact,1,PT-ORI-MADEIRA,PT,Madeira,Madeira,appellation,"Accent, punctuation, whitespace and legal suffixes normalized."
dim_region.csv,Vougeot,212,other,,vougeot,normalized_exact,1,FR-ORI-VOUGEOT,FR,Bourgogne,Vougeot,appellation,"Accent, punctuation, whitespace and legal suffixes normalized."
dim_region.csv,Ballarat,208,other,,ballarat,normalized_exact,1,AU-ORI-BALLARAT,AU,Victoria,Ballarat,appellation,"Accent, punctuation, whitespace and legal suffixes normalized."
dim_region.csv,Gisborne,205,other,,gisborne,normalized_exact,1,NZ-ORI-GISBORNE,NZ,Gisborne,Gisborne,appellation,"Accent, punctuation, whitespace and legal suffixes normalized."
dim_region.csv,Nebbiolo d'Alba,201,other,,nebbiolo d alba,normalized_exact,1,IT-ORI-NEBBIOLO-D-ALBA,IT,Piemonte,Nebbiolo d'Alba,appellation,"Accent, punctuation, whitespace and legal suffixes normalized."
dim_region.csv,Cotes du Jura,199,other,,cotes du jura,normalized_exact,1,FR-ORI-COTES-DU-JURA,FR,Jura,Côtes du Jura,appellation,"Accent, punctuation, whitespace and legal suffixes normalized."
dim_region.csv,Terre Siciliane IGP,199,other,,terre siciliane igp,normalized_alias,0.99,IT-ORI-TERRE-SICILIANE,IT,Sicilia,Terre Siciliane,appellation,Curated alias normalized to canonical value.
dim_region.csv,Wallis,199,other,,wallis,normalized_alias,0.99,CH-ORI-VALAIS,CH,Valais,Valais,appellation,Curated alias normalized to canonical value.
dim_region.csv,Hermitage Blanc,197,other,,hermitage blanc,curated_compound_to_specific,0.97,FR-ORI-HERMITAGE,FR,Vallée du Rhône,Hermitage,appellation,Compound auction label contains a unique or hierarchically most specific curated target.
dim_region.csv,Abruzzo,196,other,,abruzzo,normalized_exact,1,IT-ORI-ABRUZZO,IT,Abruzzo,Abruzzo,appellation,"Accent, punctuation, whitespace and legal suffixes normalized."
dim_region.csv,Aragon,196,other,,aragon,normalized_exact,1,ES-REG-ARAGON,ES,Aragón,,region,"Accent, punctuation, whitespace and legal suffixes normalized."
dim_region.csv,Rias Baixas,195,other,,rias baixas,normalized_exact,1,ES-ORI-RIAS-BAIXAS,ES,Galicia,Rías Baixas,appellation,"Accent, punctuation, whitespace and legal suffixes normalized."
dim_region.csv,Toscana ,192,other,,toscana,normalized_exact,1,IT-ORI-TOSCANA,IT,Toscana,Toscana,appellation,"Accent, punctuation, whitespace and legal suffixes normalized."
dim_region.csv,Brunello de Montalcino,191,other,,brunello de montalcino,suggested_review,0.955,IT-ORI-BRUNELLO-DI-MONTALCINO,IT,Toscana,Brunello di Montalcino,appellation,String-similarity suggestion only; not accepted as a confirmed mapping.
dim_region.csv,Monferrato,191,other,,monferrato,normalized_exact,1,IT-ORI-MONFERRATO,IT,Piemonte,Monferrato,appellation,"Accent, punctuation, whitespace and legal suffixes normalized."
dim_region.csv,Saint Aubin,190,other,,saint aubin,normalized_exact,1,FR-ORI-SAINT-AUBIN,FR,Bourgogne,Saint-Aubin,appellation,"Accent, punctuation, whitespace and legal suffixes normalized."
dim_region.csv,Alto Adige,189,other,,alto adige,normalized_exact,1,IT-ORI-ALTO-ADIGE,IT,Trentino-Alto Adige,Alto Adige,appellation,"Accent, punctuation, whitespace and legal suffixes normalized."
dim_region.csv,Sonoma Coast,188,other,,sonoma coast,normalized_exact,1,US-REG-SONOMA-COAST,US,Sonoma Coast,,region,"Accent, punctuation, whitespace and legal suffixes normalized."
dim_region.csv, Italia - Barbaresco,186,other,,italia barbaresco,curated_compound_to_specific,0.97,IT-ORI-BARBARESCO,IT,Piemonte,Barbaresco,appellation,Compound auction label contains a unique or hierarchically most specific curated target.
dim_region.csv,Riquewihr,184,other,,riquewihr,normalized_exact,1,FR-REG-RIQUEWIHR,FR,Riquewihr,,region,"Accent, punctuation, whitespace and legal suffixes normalized."
dim_region.csv,Rueda,184,other,,rueda,normalized_exact,1,ES-ORI-RUEDA,ES,Castilla y León,Rueda,appellation,"Accent, punctuation, whitespace and legal suffixes normalized."
dim_region.csv,Sicilia DOC,184,other,,sicilia doc,normalized_alias,0.99,IT-ORI-SICILIA,IT,Sicilia,Sicilia,appellation,Curated alias normalized to canonical value.
dim_region.csv,Bannockburn,182,other,,bannockburn,normalized_exact,1,NZ-ORI-BANNOCKBURN,NZ,Central Otago,Bannockburn,appellation,"Accent, punctuation, whitespace and legal suffixes normalized."
dim_region.csv,La Rioja,182,other,,la rioja,curated_compound_to_specific,0.97,ES-ORI-RIOJA,ES,Rioja,Rioja,appellation,Compound auction label contains a unique or hierarchically most specific curated target.
dim_region.csv,Coteaux du Layon,181,other,,coteaux du layon,normalized_exact,1,FR-ORI-COTEAUX-DU-LAYON,FR,Loire Valley,Coteaux du Layon,appellation,"Accent, punctuation, whitespace and legal suffixes normalized."
dim_region.csv,Santa Cruz Mountains,180,other,,santa cruz mountains,normalized_exact,1,US-REG-SANTA-CRUZ-MOUNTAINS,US,Santa Cruz Mountains,,region,"Accent, punctuation, whitespace and legal suffixes normalized."
dim_region.csv,Volnay-Champans,180,other,,volnay champans,curated_compound_to_specific,0.97,FR-ORI-VOLNAY,FR,Bourgogne,Volnay,appellation,Compound auction label contains a unique or hierarchically most specific curated target.
dim_region.csv,grand bourgeois,180,other,,grand bourgeois,excluded_non_origin,1,,,,,,"Classification, grape/style, product, charity or other non-origin descriptor."
dim_region.csv,Barossa-Clare Valley,177,other,,barossa clare valley,ambiguous_requires_context,0,,,,,,Compound auction label contains 2 distinct curated targets.
dim_region.csv,Upper Goulburn,177,other,,upper goulburn,normalized_exact,1,AU-ORI-UPPER-GOULBURN,AU,Victoria,Upper Goulburn,appellation,"Accent, punctuation, whitespace and legal suffixes normalized."
dim_region.csv,Mercurey Rouge,176,other,,mercurey rouge,curated_compound_to_specific,0.97,FR-ORI-MERCUREY,FR,Bourgogne,Mercurey,appellation,Compound auction label contains a unique or hierarchically most specific curated target.
dim_region.csv,Montepulciano d'Abruzzo,176,other,,montepulciano d abruzzo,normalized_exact,1,IT-ORI-MONTEPULCIANO-D-ABRUZZO,IT,Abruzzo,Montepulciano d'Abruzzo,appellation,"Accent, punctuation, whitespace and legal suffixes normalized."
dim_region.csv,Mazy-Chambertin,175,other,,mazy chambertin,normalized_alias,0.99,FR-ORI-MAZIS-CHAMBERTIN,FR,Bourgogne,Mazis-Chambertin,appellation,Curated alias normalized to canonical value.
dim_region.csv,Melbourne,171,other,,melbourne,normalized_exact,1,AU-REG-MELBOURNE,AU,Melbourne,,region,"Accent, punctuation, whitespace and legal suffixes normalized."
dim_region.csv,Volnay-Taillepieds,170,other,,volnay taillepieds,curated_compound_to_specific,0.97,FR-ORI-VOLNAY,FR,Bourgogne,Volnay,appellation,Compound auction label contains a unique or hierarchically most specific curated target.
dim_region.csv,Alpine Valleys,168,other,,alpine valleys,normalized_exact,1,AU-ORI-ALPINE-VALLEYS,AU,Victoria,Alpine Valleys,appellation,"Accent, punctuation, whitespace and legal suffixes normalized."
dim_region.csv,Waitaki Valley,167,other,,waitaki valley,normalized_exact,1,NZ-ORI-WAITAKI-VALLEY,NZ,Waitaki Valley,Waitaki Valley,appellation,"Accent, punctuation, whitespace and legal suffixes normalized."
dim_region.csv,Criots-Batard-Montrachet,166,other,,criots batard montrachet,normalized_exact,1,FR-ORI-CRIOTS-BATARD-MONTRACHET,FR,Bourgogne,Criots-Bâtard-Montrachet,appellation,"Accent, punctuation, whitespace and legal suffixes normalized."
dim_region.csv,Sicily,166,other,,sicily,normalized_alias,0.99,IT-ORI-SICILIA,IT,Sicilia,Sicilia,appellation,Curated alias normalized to canonical value.
dim_region.csv,Amarone della Valpolicella,165,other,,amarone della valpolicella,normalized_exact,1,IT-ORI-AMARONE-DELLA-VALPOLICELLA,IT,Veneto,Amarone della Valpolicella,appellation,"Accent, punctuation, whitespace and legal suffixes normalized."
dim_region.csv,Willamette Valley,165,other,,willamette valley,normalized_exact,1,US-REG-WILLAMETTE-VALLEY,US,Willamette Valley,,region,"Accent, punctuation, whitespace and legal suffixes normalized."
dim_region.csv,Etna,164,other,,etna,normalized_exact,1,IT-ORI-ETNA,IT,Sicilia,Etna,appellation,"Accent, punctuation, whitespace and legal suffixes normalized."
dim_region.csv,Valpolicella DOC,164,other,,valpolicella doc,normalized_alias,0.99,IT-ORI-VALPOLICELLA,IT,Veneto,Valpolicella,appellation,Curated alias normalized to canonical value.
dim_region.csv,Baroota,163,other,,baroota,normalized_exact,1,AU-REG-BAROOTA,AU,Baroota,,region,"Accent, punctuation, whitespace and legal suffixes normalized."
dim_region.csv,Griotte-Chambertin,163,other,,griotte chambertin,normalized_exact,1,FR-ORI-GRIOTTE-CHAMBERTIN,FR,Bourgogne,Griotte-Chambertin,appellation,"Accent, punctuation, whitespace and legal suffixes normalized."
dim_region.csv,Hunter-McLaren Vale,163,other,,hunter mclaren vale,ambiguous_requires_context,0,,,,,,Compound auction label contains 2 distinct curated targets.
dim_region.csv,Waadt,162,other,,waadt,normalized_alias,0.99,CH-ORI-VAUD,CH,Vaud,Vaud,appellation,Curated alias normalized to canonical value.
dim_region.csv,Fixin,158,other,,fixin,normalized_exact,1,FR-ORI-FIXIN,FR,Bourgogne,Fixin,appellation,"Accent, punctuation, whitespace and legal suffixes normalized."
dim_region.csv,Peel,158,other,,peel,normalized_exact,1,AU-ORI-PEEL,AU,Western Australia,Peel,appellation,"Accent, punctuation, whitespace and legal suffixes normalized."
dim_region.csv,Tokaj,157,other,,tokaj,normalized_exact,1,HU-ORI-TOKAJ,HU,Tokaj,Tokaj,appellation,"Accent, punctuation, whitespace and legal suffixes normalized."
dim_region.csv,Northern Rivers,156,other,,northern rivers,normalized_exact,1,AU-REG-NORTHERN-RIVERS,AU,Northern Rivers,,region,"Accent, punctuation, whitespace and legal suffixes normalized."
dim_region.csv,Langhe - Barolo,155,other,,langhe barolo,ambiguous_requires_context,0,,,,,,Compound auction label contains 2 distinct curated targets.
dim_region.csv,Rapel Valley,155,other,,rapel valley,normalized_alias,0.99,CL-ORI-VALLE-DEL-RAPEL,CL,Valle Central,Valle del Rapel,appellation,Curated alias normalized to canonical value.
dim_region.csv,Queensland,154,other,,queensland,normalized_exact,1,AU-REG-QUEENSLAND,AU,Queensland,,region,"Accent, punctuation, whitespace and legal suffixes normalized."
dim_region.csv,Whitlands,154,other,,whitlands,normalized_exact,1,AU-REG-WHITLANDS,AU,Whitlands,,region,"Accent, punctuation, whitespace and legal suffixes normalized."
dim_region.csv,Prosecco DOC,151,other,,prosecco doc,normalized_alias,0.99,IT-ORI-PROSECCO,IT,Veneto,Prosecco,appellation,Curated alias normalized to canonical value.
dim_region.csv,McLaren Vale-Langhorne Creek,150,other,,mclaren vale langhorne creek,ambiguous_requires_context,0,,,,,,Compound auction label contains 2 distinct curated targets.
dim_region.csv,Piemonte - Barbaresco,150,other,,piemonte barbaresco,curated_compound_to_specific,0.97,IT-ORI-BARBARESCO,IT,Piemonte,Barbaresco,appellation,Compound auction label contains a unique or hierarchically most specific curated target.
dim_region.csv,Etna Rosso DOC,149,other,,etna rosso doc,normalized_alias,0.99,IT-ORI-ETNA,IT,Sicilia,Etna,appellation,Curated alias normalized to canonical value.
dim_region.csv,Conca de Barbera,148,other,,conca de barbera,normalized_exact,1,ES-ORI-CONCA-DE-BARBERA,ES,Catalunya,Conca de Barberà,appellation,"Accent, punctuation, whitespace and legal suffixes normalized."
dim_region.csv,Monthelie,147,other,,monthelie,normalized_exact,1,FR-ORI-MONTHELIE,FR,Bourgogne,Monthélie,appellation,"Accent, punctuation, whitespace and legal suffixes normalized."
dim_region.csv,Swan Valley,147,other,,swan valley,normalized_exact,1,AU-ORI-SWAN-VALLEY,AU,Western Australia,Swan Valley,appellation,"Accent, punctuation, whitespace and legal suffixes normalized."
dim_region.csv,Barossa-Eden Valley,146,other,,barossa eden valley,ambiguous_requires_context,0,,,,,,Compound auction label contains 2 distinct curated targets.
dim_region.csv,Kamptal,146,other,,kamptal,normalized_exact,1,AT-ORI-KAMPTAL,AT,Niederösterreich,Kamptal,appellation,"Accent, punctuation, whitespace and legal suffixes normalized."
dim_region.csv,Gippsland-Mornington Peninsula,145,other,,gippsland mornington peninsula,ambiguous_requires_context,0,,,,,,Compound auction label contains 2 distinct curated targets.
dim_region.csv,Mexico,145,other,,mexico,out_of_scope_requires_extension,1,,,,,,Recognizable country or region outside the 21-country scope selected for v1.
dim_region.csv,Chianti Classico Riserva,144,other,,chianti classico riserva,curated_compound_to_specific,0.97,IT-ORI-CHIANTI-CLASSICO,IT,Toscana,Chianti Classico,appellation,Compound auction label contains a unique or hierarchically most specific curated target.
dim_region.csv,Loire,143,other,,loire,normalized_alias,0.99,FR-REG-LOIRE-VALLEY,FR,Loire Valley,,region,Curated alias normalized to canonical value.
dim_region.csv, Italia - Toscana,142,other,,italia toscana,curated_compound_to_specific,0.97,IT-ORI-TOSCANA,IT,Toscana,Toscana,appellation,Compound auction label contains a unique or hierarchically most specific curated target.
dim_region.csv,Beaujolais-Villages,141,other,,beaujolais villages,normalized_exact,1,FR-ORI-BEAUJOLAIS-VILLAGES,FR,Beaujolais,Beaujolais-Villages,appellation,"Accent, punctuation, whitespace and legal suffixes normalized."
dim_region.csv,Portugal,140,other,,portugal,normalized_alias,0.99,PT-COUNTRY,PT,,,country,Curated alias normalized to canonical value.
dim_region.csv,South Western Victoria,140,other,,south western victoria,curated_compound_to_specific,0.97,AU-ORI-VICTORIA,AU,Victoria,Victoria,appellation,Compound auction label contains a unique or hierarchically most specific curated target.
dim_region.csv,Portogallo - Porto,138,other,,portogallo porto,curated_compound_to_specific,0.97,PT-ORI-PORTO,PT,Porto,Porto,appellation,Compound auction label contains a unique or hierarchically most specific curated target.
dim_region.csv,Bas Armagnac,137,other,,bas armagnac,excluded_non_wine_origin,1,,,,,,"Blend placeholder, unknown value, or spirits/non-wine geography outside this wine-origin reference."
dim_region.csv,Chinon,137,other,,chinon,normalized_exact,1,FR-ORI-CHINON,FR,Loire Valley,Chinon,appellation,"Accent, punctuation, whitespace and legal suffixes normalized."
dim_region.csv,Kremstal,137,other,,kremstal,normalized_exact,1,AT-ORI-KREMSTAL,AT,Niederösterreich,Kremstal,appellation,"Accent, punctuation, whitespace and legal suffixes normalized."
dim_region.csv,Sudtirol DOC,137,other,,sudtirol doc,normalized_alias,0.99,IT-ORI-ALTO-ADIGE,IT,Trentino-Alto Adige,Alto Adige,appellation,Curated alias normalized to canonical value.
dim_region.csv,Hunter-Coonawarra,135,other,,hunter coonawarra,ambiguous_requires_context,0,,,,,,Compound auction label contains 2 distinct curated targets.
dim_region.csv,Savennieres,135,other,,savennieres,normalized_exact,1,FR-ORI-SAVENNIERES,FR,Loire Valley,Savennières,appellation,"Accent, punctuation, whitespace and legal suffixes normalized."
dim_region.csv,Mentrida,134,other,,mentrida,normalized_exact,1,ES-ORI-MENTRIDA,ES,Castilla-La Mancha,Méntrida,appellation,"Accent, punctuation, whitespace and legal suffixes normalized."
dim_region.csv,Venezia Giulia,133,other,,venezia giulia,normalized_exact,1,IT-ORI-VENEZIA-GIULIA,IT,Friuli-Venezia Giulia,Venezia Giulia,appellation,"Accent, punctuation, whitespace and legal suffixes normalized."
dim_region.csv,Navarra,132,other,,navarra,normalized_exact,1,ES-ORI-NAVARRA,ES,Navarra,Navarra,appellation,"Accent, punctuation, whitespace and legal suffixes normalized."
dim_region.csv,Beaujolais,131,other,,beaujolais,normalized_exact,1,FR-ORI-BEAUJOLAIS,FR,Beaujolais,Beaujolais,appellation,"Accent, punctuation, whitespace and legal suffixes normalized."
dim_region.csv,Puisseguin-St-Emilion,131,other,,puisseguin saint emilion,normalized_exact,1,FR-ORI-PUISSEGUIN-SAINT-EMILION,FR,Bordeaux,Puisseguin-Saint-Émilion,appellation,"Accent, punctuation, whitespace and legal suffixes normalized."
dim_region.csv,Swan Hill,131,other,,swan hill,normalized_exact,1,AU-REG-SWAN-HILL,AU,Swan Hill,,region,"Accent, punctuation, whitespace and legal suffixes normalized."
dim_region.csv,Spain,130,other,,spain,normalized_alias,0.99,ES-COUNTRY,ES,,,country,Curated alias normalized to canonical value.
dim_region.csv,Tennessee,130,other,,tennessee,excluded_non_wine_origin,1,,,,,,"Blend placeholder, unknown value, or spirits/non-wine geography outside this wine-origin reference."
dim_region.csv,Cadillac,128,other,,cadillac,normalized_exact,1,FR-ORI-CADILLAC,FR,Bordeaux,Cadillac,appellation,"Accent, punctuation, whitespace and legal suffixes normalized."
dim_region.csv,Ireland,128,other,,ireland,out_of_scope_requires_extension,1,,,,,,Recognizable country or region outside the 21-country scope selected for v1.
dim_region.csv,Rosso di Toscana IGT,128,other,,rosso di toscana igt,curated_compound_to_specific,0.97,IT-ORI-TOSCANA,IT,Toscana,Toscana,appellation,Compound auction label contains a unique or hierarchically most specific curated target.
dim_region.csv,Rully,128,other,,rully,normalized_exact,1,FR-ORI-RULLY,FR,Bourgogne,Rully,appellation,"Accent, punctuation, whitespace and legal suffixes normalized."
dim_region.csv,Valdadige,128,other,,valdadige,normalized_exact,1,IT-ORI-VALDADIGE,IT,Trentino-Alto Adige,Valdadige,appellation,"Accent, punctuation, whitespace and legal suffixes normalized."
dim_region.csv,Baden,127,other,,baden,normalized_exact,1,DE-ORI-BADEN,DE,Baden,Baden,appellation,"Accent, punctuation, whitespace and legal suffixes normalized."
dim_region.csv,Mount Lofty Ranges,127,other,,mount lofty ranges,normalized_exact,1,AU-ORI-MOUNT-LOFTY-RANGES,AU,South Australia,Mount Lofty Ranges,appellation,"Accent, punctuation, whitespace and legal suffixes normalized."
dim_region.csv,Western Victoria,127,other,,western victoria,curated_compound_to_specific,0.97,AU-ORI-VICTORIA,AU,Victoria,Victoria,appellation,Compound auction label contains a unique or hierarchically most specific curated target.
dim_region.csv,Russian River Valley,126,other,,russian river valley,normalized_exact,1,US-REG-RUSSIAN-RIVER-VALLEY,US,Russian River Valley,,region,"Accent, punctuation, whitespace and legal suffixes normalized."
dim_region.csv,Vino Nobile di Montepulciano,126,other,,vino nobile di montepulciano,normalized_exact,1,IT-ORI-VINO-NOBILE-DI-MONTEPULCIANO,IT,Toscana,Vino Nobile di Montepulciano,appellation,"Accent, punctuation, whitespace and legal suffixes normalized."
dim_region.csv,Kayserberg/Kientzheim,125,other,,kayserberg kientzheim,normalized_alias,0.99,FR-REG-KAYSERSBERG-KIENTZHEIM,FR,Kaysersberg/Kientzheim,,region,Curated alias normalized to canonical value.
dim_region.csv,Pokolbin,125,other,,pokolbin,normalized_exact,1,AU-ORI-POKOLBIN,AU,New South Wales,Pokolbin,appellation,"Accent, punctuation, whitespace and legal suffixes normalized."
dim_region.csv,Fleurie,124,other,,fleurie,normalized_exact,1,FR-ORI-FLEURIE,FR,Beaujolais,Fleurie,appellation,"Accent, punctuation, whitespace and legal suffixes normalized."
dim_region.csv,La Grande Rue,124,other,,la grande rue,normalized_exact,1,FR-ORI-LA-GRANDE-RUE,FR,Bourgogne,La Grande Rue,appellation,"Accent, punctuation, whitespace and legal suffixes normalized."
dim_region.csv,Campo de Borja,122,other,,campo de borja,normalized_exact,1,ES-ORI-CAMPO-DE-BORJA,ES,Aragón,Campo de Borja,appellation,"Accent, punctuation, whitespace and legal suffixes normalized."
dim_region.csv,Gattinara,122,other,,gattinara,normalized_exact,1,IT-ORI-GATTINARA,IT,Piemonte,Gattinara,appellation,"Accent, punctuation, whitespace and legal suffixes normalized."
dim_region.csv,Russia,121,other,,russia,out_of_scope_requires_extension,1,,,,,,Recognizable country or region outside the 21-country scope selected for v1.
dim_region.csv,Saumur,121,other,,saumur,normalized_exact,1,FR-ORI-SAUMUR,FR,Loire Valley,Saumur,appellation,"Accent, punctuation, whitespace and legal suffixes normalized."
dim_region.csv,Valle de Uco,121,other,,valle de uco,normalized_exact,1,AR-ORI-VALLE-DE-UCO,AR,Mendoza,Valle de Uco,appellation,"Accent, punctuation, whitespace and legal suffixes normalized."
dim_region.csv,Romanee-Conti,120,other,,romanee conti,normalized_exact,1,FR-ORI-ROMANEE-CONTI,FR,Bourgogne,Romanée-Conti,appellation,"Accent, punctuation, whitespace and legal suffixes normalized."
dim_region.csv,Colli Della Toscana Centrale IGT,118,other,,colli della toscana centrale igt,normalized_alias,0.99,IT-ORI-COLLI-DELLA-TOSCANA-CENTRALE,IT,Toscana,Colli della Toscana Centrale,appellation,Curated alias normalized to canonical value.
dim_region.csv,Bush Vines Grenache Mourvedre Shiraz,117,other,,bush vines grenache mourvedre shiraz,excluded_non_origin,1,,,,,,"Classification, grape/style, product, charity or other non-origin descriptor."
dim_region.csv,Clare-Eden Valley,115,other,,clare eden valley,ambiguous_requires_context,0,,,,,,Compound auction label contains 2 distinct curated targets.
dim_region.csv,Cotes du Roussillon,115,other,,cotes du roussillon,normalized_exact,1,FR-ORI-COTES-DU-ROUSSILLON,FR,Languedoc-Roussillon,Côtes du Roussillon,appellation,"Accent, punctuation, whitespace and legal suffixes normalized."
dim_region.csv,Soave Classico,115,other,,soave classico,curated_compound_to_specific,0.97,IT-ORI-SOAVE,IT,Veneto,Soave,appellation,Compound auction label contains a unique or hierarchically most specific curated target.
dim_region.csv,Lussac-St-Emilion,114,other,,lussac saint emilion,normalized_exact,1,FR-ORI-LUSSAC-SAINT-EMILION,FR,Bordeaux,Lussac-Saint-Émilion,appellation,"Accent, punctuation, whitespace and legal suffixes normalized."
dim_region.csv,McLaren Vale-Hunter Valley,113,other,,mclaren vale hunter valley,ambiguous_requires_context,0,,,,,,Compound auction label contains 2 distinct curated targets.
dim_region.csv,Bordeaux / Saint-Émilion,111,other,,bordeaux saint emilion,curated_compound_to_specific,0.97,FR-ORI-SAINT-EMILION,FR,Bordeaux,Saint-Émilion,appellation,Compound auction label contains a unique or hierarchically most specific curated target.
dim_region.csv,Cyprus,111,other,,cyprus,out_of_scope_requires_extension,1,,,,,,Recognizable country or region outside the 21-country scope selected for v1.
dim_region.csv,Keppoch,111,other,,keppoch,unresolved_requires_review,0,,,,,,No unique legally curated target found.
dim_region.csv,Sudtirol,111,other,,sudtirol,normalized_alias,0.99,IT-ORI-ALTO-ADIGE,IT,Trentino-Alto Adige,Alto Adige,appellation,Curated alias normalized to canonical value.
dim_region.csv,Eden Valley/Adelaide Hills,110,other,,eden valley adelaide hills,ambiguous_requires_context,0,,,,,,Compound auction label contains 3 distinct curated targets.
dim_region.csv,McLaren Vale-Clare Valley,110,other,,mclaren vale clare valley,ambiguous_requires_context,0,,,,,,Compound auction label contains 2 distinct curated targets.
dim_region.csv,Fleurieu,109,other,,fleurieu,normalized_exact,1,AU-ORI-FLEURIEU,AU,South Australia,Fleurieu,appellation,"Accent, punctuation, whitespace and legal suffixes normalized."
dim_region.csv,Provincia di Pavia IGT,109,other,,provincia di pavia igt,normalized_alias,0.99,IT-ORI-PROVINCIA-DI-PAVIA,IT,Lombardia,Provincia di Pavia,appellation,Curated alias normalized to canonical value.
dim_region.csv,Greece,108,other,,greece,normalized_alias,0.99,GR-COUNTRY,GR,,,country,Curated alias normalized to canonical value.
dim_region.csv,Terre Siciliane IGT,108,other,,terre siciliane igt,normalized_alias,0.99,IT-ORI-TERRE-SICILIANE,IT,Sicilia,Terre Siciliane,appellation,Curated alias normalized to canonical value.
dim_region.csv,Vin De Pays De Vaucluse,108,other,,vin de pays de vaucluse,curated_compound_to_specific,0.97,FR-ORI-VAUCLUSE,FR,Vallée du Rhône,Vaucluse,appellation,Compound auction label contains a unique or hierarchically most specific curated target.
dim_region.csv,Eden-Clare Valley,107,other,,eden clare valley,curated_compound_to_specific,0.97,AU-ORI-CLARE-VALLEY,AU,South Australia,Clare Valley,appellation,Compound auction label contains a unique or hierarchically most specific curated target.
dim_region.csv,Beaune-Teurons,105,other,,beaune teurons,curated_compound_to_specific,0.97,FR-ORI-BEAUNE,FR,Bourgogne,Beaune,appellation,Compound auction label contains a unique or hierarchically most specific curated target.
dim_region.csv,Bourgogne Hautes Cotes de Beaune,105,other,,bourgogne hautes cotes de beaune,normalized_exact,1,FR-ORI-BOURGOGNE-HAUTES-COTES-DE-BEAUNE,FR,Bourgogne,Bourgogne Hautes Côtes de Beaune,appellation,"Accent, punctuation, whitespace and legal suffixes normalized."
dim_region.csv,Alexander Valley,103,other,,alexander valley,normalized_exact,1,US-REG-ALEXANDER-VALLEY,US,Alexander Valley,,region,"Accent, punctuation, whitespace and legal suffixes normalized."
dim_region.csv,Francia - Sauternes,103,other,,francia sauternes,curated_compound_to_specific,0.97,FR-ORI-SAUTERNES,FR,Bordeaux,Sauternes,appellation,Compound auction label contains a unique or hierarchically most specific curated target.
dim_region.csv,Sydney,103,other,,sydney,normalized_exact,1,AU-REG-SYDNEY,AU,Sydney,,region,"Accent, punctuation, whitespace and legal suffixes normalized."
dim_region.csv,Colli Orientali del Friuli DOC,101,other,,colli orientali del friuli doc,normalized_alias,0.99,IT-ORI-FRIULI-COLLI-ORIENTALI,IT,Friuli-Venezia Giulia,Friuli Colli Orientali,appellation,Curated alias normalized to canonical value.
dim_region.csv,Flaxman Valley,101,other,,flaxman valley,normalized_exact,1,AU-REG-FLAXMAN-VALLEY,AU,Flaxman Valley,,region,"Accent, punctuation, whitespace and legal suffixes normalized."
dim_region.csv,Umbria,101,other,,umbria,normalized_exact,1,IT-ORI-UMBRIA,IT,Umbria,Umbria,appellation,"Accent, punctuation, whitespace and legal suffixes normalized."
dim_region.csv,Aconcagua Valley,100,other,,aconcagua valley,normalized_alias,0.99,CL-ORI-VALLE-DEL-ACONCAGUA,CL,Aconcagua,Valle del Aconcagua,appellation,Curated alias normalized to canonical value.
dim_region.csv,Castel del Monte,100,other,,castel del monte,normalized_exact,1,IT-ORI-CASTEL-DEL-MONTE,IT,Puglia,Castel del Monte,appellation,"Accent, punctuation, whitespace and legal suffixes normalized."
dim_region.csv,Valdeorras,100,other,,valdeorras,normalized_exact,1,ES-ORI-VALDEORRAS,ES,Galicia,Valdeorras,appellation,"Accent, punctuation, whitespace and legal suffixes normalized."
dim_region.csv,Arbois,99,other,,arbois,normalized_exact,1,FR-ORI-ARBOIS,FR,Jura,Arbois,appellation,"Accent, punctuation, whitespace and legal suffixes normalized."
dim_region.csv,Saumur-Champigny,99,other,,saumur champigny,normalized_exact,1,FR-ORI-SAUMUR-CHAMPIGNY,FR,Loire Valley,Saumur-Champigny,appellation,"Accent, punctuation, whitespace and legal suffixes normalized."
dim_region.csv,Bordeaux Rouge,98,other,,bordeaux rouge,curated_compound_to_specific,0.97,FR-ORI-BORDEAUX,FR,Bordeaux,Bordeaux,appellation,Compound auction label contains a unique or hierarchically most specific curated target.
dim_region.csv,Collio DOC,97,other,,collio doc,normalized_alias,0.99,IT-ORI-COLLIO,IT,Friuli-Venezia Giulia,Collio,appellation,Curated alias normalized to canonical value.
dim_region.csv,Coonawarra-McLaren Vale,97,other,,coonawarra mclaren vale,ambiguous_requires_context,0,,,,,,Compound auction label contains 2 distinct curated targets.
dim_region.csv,Cremant d'Alsace,97,other,,cremant d alsace,normalized_exact,1,FR-ORI-CREMANT-D-ALSACE,FR,Alsace,Crémant d'Alsace,appellation,"Accent, punctuation, whitespace and legal suffixes normalized."
dim_region.csv,Dolcetto di Dogliani,97,other,,dolcetto di dogliani,normalized_alias,0.99,IT-ORI-DOGLIANI,IT,Piemonte,Dogliani,appellation,Curated alias normalized to canonical value.
dim_region.csv,Langhe - Barbaresco,97,other,,langhe barbaresco,ambiguous_requires_context,0,,,,,,Compound auction label contains 2 distinct curated targets.
dim_region.csv,Montsant,97,other,,montsant,normalized_exact,1,ES-ORI-MONTSANT,ES,Catalunya,Montsant,appellation,"Accent, punctuation, whitespace and legal suffixes normalized."
dim_region.csv,Mount Gambier,97,other,,mount gambier,normalized_exact,1,AU-ORI-MOUNT-GAMBIER,AU,South Australia,Mount Gambier,appellation,"Accent, punctuation, whitespace and legal suffixes normalized."
dim_region.csv,Volnay-Caillerets,97,other,,volnay caillerets,curated_compound_to_specific,0.97,FR-ORI-VOLNAY,FR,Bourgogne,Volnay,appellation,Compound auction label contains a unique or hierarchically most specific curated target.
dim_region.csv,La Mancha,96,other,,la mancha,normalized_exact,1,ES-ORI-LA-MANCHA,ES,Castilla-La Mancha,La Mancha,appellation,"Accent, punctuation, whitespace and legal suffixes normalized."
dim_region.csv,Riverina-King Valley,96,other,,riverina king valley,ambiguous_requires_context,0,,,,,,Compound auction label contains 2 distinct curated targets.
dim_region.csv,Columbia Valley,95,other,,columbia valley,normalized_exact,1,US-REG-COLUMBIA-VALLEY,US,Columbia Valley,,region,"Accent, punctuation, whitespace and legal suffixes normalized."
dim_region.csv,Kalimna,95,other,,kalimna,normalized_exact,1,AU-REG-KALIMNA,AU,Kalimna,,region,"Accent, punctuation, whitespace and legal suffixes normalized."
dim_region.csv,Poland,95,other,,poland,out_of_scope_requires_extension,1,,,,,,Recognizable country or region outside the 21-country scope selected for v1.
dim_region.csv,Bordeaux / Sauternes,93,other,,bordeaux sauternes,curated_compound_to_specific,0.97,FR-ORI-SAUTERNES,FR,Bordeaux,Sauternes,appellation,Compound auction label contains a unique or hierarchically most specific curated target.
dim_region.csv,Montagne-St-Emilion,91,other,,montagne saint emilion,normalized_exact,1,FR-ORI-MONTAGNE-SAINT-EMILION,FR,Bordeaux,Montagne-Saint-Émilion,appellation,"Accent, punctuation, whitespace and legal suffixes normalized."
dim_region.csv,White Solera Revolution,91,other,,white solera revolution,excluded_non_origin,1,,,,,,"Classification, grape/style, product, charity or other non-origin descriptor."
dim_region.csv,Albury,90,other,,albury,normalized_exact,1,AU-REG-ALBURY,AU,Albury,,region,"Accent, punctuation, whitespace and legal suffixes normalized."
dim_region.csv,Chile,90,other,,chile,normalized_alias,0.99,CL-COUNTRY,CL,,,country,Curated alias normalized to canonical value.
dim_region.csv,Hunter Valley & McLaren Vale,90,other,,hunter valley and mclaren vale,ambiguous_requires_context,0,,,,,,Compound auction label contains 2 distinct curated targets.
dim_region.csv,Wairarapa,90,other,,wairarapa,normalized_exact,1,NZ-ORI-WAIRARAPA,NZ,Wairarapa,Wairarapa,appellation,"Accent, punctuation, whitespace and legal suffixes normalized."
dim_region.csv,Bolgheri - Super Tuscan,89,other,,bolgheri super tuscan,curated_compound_to_specific,0.97,IT-ORI-BOLGHERI,IT,Toscana,Bolgheri,appellation,Compound auction label contains a unique or hierarchically most specific curated target.
dim_region.csv,Macon-Villages,89,other,,macon villages,normalized_exact,1,FR-ORI-MACON-VILLAGES,FR,Bourgogne,Mâcon-Villages,appellation,"Accent, punctuation, whitespace and legal suffixes normalized."
dim_region.csv,Montepulciano d'Abruzzo DOC,89,other,,montepulciano d abruzzo doc,normalized_alias,0.99,IT-ORI-MONTEPULCIANO-D-ABRUZZO,IT,Abruzzo,Montepulciano d'Abruzzo,appellation,Curated alias normalized to canonical value.
dim_region.csv,Bordeaux / Médoc,88,other,,bordeaux medoc,curated_compound_to_specific,0.97,FR-ORI-MEDOC,FR,Bordeaux,Médoc,appellation,Compound auction label contains a unique or hierarchically most specific curated target.
dim_region.csv,Tokaj-Hegyalja,88,other,,tokaj hegyalja,curated_compound_to_specific,0.97,HU-ORI-TOKAJ,HU,Tokaj,Tokaj,appellation,Compound auction label contains a unique or hierarchically most specific curated target.
dim_region.csv,Barossa Valley-Coonawarra,87,other,,barossa valley coonawarra,ambiguous_requires_context,0,,,,,,Compound auction label contains 3 distinct curated targets.
dim_region.csv,Cotes-du-Ventoux,87,other,,cotes du ventoux,curated_compound_to_specific,0.97,FR-ORI-VENTOUX,FR,Vallée du Rhône,Ventoux,appellation,Compound auction label contains a unique or hierarchically most specific curated target.
dim_region.csv,Hilltops NSW,87,other,,hilltops nsw,curated_compound_to_specific,0.97,AU-ORI-HILLTOPS,AU,New South Wales,Hilltops,appellation,Compound auction label contains a unique or hierarchically most specific curated target.
dim_region.csv,Veneto - Amarone della Valpolicella,87,other,,veneto amarone della valpolicella,curated_compound_to_specific,0.97,IT-ORI-AMARONE-DELLA-VALPOLICELLA,IT,Veneto,Amarone della Valpolicella,appellation,Compound auction label contains a unique or hierarchically most specific curated target.
dim_region.csv, Italia - Chianti,86,other,,italia chianti,curated_compound_to_specific,0.97,IT-ORI-CHIANTI,IT,Toscana,Chianti,appellation,Compound auction label contains a unique or hierarchically most specific curated target.
dim_region.csv,Rhône / Côtes-du-Rhône,86,other,,rhone cotes du rhone,ambiguous_requires_context,0,,,,,,Compound auction label contains 2 distinct curated targets.
dim_region.csv,USA - Whisky,86,other,,usa whisky,excluded_non_wine_origin,1,,,,,,"Blend placeholder, unknown value, or spirits/non-wine geography outside this wine-origin reference."
dim_region.csv,Wettolsheim,86,other,,wettolsheim,normalized_exact,1,FR-REG-WETTOLSHEIM,FR,Wettolsheim,,region,"Accent, punctuation, whitespace and legal suffixes normalized."
dim_region.csv,Austria,85,other,,austria,normalized_alias,0.99,AT-COUNTRY,AT,,,country,Curated alias normalized to canonical value.
dim_region.csv,Bourgogne Hautes Cotes de Beaune Sous Eguisons,85,other,,bourgogne hautes cotes de beaune sous eguisons,curated_compound_to_specific,0.97,FR-ORI-BOURGOGNE-HAUTES-COTES-DE-BEAUNE,FR,Bourgogne,Bourgogne Hautes Côtes de Beaune,appellation,Compound auction label contains a unique or hierarchically most specific curated target.
dim_region.csv,Emilia Romagna,85,other,,emilia romagna,normalized_exact,1,IT-REG-EMILIA-ROMAGNA,IT,Emilia-Romagna,,region,"Accent, punctuation, whitespace and legal suffixes normalized."
dim_region.csv,Grande Champagne Cognac,85,other,,grande champagne cognac,excluded_non_wine_origin,1,,,,,,"Blend placeholder, unknown value, or spirits/non-wine geography outside this wine-origin reference."
dim_region.csv,Central Coast,83,other,,central coast,normalized_exact,1,US-REG-CENTRAL-COAST,US,Central Coast,,region,"Accent, punctuation, whitespace and legal suffixes normalized."
dim_region.csv,Petit Chablis,83,other,,petit chablis,normalized_exact,1,FR-ORI-PETIT-CHABLIS,FR,Bourgogne,Petit Chablis,appellation,"Accent, punctuation, whitespace and legal suffixes normalized."
dim_region.csv,Malaga,82,other,,malaga,normalized_exact,1,ES-ORI-MALAGA,ES,Andalucía,Málaga,appellation,"Accent, punctuation, whitespace and legal suffixes normalized."
dim_region.csv,Mazoyeres Chambertin,82,other,,mazoyeres chambertin,normalized_exact,1,FR-ORI-MAZOYERES-CHAMBERTIN,FR,Bourgogne,Mazoyères-Chambertin,appellation,"Accent, punctuation, whitespace and legal suffixes normalized."
dim_region.csv,Clare-McLaren Vale,81,other,,clare mclaren vale,ambiguous_requires_context,0,,,,,,Compound auction label contains 2 distinct curated targets.
dim_region.csv,Polish Hill River,81,other,,polish hill river,normalized_exact,1,AU-ORI-POLISH-HILL-RIVER,AU,South Australia,Polish Hill River,appellation,"Accent, punctuation, whitespace and legal suffixes normalized."
dim_region.csv,Barbera d'Asti,80,other,,barbera d asti,normalized_exact,1,IT-ORI-BARBERA-D-ASTI,IT,Piemonte,Barbera d'Asti,appellation,"Accent, punctuation, whitespace and legal suffixes normalized."
dim_region.csv,Franciacorta DOCG,80,other,,franciacorta docg,normalized_alias,0.99,IT-ORI-FRANCIACORTA,IT,Lombardia,Franciacorta,appellation,Curated alias normalized to canonical value.
dim_region.csv,Languedoc-Roussillon,80,other,,languedoc roussillon,normalized_exact,1,FR-REG-LANGUEDOC-ROUSSILLON,FR,Languedoc-Roussillon,,region,"Accent, punctuation, whitespace and legal suffixes normalized."
dim_region.csv,Santa Barbara,80,other,,santa barbara,normalized_alias,0.99,US-ORI-SANTA-BARBARA-COUNTY,US,California,Santa Barbara County,appellation,Curated alias normalized to canonical value.
dim_region.csv,Soave,80,other,,soave,normalized_exact,1,IT-ORI-SOAVE,IT,Veneto,Soave,appellation,"Accent, punctuation, whitespace and legal suffixes normalized."
dim_region.csv,St-Romain,80,other,,saint romain,normalized_exact,1,FR-ORI-SAINT-ROMAIN,FR,Bourgogne,Saint-Romain,appellation,"Accent, punctuation, whitespace and legal suffixes normalized."
dim_region.csv,Anderson Valley,79,other,,anderson valley,normalized_exact,1,US-REG-ANDERSON-VALLEY,US,Anderson Valley,,region,"Accent, punctuation, whitespace and legal suffixes normalized."
dim_region.csv,Barossa-Coonawarra,79,other,,barossa coonawarra,ambiguous_requires_context,0,,,,,,Compound auction label contains 2 distinct curated targets.
dim_region.csv,Constantia,79,other,,constantia,normalized_exact,1,ZA-ORI-CONSTANTIA,ZA,Coastal Region,Constantia,appellation,"Accent, punctuation, whitespace and legal suffixes normalized."
dim_region.csv,Francia - Armagnac,79,other,,francia armagnac,excluded_non_wine_origin,1,,,,,,"Blend placeholder, unknown value, or spirits/non-wine geography outside this wine-origin reference."
dim_region.csv,Friuli Venezia Giulia,79,other,,friuli venezia giulia,normalized_exact,1,IT-ORI-FRIULI-VENEZIA-GIULIA,IT,Friuli-Venezia Giulia,Friuli-Venezia Giulia,appellation,"Accent, punctuation, whitespace and legal suffixes normalized."
dim_region.csv,Southern Fleurieu,79,other,,southern fleurieu,curated_compound_to_specific,0.97,AU-ORI-FLEURIEU,AU,South Australia,Fleurieu,appellation,Compound auction label contains a unique or hierarchically most specific curated target.
dim_region.csv,Adelaide Hills-McLaren Vale,78,other,,adelaide hills mclaren vale,ambiguous_requires_context,0,,,,,,Compound auction label contains 3 distinct curated targets.
dim_region.csv,Bordeaux / Saint-Estèphe,78,other,,bordeaux saint estephe,curated_compound_to_specific,0.97,FR-ORI-SAINT-ESTEPHE,FR,Bordeaux,Saint-Estèphe,appellation,Compound auction label contains a unique or hierarchically most specific curated target.
dim_region.csv,Fleurie AOC,78,other,,fleurie aoc,normalized_alias,0.99,FR-ORI-FLEURIE,FR,Beaujolais,Fleurie,appellation,Curated alias normalized to canonical value.
dim_region.csv,La Court,78,other,,la court,unresolved_requires_review,0,,,,,,No unique legally curated target found.
dim_region.csv,La Justice,78,other,,la justice,unresolved_requires_review,0,,,,,,No unique legally curated target found.
dim_region.csv,Quarts de Chaume,78,other,,quarts de chaume,normalized_alias,0.99,FR-ORI-QUARTS-DE-CHAUME-GRAND-CRU,FR,Loire Valley,Quarts de Chaume Grand Cru,appellation,Curated alias normalized to canonical value.
dim_region.csv,Tessin,77,other,,tessin,normalized_alias,0.99,CH-ORI-TICINO,CH,Ticino,Ticino,appellation,Curated alias normalized to canonical value.
dim_region.csv,Barossa Valley-McLaren Vale,76,other,,barossa valley mclaren vale,ambiguous_requires_context,0,,,,,,Compound auction label contains 3 distinct curated targets.
dim_region.csv,Fine Champagne,76,other,,fine champagne,excluded_non_wine_origin,1,,,,,,"Blend placeholder, unknown value, or spirits/non-wine geography outside this wine-origin reference."
dim_region.csv,Cote Chalonnaise,75,other,,cote chalonnaise,normalized_exact,1,FR-REG-COTE-CHALONNAISE,FR,Côte Chalonnaise,,region,"Accent, punctuation, whitespace and legal suffixes normalized."
dim_region.csv,Beaune-Marconnets,74,other,,beaune marconnets,curated_compound_to_specific,0.97,FR-ORI-BEAUNE,FR,Bourgogne,Beaune,appellation,Compound auction label contains a unique or hierarchically most specific curated target.
dim_region.csv,Campania IGT,74,other,,campania igt,normalized_alias,0.99,IT-ORI-CAMPANIA,IT,Campania,Campania,appellation,Curated alias normalized to canonical value.
dim_region.csv,Moscato d'Asti DOCG,74,other,,moscato d asti docg,normalized_alias,0.99,IT-ORI-MOSCATO-D-ASTI,IT,Piemonte,Moscato d'Asti,appellation,Curated alias normalized to canonical value.
dim_region.csv,Soave DOC,74,other,,soave doc,normalized_alias,0.99,IT-ORI-SOAVE,IT,Veneto,Soave,appellation,Curated alias normalized to canonical value.
dim_region.csv,Vino de la Tierra de Castilla,74,other,,vino de la tierra de castilla,curated_compound_to_specific,0.97,ES-ORI-CASTILLA,ES,Castilla-La Mancha,Castilla,appellation,Compound auction label contains a unique or hierarchically most specific curated target.
dim_region.csv,Colio DOC,73,other,,colio doc,normalized_alias,0.99,IT-ORI-COLLIO,IT,Friuli-Venezia Giulia,Collio,appellation,Curated alias normalized to canonical value.
dim_region.csv,Cotes de Gascogne,73,other,,cotes de gascogne,normalized_exact,1,FR-ORI-COTES-DE-GASCOGNE,FR,Sud-Ouest,Côtes de Gascogne,appellation,"Accent, punctuation, whitespace and legal suffixes normalized."
dim_region.csv,Cotes de Luberon,73,other,,cotes de luberon,curated_compound_to_specific,0.97,FR-ORI-LUBERON,FR,Vallée du Rhône,Luberon,appellation,Compound auction label contains a unique or hierarchically most specific curated target.
dim_region.csv,U.S.A.,73,other,,u s a,normalized_alias,0.99,US-COUNTRY,US,,,country,Curated alias normalized to canonical value.
dim_region.csv,United Kingdom,73,other,,united kingdom,normalized_alias,0.99,GB-COUNTRY,GB,,,country,Curated alias normalized to canonical value.
dim_region.csv,Bolgheri,72,other,,bolgheri,normalized_exact,1,IT-ORI-BOLGHERI,IT,Toscana,Bolgheri,appellation,"Accent, punctuation, whitespace and legal suffixes normalized."
dim_region.csv,Niagara Peninsula,72,other,,niagara peninsula,normalized_exact,1,CA-ORI-NIAGARA-PENINSULA,CA,Ontario,Niagara Peninsula,appellation,"Accent, punctuation, whitespace and legal suffixes normalized."
dim_region.csv,Perth Hills,72,other,,perth hills,normalized_exact,1,AU-ORI-PERTH-HILLS,AU,Western Australia,Perth Hills,appellation,"Accent, punctuation, whitespace and legal suffixes normalized."
dim_region.csv,Corton-Pougets,71,other,,corton pougets,curated_compound_to_specific,0.97,FR-ORI-CORTON,FR,Bourgogne,Corton,appellation,Compound auction label contains a unique or hierarchically most specific curated target.
dim_region.csv,Le Montrachet,71,other,,le montrachet,curated_compound_to_specific,0.97,FR-ORI-MONTRACHET,FR,Bourgogne,Montrachet,appellation,Compound auction label contains a unique or hierarchically most specific curated target.
dim_region.csv,Madiran,71,other,,madiran,normalized_exact,1,FR-ORI-MADIRAN,FR,Sud-Ouest,Madiran,appellation,"Accent, punctuation, whitespace and legal suffixes normalized."
dim_region.csv,Meursault-Blagny,71,other,,meursault blagny,curated_compound_to_specific,0.97,FR-ORI-MEURSAULT,FR,Bourgogne,Meursault,appellation,Compound auction label contains a unique or hierarchically most specific curated target.
dim_region.csv,Pommard-Rugiens,71,other,,pommard rugiens,curated_compound_to_specific,0.97,FR-ORI-POMMARD,FR,Bourgogne,Pommard,appellation,Compound auction label contains a unique or hierarchically most specific curated target.
dim_region.csv, Italia - Amarone della Valpolicella,70,other,,italia amarone della valpolicella,curated_compound_to_specific,0.97,IT-ORI-AMARONE-DELLA-VALPOLICELLA,IT,Veneto,Amarone della Valpolicella,appellation,Compound auction label contains a unique or hierarchically most specific curated target.
dim_region.csv,Saar,70,other,,saar,normalized_exact,1,DE-REG-SAAR,DE,Saar,,region,"Accent, punctuation, whitespace and legal suffixes normalized."
dim_region.csv,Trentino,70,other,,trentino,normalized_exact,1,IT-ORI-TRENTINO,IT,Trentino-Alto Adige,Trentino,appellation,"Accent, punctuation, whitespace and legal suffixes normalized."
dim_region.csv, Italia - PIEMONTE,69,other,,italia piemonte,curated_compound_to_specific,0.97,IT-ORI-PIEMONTE,IT,Piemonte,Piemonte,appellation,Compound auction label contains a unique or hierarchically most specific curated target.
dim_region.csv,Cote-de-Brouilly,69,other,,cote de brouilly,normalized_exact,1,FR-ORI-COTE-DE-BROUILLY,FR,Beaujolais,Côte de Brouilly,appellation,"Accent, punctuation, whitespace and legal suffixes normalized."
dim_region.csv,Oz Opera's Schools Program Charity,69,other,,oz opera s schools program charity,excluded_non_origin,1,,,,,,"Classification, grape/style, product, charity or other non-origin descriptor."
dim_region.csv,Savoie,69,other,,savoie,normalized_exact,1,FR-ORI-SAVOIE,FR,Savoie,Savoie,appellation,"Accent, punctuation, whitespace and legal suffixes normalized."
dim_region.csv,Montilla-Moriles,68,other,,montilla moriles,normalized_exact,1,ES-ORI-MONTILLA-MORILES,ES,Andalucía,Montilla-Moriles,appellation,"Accent, punctuation, whitespace and legal suffixes normalized."
dim_region.csv,Sicilia,68,other,,sicilia,normalized_exact,1,IT-ORI-SICILIA,IT,Sicilia,Sicilia,appellation,"Accent, punctuation, whitespace and legal suffixes normalized."
dim_region.csv,Vigneti Delle Dolomiti IGT,68,other,,vigneti delle dolomiti igt,normalized_alias,0.99,IT-ORI-VIGNETI-DELLE-DOLOMITI,IT,Trentino-Alto Adige,Vigneti delle Dolomiti,appellation,Curated alias normalized to canonical value.
dim_region.csv,Central Highlands NSW,67,other,,central highlands nsw,normalized_exact,1,AU-REG-CENTRAL-HIGHLANDS-NSW,AU,Central Highlands NSW,,region,"Accent, punctuation, whitespace and legal suffixes normalized."
dim_region.csv,Montefalco,67,other,,montefalco,normalized_exact,1,IT-ORI-MONTEFALCO,IT,Umbria,Montefalco,appellation,"Accent, punctuation, whitespace and legal suffixes normalized."
dim_region.csv,Northland,67,other,,northland,normalized_exact,1,NZ-ORI-NORTHLAND,NZ,Northland,Northland,appellation,"Accent, punctuation, whitespace and legal suffixes normalized."
dim_region.csv, Italia - Sforzato di Valtellina,66,other,,italia sforzato di valtellina,curated_compound_to_specific,0.97,IT-ORI-VALTELLINA,IT,Lombardia,Valtellina,appellation,Compound auction label contains a unique or hierarchically most specific curated target.
dim_region.csv,Margaret River-Mount Barker,66,other,,margaret river mount barker,ambiguous_requires_context,0,,,,,,Compound auction label contains 2 distinct curated targets.
dim_region.csv,Mt. Veeder,66,other,,mt veeder,normalized_exact,1,US-REG-MT-VEEDER,US,Mt. Veeder,,region,"Accent, punctuation, whitespace and legal suffixes normalized."
dim_region.csv,Pays d'Oc IGP,66,other,,pays d oc igp,normalized_alias,0.99,FR-ORI-PAYS-D-OC,FR,Languedoc-Roussillon,Pays d'Oc,appellation,Curated alias normalized to canonical value.
dim_region.csv,Rosso di Montalcino,66,other,,rosso di montalcino,normalized_exact,1,IT-ORI-ROSSO-DI-MONTALCINO,IT,Toscana,Rosso di Montalcino,appellation,"Accent, punctuation, whitespace and legal suffixes normalized."
dim_region.csv,Touraine,66,other,,touraine,normalized_exact,1,FR-ORI-TOURAINE,FR,Loire Valley,Touraine,appellation,"Accent, punctuation, whitespace and legal suffixes normalized."
dim_region.csv,Beaune-Bressandes,65,other,,beaune bressandes,curated_compound_to_specific,0.97,FR-ORI-BEAUNE,FR,Bourgogne,Beaune,appellation,Compound auction label contains a unique or hierarchically most specific curated target.
dim_region.csv,McLaren Flat,65,other,,mclaren flat,normalized_exact,1,AU-REG-MCLAREN-FLAT,AU,McLaren Flat,,region,"Accent, punctuation, whitespace and legal suffixes normalized."
dim_region.csv,Pic-St-Loup,65,other,,pic saint loup,normalized_exact,1,FR-ORI-PIC-SAINT-LOUP,FR,Languedoc-Roussillon,Pic Saint-Loup,appellation,"Accent, punctuation, whitespace and legal suffixes normalized."
dim_region.csv,Western Cape,65,other,,western cape,normalized_exact,1,ZA-ORI-WESTERN-CAPE,ZA,Western Cape,Western Cape,appellation,"Accent, punctuation, whitespace and legal suffixes normalized."
dim_region.csv,Currency Creek,64,other,,currency creek,normalized_exact,1,AU-ORI-CURRENCY-CREEK,AU,South Australia,Currency Creek,appellation,"Accent, punctuation, whitespace and legal suffixes normalized."
dim_region.csv,Lebanon,64,other,,lebanon,normalized_alias,0.99,LB-COUNTRY,LB,,,country,Curated alias normalized to canonical value.
dim_region.csv,Valpolicella Classico,64,other,,valpolicella classico,curated_compound_to_specific,0.97,IT-ORI-VALPOLICELLA,IT,Veneto,Valpolicella,appellation,Compound auction label contains a unique or hierarchically most specific curated target.
dim_region.csv,Coonawarra-Eden Valley,63,other,,coonawarra eden valley,ambiguous_requires_context,0,,,,,,Compound auction label contains 2 distinct curated targets.
dim_region.csv,New England,63,other,,new england,normalized_alias,0.99,AU-ORI-NEW-ENGLAND-AUSTRALIA,AU,New South Wales,New England Australia,appellation,Curated alias normalized to canonical value.
dim_region.csv,North Otago,63,other,,north otago,normalized_exact,1,NZ-REG-NORTH-OTAGO,NZ,North Otago,,region,"Accent, punctuation, whitespace and legal suffixes normalized."
dim_region.csv,Piemonte DOC,63,other,,piemonte doc,normalized_alias,0.99,IT-ORI-PIEMONTE,IT,Piemonte,Piemonte,appellation,Curated alias normalized to canonical value.
dim_region.csv,Cotes du Roussillon Villages,62,other,,cotes du roussillon villages,normalized_exact,1,FR-ORI-COTES-DU-ROUSSILLON-VILLAGES,FR,Languedoc-Roussillon,Côtes du Roussillon Villages,appellation,"Accent, punctuation, whitespace and legal suffixes normalized."
dim_region.csv,Mediterranee IGP,62,other,,mediterranee igp,normalized_alias,0.99,FR-ORI-MEDITERRANEE,FR,Provence,Méditerranée,appellation,Curated alias normalized to canonical value.
dim_region.csv,Neusiedlersee,62,other,,neusiedlersee,normalized_exact,1,AT-ORI-NEUSIEDLERSEE,AT,Burgenland,Neusiedlersee,appellation,"Accent, punctuation, whitespace and legal suffixes normalized."
dim_region.csv,Paso Robles,62,other,,paso robles,normalized_exact,1,US-REG-PASO-ROBLES,US,Paso Robles,,region,"Accent, punctuation, whitespace and legal suffixes normalized."
dim_region.csv,Santa Maria Valley,62,other,,santa maria valley,normalized_exact,1,US-REG-SANTA-MARIA-VALLEY,US,Santa Maria Valley,,region,"Accent, punctuation, whitespace and legal suffixes normalized."
dim_region.csv,Vin de Pays de L'Herault,62,other,,vin de pays de l herault,normalized_alias,0.99,FR-ORI-HERAULT,FR,Languedoc-Roussillon,Hérault,appellation,Curated alias normalized to canonical value.
dim_region.csv,Wilyabrup,62,other,,wilyabrup,normalized_exact,1,AU-ORI-WILYABRUP,AU,Western Australia,Wilyabrup,appellation,"Accent, punctuation, whitespace and legal suffixes normalized."
dim_region.csv,Yecla,62,other,,yecla,normalized_exact,1,ES-ORI-YECLA,ES,Región de Murcia,Yecla,appellation,"Accent, punctuation, whitespace and legal suffixes normalized."
dim_region.csv,Blanc de Blancs Brut,61,other,,blanc de blancs brut,excluded_non_origin,1,,,,,,"Classification, grape/style, product, charity or other non-origin descriptor."
dim_region.csv,Faugeres,61,other,,faugeres,normalized_exact,1,FR-ORI-FAUGERES,FR,Languedoc-Roussillon,Faugères,appellation,"Accent, punctuation, whitespace and legal suffixes normalized."
dim_region.csv,London,61,other,,london,unresolved_requires_review,0,,,,,,No unique legally curated target found.
dim_region.csv,Maipo Valley,61,other,,maipo valley,normalized_alias,0.99,CL-ORI-VALLE-DEL-MAIPO,CL,Valle Central,Valle del Maipo,appellation,Curated alias normalized to canonical value.
dim_region.csv,Morellino di Scansano DOCG,61,other,,morellino di scansano docg,normalized_alias,0.99,IT-ORI-MORELLINO-DI-SCANSANO,IT,Toscana,Morellino di Scansano,appellation,Curated alias normalized to canonical value.
dim_region.csv,Orange/Mudgee,61,other,,orange mudgee,ambiguous_requires_context,0,,,,,,Compound auction label contains 2 distinct curated targets.
dim_region.csv,Swartland,61,other,,swartland,normalized_exact,1,ZA-ORI-SWARTLAND,ZA,Coastal Region,Swartland,appellation,"Accent, punctuation, whitespace and legal suffixes normalized."
dim_region.csv,Vine Vale,61,other,,vine vale,normalized_exact,1,AU-REG-VINE-VALE,AU,Vine Vale,,region,"Accent, punctuation, whitespace and legal suffixes normalized."
dim_region.csv,Yea Valley,61,other,,yea valley,normalized_exact,1,AU-REG-YEA-VALLEY,AU,Yea Valley,,region,"Accent, punctuation, whitespace and legal suffixes normalized."
dim_region.csv,Bendigo-Heathcote,60,other,,bendigo heathcote,ambiguous_requires_context,0,,,,,,Compound auction label contains 2 distinct curated targets.
dim_region.csv,Billard,60,other,,billard,excluded_non_origin,1,,,,,,"Classification, grape/style, product, charity or other non-origin descriptor."
dim_region.csv,Calabria,60,other,,calabria,normalized_exact,1,IT-ORI-CALABRIA,IT,Calabria,Calabria,appellation,"Accent, punctuation, whitespace and legal suffixes normalized."
dim_region.csv,California / Napa Valley,60,other,,california napa valley,ambiguous_requires_context,0,,,,,,Compound auction label contains 2 distinct curated targets.
dim_region.csv,Jurancon,60,other,,jurancon,normalized_exact,1,FR-ORI-JURANCON,FR,Sud-Ouest,Jurançon,appellation,"Accent, punctuation, whitespace and legal suffixes normalized."
dim_region.csv,Priorat DOCa,60,other,,priorat doca,curated_compound_to_specific,0.97,ES-ORI-PRIORAT,ES,Catalunya,Priorat,appellation,Compound auction label contains a unique or hierarchically most specific curated target.
dim_region.csv,Heathcote/Mclaren Vale,59,other,,heathcote mclaren vale,ambiguous_requires_context,0,,,,,,Compound auction label contains 2 distinct curated targets.
dim_region.csv,Maotai,59,other,,maotai,excluded_non_origin,1,,,,,,"Classification, grape/style, product, charity or other non-origin descriptor."
dim_region.csv,Meursault-Poruzots,59,other,,meursault poruzots,curated_compound_to_specific,0.97,FR-ORI-MEURSAULT,FR,Bourgogne,Meursault,appellation,Compound auction label contains a unique or hierarchically most specific curated target.
dim_region.csv,Oregon,59,other,,oregon,normalized_exact,1,US-ORI-OREGON,US,Oregon,Oregon,appellation,"Accent, punctuation, whitespace and legal suffixes normalized."
dim_region.csv,Primitivo di Manduria,59,other,,primitivo di manduria,normalized_exact,1,IT-ORI-PRIMITIVO-DI-MANDURIA,IT,Puglia,Primitivo di Manduria,appellation,"Accent, punctuation, whitespace and legal suffixes normalized."
dim_region.csv,Rhône / Châteauneuf-du-Pape,59,other,,rhone chateauneuf du pape,ambiguous_requires_context,0,,,,,,Compound auction label contains 2 distinct curated targets.
dim_region.csv,Coteaux d'aix en Provence,58,other,,coteaux d aix en provence,normalized_exact,1,FR-ORI-COTEAUX-D-AIX-EN-PROVENCE,FR,Provence,Coteaux d'Aix-en-Provence,appellation,"Accent, punctuation, whitespace and legal suffixes normalized."
dim_region.csv,Francia - Rodano,58,other,,francia rodano,curated_compound_to_specific,0.97,FR-COUNTRY,FR,,,country,Compound auction label contains a unique or hierarchically most specific curated target.
dim_region.csv,Skye,58,other,,skye,out_of_scope_requires_extension,1,,,,,,Recognizable country or region outside the 21-country scope selected for v1.
dim_region.csv,Sudsteiermark,58,other,,sudsteiermark,normalized_exact,1,AT-ORI-SUDSTEIERMARK,AT,Steiermark,Südsteiermark,appellation,"Accent, punctuation, whitespace and legal suffixes normalized."
dim_region.csv,Valpolicella Superiore,58,other,,valpolicella superiore,curated_compound_to_specific,0.97,IT-ORI-VALPOLICELLA,IT,Veneto,Valpolicella,appellation,Compound auction label contains a unique or hierarchically most specific curated target.
dim_region.csv,Vin de Pays des Collines Rhodaniennes,58,other,,vin de pays des collines rhodaniennes,curated_compound_to_specific,0.97,FR-ORI-COLLINES-RHODANIENNES,FR,Vallée du Rhône,Collines Rhodaniennes,appellation,Compound auction label contains a unique or hierarchically most specific curated target.
dim_region.csv,Bergheim,57,other,,bergheim,normalized_exact,1,FR-REG-BERGHEIM,FR,Bergheim,,region,"Accent, punctuation, whitespace and legal suffixes normalized."
dim_region.csv,Coonawarra-Clare,57,other,,coonawarra clare,ambiguous_requires_context,0,,,,,,Compound auction label contains 2 distinct curated targets.
dim_region.csv,Delle Venezie,57,other,,delle venezie,normalized_exact,1,IT-ORI-DELLE-VENEZIE,IT,Veneto,Delle Venezie,appellation,"Accent, punctuation, whitespace and legal suffixes normalized."
dim_region.csv,Southern Flinders,57,other,,southern flinders,normalized_exact,1,AU-REG-SOUTHERN-FLINDERS,AU,Southern Flinders,,region,"Accent, punctuation, whitespace and legal suffixes normalized."
dim_region.csv,Valtellina Superiore,57,other,,valtellina superiore,normalized_exact,1,IT-ORI-VALTELLINA-SUPERIORE,IT,Lombardia,Valtellina Superiore,appellation,"Accent, punctuation, whitespace and legal suffixes normalized."
dim_region.csv,Vino da Tavola,57,other,,vino da tavola,excluded_non_origin,1,,,,,,"Classification, grape/style, product, charity or other non-origin descriptor."
dim_region.csv,Armagnac,56,other,,armagnac,excluded_non_wine_origin,1,,,,,,"Blend placeholder, unknown value, or spirits/non-wine geography outside this wine-origin reference."
dim_region.csv,Bordeaux / Saint-Julien,56,other,,bordeaux saint julien,curated_compound_to_specific,0.97,FR-ORI-SAINT-JULIEN,FR,Bordeaux,Saint-Julien,appellation,Compound auction label contains a unique or hierarchically most specific curated target.
dim_region.csv,Colli Orientali del Friuli,56,other,,colli orientali del friuli,normalized_alias,0.99,IT-ORI-FRIULI-COLLI-ORIENTALI,IT,Friuli-Venezia Giulia,Friuli Colli Orientali,appellation,Curated alias normalized to canonical value.
dim_region.csv,Cuba,56,other,,cuba,out_of_scope_requires_extension,1,,,,,,Recognizable country or region outside the 21-country scope selected for v1.
dim_region.csv,Undicicomuni,56,other,,undicicomuni,unresolved_requires_review,0,,,,,,No unique legally curated target found.
dim_region.csv,Vire-Clesse,56,other,,vire clesse,normalized_exact,1,FR-ORI-VIRE-CLESSE,FR,Bourgogne,Viré-Clessé,appellation,"Accent, punctuation, whitespace and legal suffixes normalized."
dim_region.csv,Blanc de Blancs,55,other,,blanc de blancs,excluded_non_origin,1,,,,,,"Classification, grape/style, product, charity or other non-origin descriptor."
dim_region.csv,Coonawarra (DO NOT USE,55,other,,coonawarra do not use,curated_compound_to_specific,0.97,AU-ORI-COONAWARRA,AU,South Australia,Coonawarra,appellation,Compound auction label contains a unique or hierarchically most specific curated target.
dim_region.csv,Francia,55,other,,francia,normalized_alias,0.99,FR-COUNTRY,FR,,,country,Curated alias normalized to canonical value.
dim_region.csv,Gueberschwihr,55,other,,gueberschwihr,normalized_exact,1,FR-REG-GUEBERSCHWIHR,FR,Gueberschwihr,,region,"Accent, punctuation, whitespace and legal suffixes normalized."
dim_region.csv,Lombardia,55,other,,lombardia,normalized_exact,1,IT-ORI-LOMBARDIA,IT,Lombardia,Lombardia,appellation,"Accent, punctuation, whitespace and legal suffixes normalized."
dim_region.csv,Pommard-Epenots,55,other,,pommard epenots,curated_compound_to_specific,0.97,FR-ORI-POMMARD,FR,Bourgogne,Pommard,appellation,Compound auction label contains a unique or hierarchically most specific curated target.
dim_region.csv,Sharkstone Chardonnay,55,other,,sharkstone chardonnay,excluded_non_origin,1,,,,,,"Classification, grape/style, product, charity or other non-origin descriptor."
dim_region.csv,Toscana  - Chianti,55,other,,toscana chianti,curated_compound_to_specific,0.97,IT-ORI-CHIANTI,IT,Toscana,Chianti,appellation,Compound auction label contains a unique or hierarchically most specific curated target.
dim_region.csv,Chianti Classico Riserva DOCG,54,other,,chianti classico riserva docg,curated_compound_to_specific,0.97,IT-ORI-CHIANTI-CLASSICO,IT,Toscana,Chianti Classico,appellation,Compound auction label contains a unique or hierarchically most specific curated target.
dim_region.csv,Hunter River,54,other,,hunter river,normalized_alias,0.99,AU-ORI-HUNTER-VALLEY,AU,New South Wales,Hunter Valley,appellation,Curated alias normalized to canonical value.
dim_region.csv,Ribeira Sacra,54,other,,ribeira sacra,normalized_exact,1,ES-ORI-RIBEIRA-SACRA,ES,Galicia,Ribeira Sacra,appellation,"Accent, punctuation, whitespace and legal suffixes normalized."
dim_region.csv,South West Western Australia,54,other,,south west western australia,curated_compound_to_specific,0.97,AU-ORI-WESTERN-AUSTRALIA,AU,Western Australia,Western Australia,appellation,Compound auction label contains a unique or hierarchically most specific curated target.
dim_region.csv,Taurasi DOCG,54,other,,taurasi docg,normalized_alias,0.99,IT-ORI-TAURASI,IT,Campania,Taurasi,appellation,Curated alias normalized to canonical value.
dim_region.csv, Italia - Venezia Giulia,53,other,,italia venezia giulia,curated_compound_to_specific,0.97,IT-ORI-VENEZIA-GIULIA,IT,Friuli-Venezia Giulia,Venezia Giulia,appellation,Compound auction label contains a unique or hierarchically most specific curated target.
dim_region.csv,Geographe,53,other,,geographe,normalized_exact,1,AU-ORI-GEOGRAPHE,AU,Western Australia,Geographe,appellation,"Accent, punctuation, whitespace and legal suffixes normalized."
dim_region.csv,Jamaica,53,other,,jamaica,out_of_scope_requires_extension,1,,,,,,Recognizable country or region outside the 21-country scope selected for v1.
dim_region.csv,Montalcino - Brunello di Montalcino,53,other,,montalcino brunello di montalcino,curated_compound_to_specific,0.97,IT-ORI-BRUNELLO-DI-MONTALCINO,IT,Toscana,Brunello di Montalcino,appellation,Compound auction label contains a unique or hierarchically most specific curated target.
dim_region.csv,Umbria IGT,53,other,,umbria igt,normalized_alias,0.99,IT-ORI-UMBRIA,IT,Umbria,Umbria,appellation,Curated alias normalized to canonical value.
dim_region.csv,ARABAKO TXAKOLINA,52,other,,arabako txakolina,normalized_exact,1,ES-ORI-ARABAKO-TXAKOLINA,ES,Basque Country,Arabako Txakolina,appellation,"Accent, punctuation, whitespace and legal suffixes normalized."
dim_region.csv,Clare Valley-Adelaide Hills,52,other,,clare valley adelaide hills,ambiguous_requires_context,0,,,,,,Compound auction label contains 3 distinct curated targets.
dim_region.csv,Coteaux Varois en Provence,52,other,,coteaux varois en provence,curated_compound_to_specific,0.97,FR-REG-PROVENCE,FR,Provence,,region,Compound auction label contains a unique or hierarchically most specific curated target.
dim_region.csv,Ferguson Valley W.A.,52,other,,ferguson valley w a,curated_compound_to_specific,0.97,AU-REG-FERGUSON-VALLEY,AU,Ferguson Valley,,region,Compound auction label contains a unique or hierarchically most specific curated target.
dim_region.csv,Hautes Cotes de Nuits,52,other,,hautes cotes de nuits,unresolved_requires_review,0,,,,,,No unique legally curated target found.
dim_region.csv,Puglia IGP,52,other,,puglia igp,normalized_alias,0.99,IT-ORI-PUGLIA,IT,Puglia,Puglia,appellation,Curated alias normalized to canonical value.
dim_region.csv,Cotes de Blaye,51,other,,cotes de blaye,unresolved_requires_review,0,,,,,,No unique legally curated target found.
dim_region.csv,Maranges,51,other,,maranges,normalized_exact,1,FR-ORI-MARANGES,FR,Bourgogne,Maranges,appellation,"Accent, punctuation, whitespace and legal suffixes normalized."
dim_region.csv,Moscato d'Asti,51,other,,moscato d asti,normalized_exact,1,IT-ORI-MOSCATO-D-ASTI,IT,Piemonte,Moscato d'Asti,appellation,"Accent, punctuation, whitespace and legal suffixes normalized."
dim_region.csv,Valpolicella,51,other,,valpolicella,normalized_exact,1,IT-ORI-VALPOLICELLA,IT,Veneto,Valpolicella,appellation,"Accent, punctuation, whitespace and legal suffixes normalized."
dim_region.csv,Gavi,50,other,,gavi,normalized_exact,1,IT-ORI-GAVI,IT,Piemonte,Gavi,appellation,"Accent, punctuation, whitespace and legal suffixes normalized."
dim_region.csv,IGT Alta Valle della Greve,50,other,,igt alta valle della greve,unresolved_requires_review,0,,,,,,No unique legally curated target found.
dim_region.csv,Ladoix,50,other,,ladoix,normalized_exact,1,FR-ORI-LADOIX,FR,Bourgogne,Ladoix,appellation,"Accent, punctuation, whitespace and legal suffixes normalized."
dim_region.csv,Mourvedre Barossa Valley,50,other,,mourvedre barossa valley,curated_compound_to_specific,0.97,AU-ORI-BAROSSA-VALLEY,AU,South Australia,Barossa Valley,appellation,Compound auction label contains a unique or hierarchically most specific curated target.
dim_region.csv,Nemea,50,other,,nemea,normalized_exact,1,GR-ORI-NEMEA,GR,Peloponnese,Nemea,appellation,"Accent, punctuation, whitespace and legal suffixes normalized."
dim_region.csv,Paarl,50,other,,paarl,normalized_exact,1,ZA-ORI-PAARL,ZA,Coastal Region,Paarl,appellation,"Accent, punctuation, whitespace and legal suffixes normalized."
dim_region.csv,South West England,50,other,,south west england,unresolved_requires_review,0,,,,,,No unique legally curated target found.
dim_region.csv,Val De Loire IGP,50,other,,val de loire igp,curated_compound_to_specific,0.97,FR-REG-LOIRE-VALLEY,FR,Loire Valley,,region,Compound auction label contains a unique or hierarchically most specific curated target.
dim_region.csv, Chianti - Super Tuscan,49,other,,chianti super tuscan,curated_compound_to_specific,0.97,IT-ORI-CHIANTI,IT,Toscana,Chianti,appellation,Compound auction label contains a unique or hierarchically most specific curated target.
dim_region.csv, Italia - Trentino Alto Adige,49,other,,italia trentino alto adige,ambiguous_requires_context,0,,,,,,Compound auction label contains 2 distinct curated targets.
dim_region.csv,Cannonau di Sardegna DOC,49,other,,cannonau di sardegna doc,curated_compound_to_specific,0.97,IT-REG-SARDEGNA,IT,Sardegna,,region,Compound auction label contains a unique or hierarchically most specific curated target.
dim_region.csv,Chiroubles,49,other,,chiroubles,unresolved_requires_review,0,,,,,,No unique legally curated target found.
dim_region.csv,Coteaux du Layon Chaume,49,other,,coteaux du layon chaume,curated_compound_to_specific,0.97,FR-ORI-COTEAUX-DU-LAYON,FR,Loire Valley,Coteaux du Layon,appellation,Compound auction label contains a unique or hierarchically most specific curated target.
dim_region.csv,Flinders Ranges,49,other,,flinders ranges,unresolved_requires_review,0,,,,,,No unique legally curated target found.
dim_region.csv,Franken,49,other,,franken,normalized_exact,1,DE-ORI-FRANKEN,DE,Franken,Franken,appellation,"Accent, punctuation, whitespace and legal suffixes normalized."
dim_region.csv,Hunter Valley - Hilltops,49,other,,hunter valley hilltops,ambiguous_requires_context,0,,,,,,Compound auction label contains 2 distinct curated targets.
dim_region.csv,La Romanee,49,other,,la romanee,normalized_exact,1,FR-ORI-LA-ROMANEE,FR,Bourgogne,La Romanée,appellation,"Accent, punctuation, whitespace and legal suffixes normalized."
dim_region.csv,Macon-Verze,49,other,,macon verze,unresolved_requires_review,0,,,,,,No unique legally curated target found.
dim_region.csv,Old Vine Shiraz,49,other,,old vine shiraz,unresolved_requires_review,0,,,,,,No unique legally curated target found.
dim_region.csv,Piemonte - Langhe,49,other,,piemonte langhe,curated_compound_to_specific,0.97,IT-ORI-LANGHE,IT,Piemonte,Langhe,appellation,Compound auction label contains a unique or hierarchically most specific curated target.
dim_region.csv,Sonoma County,49,other,,sonoma county,normalized_exact,1,US-ORI-SONOMA-COUNTY,US,California,Sonoma County,appellation,"Accent, punctuation, whitespace and legal suffixes normalized."
dim_region.csv,St-Peray,49,other,,saint peray,normalized_exact,1,FR-ORI-SAINT-PERAY,FR,Vallée du Rhône,Saint-Péray,appellation,"Accent, punctuation, whitespace and legal suffixes normalized."
dim_region.csv,Altamira,48,other,,altamira,unresolved_requires_review,0,,,,,,No unique legally curated target found.
dim_region.csv,Colchagua,48,other,,colchagua,unresolved_requires_review,0,,,,,,No unique legally curated target found.
dim_region.csv,Côte de Nuits Village,48,other,,cote de nuits village,curated_compound_to_specific,0.97,FR-REG-COTE-DE-NUITS,FR,Côte de Nuits,,region,Compound auction label contains a unique or hierarchically most specific curated target.
dim_region.csv,Etna Bianco DOC,48,other,,etna bianco doc,unresolved_requires_review,0,,,,,,No unique legally curated target found.
dim_region.csv,IGT,48,other,,igt,unresolved_requires_review,0,,,,,,No unique legally curated target found.
dim_region.csv,Tenerife,48,other,,tenerife,unresolved_requires_review,0,,,,,,No unique legally curated target found.
dim_region.csv,Bordeaux / Margaux,47,other,,bordeaux margaux,curated_compound_to_specific,0.97,FR-ORI-MARGAUX,FR,Bordeaux,Margaux,appellation,Compound auction label contains a unique or hierarchically most specific curated target.
dim_region.csv,Collio Goriziano/Collio,47,other,,collio goriziano collio,curated_compound_to_specific,0.97,IT-ORI-COLLIO,IT,Friuli-Venezia Giulia,Collio,appellation,Compound auction label contains a unique or hierarchically most specific curated target.
dim_region.csv,Eguisheim,47,other,,eguisheim,unresolved_requires_review,0,,,,,,No unique legally curated target found.
dim_region.csv,Friuli-Venezia Giulia,47,other,,friuli venezia giulia,normalized_exact,1,IT-ORI-FRIULI-VENEZIA-GIULIA,IT,Friuli-Venezia Giulia,Friuli-Venezia Giulia,appellation,"Accent, punctuation, whitespace and legal suffixes normalized."
dim_region.csv,Grande Champagne,47,other,,grande champagne,excluded_non_wine_origin,1,,,,,,"Blend placeholder, unknown value, or spirits/non-wine geography outside this wine-origin reference."
dim_region.csv,Sardinia,47,other,,sardinia,unresolved_requires_review,0,,,,,,No unique legally curated target found.
dim_region.csv,Catalunya,46,other,,catalunya,normalized_exact,1,ES-ORI-CATALUNYA,ES,Catalunya,Catalunya,appellation,"Accent, punctuation, whitespace and legal suffixes normalized."
dim_region.csv,Colli Lucchesi,46,other,,colli lucchesi,unresolved_requires_review,0,,,,,,No unique legally curated target found.
dim_region.csv,England,46,other,,england,unresolved_requires_review,0,,,,,,No unique legally curated target found.
dim_region.csv,IGT Toscana,46,other,,igt toscana,normalized_alias,0.99,IT-ORI-TOSCANA,IT,Toscana,Toscana,appellation,Curated alias normalized to canonical value.
dim_region.csv,Montagny,46,other,,montagny,unresolved_requires_review,0,,,,,,No unique legally curated target found.
dim_region.csv,Provence,46,other,,provence,normalized_exact,1,FR-REG-PROVENCE,FR,Provence,,region,"Accent, punctuation, whitespace and legal suffixes normalized."
dim_region.csv,Roero,46,other,,roero,normalized_exact,1,IT-ORI-ROERO,IT,Piemonte,Roero,appellation,"Accent, punctuation, whitespace and legal suffixes normalized."
dim_region.csv,Sori Del Cascinotto,46,other,,sori del cascinotto,unresolved_requires_review,0,,,,,,No unique legally curated target found.
dim_region.csv,Valpolicella Classico Superiore DOC,46,other,,valpolicella classico superiore doc,curated_compound_to_specific,0.97,IT-ORI-VALPOLICELLA,IT,Veneto,Valpolicella,appellation,Compound auction label contains a unique or hierarchically most specific curated target.
dim_region.csv, Italia - Grappa,45,other,,italia grappa,curated_compound_to_specific,0.97,IT-COUNTRY,IT,,,country,Compound auction label contains a unique or hierarchically most specific curated target.
dim_region.csv,McLaren Vale-Padthaway,45,other,,mclaren vale padthaway,ambiguous_requires_context,0,,,,,,Compound auction label contains 2 distinct curated targets.
dim_region.csv,Monthelie-les-Duresses,45,other,,monthelie les duresses,curated_compound_to_specific,0.97,FR-ORI-MONTHELIE,FR,Bourgogne,Monthélie,appellation,Compound auction label contains a unique or hierarchically most specific curated target.
dim_region.csv,Montlouis-sur-Loire,45,other,,montlouis sur loire,curated_compound_to_specific,0.97,FR-REG-LOIRE-VALLEY,FR,Loire Valley,,region,Compound auction label contains a unique or hierarchically most specific curated target.
dim_region.csv,Okanagan Valley,45,other,,okanagan valley,normalized_exact,1,CA-ORI-OKANAGAN-VALLEY,CA,British Columbia,Okanagan Valley,appellation,"Accent, punctuation, whitespace and legal suffixes normalized."
dim_region.csv,Vin De Corse,45,other,,vin de corse,unresolved_requires_review,0,,,,,,No unique legally curated target found.
dim_region.csv,Champagne - Gift Box,44,other,,champagne gift box,curated_compound_to_specific,0.97,FR-ORI-CHAMPAGNE,FR,Champagne,Champagne,appellation,Compound auction label contains a unique or hierarchically most specific curated target.
dim_region.csv,Clos de Mon Plaisir,44,other,,clos de mon plaisir,unresolved_requires_review,0,,,,,,No unique legally curated target found.
dim_region.csv,Oltrepo Pavese,44,other,,oltrepo pavese,unresolved_requires_review,0,,,,,,No unique legally curated target found.
dim_region.csv,Riserva,44,other,,riserva,unresolved_requires_review,0,,,,,,No unique legally curated target found.
dim_region.csv,Alentejo,43,other,,alentejo,normalized_exact,1,PT-ORI-ALENTEJO,PT,Alentejo,Alentejo,appellation,"Accent, punctuation, whitespace and legal suffixes normalized."
dim_region.csv,Bonnezeaux,43,other,,bonnezeaux,unresolved_requires_review,0,,,,,,No unique legally curated target found.
dim_region.csv,Jura,43,other,,jura,normalized_exact,1,FR-REG-JURA,FR,Jura,,region,"Accent, punctuation, whitespace and legal suffixes normalized."
dim_region.csv,Rocche Di Castiglione,43,other,,rocche di castiglione,unresolved_requires_review,0,,,,,,No unique legally curated target found.
dim_region.csv,Bierzo DO,42,other,,bierzo do,normalized_alias,0.99,ES-ORI-BIERZO,ES,Castilla y León,Bierzo,appellation,Curated alias normalized to canonical value.
dim_region.csv,Costieres de Nimes,42,other,,costieres de nimes,unresolved_requires_review,0,,,,,,No unique legally curated target found.
dim_region.csv,Coteaux Varois En Provence,42,other,,coteaux varois en provence,curated_compound_to_specific,0.97,FR-REG-PROVENCE,FR,Provence,,region,Compound auction label contains a unique or hierarchically most specific curated target.
dim_region.csv,L'Extravagant de Doisy-Daene,42,other,,l extravagant de doisy daene,unresolved_requires_review,0,,,,,,No unique legally curated target found.
dim_region.csv,Mixed Varieties,42,other,,mixed varieties,unresolved_requires_review,0,,,,,,No unique legally curated target found.
dim_region.csv,Moculta-Eden Valley,42,other,,moculta eden valley,curated_compound_to_specific,0.97,AU-ORI-EDEN-VALLEY,AU,South Australia,Eden Valley,appellation,Compound auction label contains a unique or hierarchically most specific curated target.
dim_region.csv,Monterey,42,other,,monterey,unresolved_requires_review,0,,,,,,No unique legally curated target found.
dim_region.csv,Rheinpfalz,42,other,,rheinpfalz,unresolved_requires_review,0,,,,,,No unique legally curated target found.
dim_region.csv,San Pablo,42,other,,san pablo,unresolved_requires_review,0,,,,,,No unique legally curated target found.
dim_region.csv,Siefersheimer,42,other,,siefersheimer,unresolved_requires_review,0,,,,,,No unique legally curated target found.
dim_region.csv,Sta Rita Hills,42,other,,sta rita hills,normalized_exact,1,US-REG-STA-RITA-HILLS,US,Sta. Rita Hills,,region,"Accent, punctuation, whitespace and legal suffixes normalized."
dim_region.csv,Tasman Peninsula,42,other,,tasman peninsula,unresolved_requires_review,0,,,,,,No unique legally curated target found.
dim_region.csv,Vin de Pays de L'aude,42,other,,vin de pays de l aude,unresolved_requires_review,0,,,,,,No unique legally curated target found.
dim_region.csv,Brouilly,41,other,,brouilly,unresolved_requires_review,0,,,,,,No unique legally curated target found.
dim_region.csv,Canberra-Hilltops,41,other,,canberra hilltops,curated_compound_to_specific,0.97,AU-ORI-HILLTOPS,AU,New South Wales,Hilltops,appellation,Compound auction label contains a unique or hierarchically most specific curated target.
dim_region.csv,Chorey-Les-Beaunes Les Beaumonts,41,other,,chorey les beaunes les beaumonts,unresolved_requires_review,0,,,,,,No unique legally curated target found.
dim_region.csv,Jalisco,41,other,,jalisco,unresolved_requires_review,0,,,,,,No unique legally curated target found.
dim_region.csv,Langenlois,41,other,,langenlois,unresolved_requires_review,0,,,,,,No unique legally curated target found.
dim_region.csv,Monash Valley,41,other,,monash valley,unresolved_requires_review,0,,,,,,No unique legally curated target found.
dim_region.csv,Rosso di Montepulciano,41,other,,rosso di montepulciano,unresolved_requires_review,0,,,,,,No unique legally curated target found.
dim_region.csv,delle Venezia IGT,41,other,,delle venezia igt,suggested_review,0.923,IT-ORI-DELLE-VENEZIE,IT,Veneto,Delle Venezie,appellation,String-similarity suggestion only; not accepted as a confirmed mapping.
dim_region.csv, Italia - Metodo Classico,40,other,,italia metodo classico,curated_compound_to_specific,0.97,IT-COUNTRY,IT,,,country,Compound auction label contains a unique or hierarchically most specific curated target.
dim_region.csv,Bordeaux / Pomerol,40,other,,bordeaux pomerol,curated_compound_to_specific,0.97,FR-ORI-POMEROL,FR,Bordeaux,Pomerol,appellation,Compound auction label contains a unique or hierarchically most specific curated target.
dim_region.csv,Moorabool,40,other,,moorabool,unresolved_requires_review,0,,,,,,No unique legally curated target found.
dim_region.csv,Sweden,40,other,,sweden,unresolved_requires_review,0,,,,,,No unique legally curated target found.
dim_region.csv,Valle del Rapel,40,other,,valle del rapel,normalized_exact,1,CL-ORI-VALLE-DEL-RAPEL,CL,Valle Central,Valle del Rapel,appellation,"Accent, punctuation, whitespace and legal suffixes normalized."
dim_region.csv,Vendange Tardive Riesling,40,other,,vendange tardive riesling,unresolved_requires_review,0,,,,,,No unique legally curated target found.
dim_region.csv,Costeries de Nimes,39,other,,costeries de nimes,unresolved_requires_review,0,,,,,,No unique legally curated target found.
dim_region.csv,Distillati,39,other,,distillati,unresolved_requires_review,0,,,,,,No unique legally curated target found.
dim_region.csv,Julienas,39,other,,julienas,unresolved_requires_review,0,,,,,,No unique legally curated target found.
dim_region.csv,Luzern,39,other,,luzern,unresolved_requires_review,0,,,,,,No unique legally curated target found.
dim_region.csv,Ravenna Rosso IGT,39,other,,ravenna rosso igt,unresolved_requires_review,0,,,,,,No unique legally curated target found.
dim_region.csv,Ripasso della Valpolicella DOC,39,other,,ripasso della valpolicella doc,curated_compound_to_specific,0.97,IT-ORI-VALPOLICELLA,IT,Veneto,Valpolicella,appellation,Compound auction label contains a unique or hierarchically most specific curated target.
dim_region.csv,Valpolicella Ripasso Classico Superiore Ca del Laito,39,other,,valpolicella ripasso classico superiore ca del laito,curated_compound_to_specific,0.97,IT-ORI-VALPOLICELLA,IT,Veneto,Valpolicella,appellation,Compound auction label contains a unique or hierarchically most specific curated target.
dim_region.csv,Carneros,38,other,,carneros,unresolved_requires_review,0,,,,,,No unique legally curated target found.
dim_region.csv,Cote de Beaune,38,other,,cote de beaune,normalized_exact,1,FR-REG-COTE-DE-BEAUNE,FR,Côte de Beaune,,region,"Accent, punctuation, whitespace and legal suffixes normalized."
dim_region.csv,Lower Murray,38,other,,lower murray,unresolved_requires_review,0,,,,,,No unique legally curated target found.
dim_region.csv,Salento IGT,38,other,,salento igt,normalized_alias,0.99,IT-ORI-SALENTO,IT,Puglia,Salento,appellation,Curated alias normalized to canonical value.
dim_region.csv,Savennieres-Roch-Aux-Moines,38,other,,savennieres roch aux moines,curated_compound_to_specific,0.97,FR-ORI-SAVENNIERES,FR,Loire Valley,Savennières,appellation,Compound auction label contains a unique or hierarchically most specific curated target.
dim_region.csv,South West France,38,other,,south west france,curated_compound_to_specific,0.97,FR-COUNTRY,FR,,,country,Compound auction label contains a unique or hierarchically most specific curated target.
dim_region.csv,Valle Central,38,other,,valle central,unresolved_requires_review,0,,,,,,No unique legally curated target found.
dim_region.csv,Patagonia,37,other,,patagonia,normalized_exact,1,AR-ORI-PATAGONIA,AR,Patagonia,Patagonia,appellation,"Accent, punctuation, whitespace and legal suffixes normalized."
dim_region.csv,Sanlucar de Barrameda,37,other,,sanlucar de barrameda,unresolved_requires_review,0,,,,,,No unique legally curated target found.
dim_region.csv,Sicilia ,37,other,,sicilia,normalized_exact,1,IT-ORI-SICILIA,IT,Sicilia,Sicilia,appellation,"Accent, punctuation, whitespace and legal suffixes normalized."
dim_region.csv,Sicilia IGP,37,other,,sicilia igp,normalized_alias,0.99,IT-ORI-SICILIA,IT,Sicilia,Sicilia,appellation,Curated alias normalized to canonical value.
dim_region.csv,Spagna - Brandy,37,other,,spagna brandy,unresolved_requires_review,0,,,,,,No unique legally curated target found.
dim_region.csv,Trentino/Alto-Adige,37,other,,trentino alto adige,ambiguous_requires_context,0,,,,,,Compound auction label contains 2 distinct curated targets.
dim_region.csv,Carillon D'Angelus,36,other,,carillon d angelus,unresolved_requires_review,0,,,,,,No unique legally curated target found.
dim_region.csv,Colli Tortonesi,36,other,,colli tortonesi,unresolved_requires_review,0,,,,,,No unique legally curated target found.
dim_region.csv,Coonawarra-Wrattonbully,36,other,,coonawarra wrattonbully,ambiguous_requires_context,0,,,,,,Compound auction label contains 2 distinct curated targets.
dim_region.csv,Coteaux-du-Languedoc,36,other,,coteaux du languedoc,curated_compound_to_specific,0.97,FR-ORI-LANGUEDOC,FR,Languedoc-Roussillon,Languedoc,appellation,Compound auction label contains a unique or hierarchically most specific curated target.
dim_region.csv,Echuca,36,other,,echuca,unresolved_requires_review,0,,,,,,No unique legally curated target found.
dim_region.csv,Healesville,36,other,,healesville,unresolved_requires_review,0,,,,,,No unique legally curated target found.
dim_region.csv,Isonzo DOC Rive Alte,36,other,,isonzo doc rive alte,unresolved_requires_review,0,,,,,,No unique legally curated target found.
dim_region.csv,Vaucluse IGP,36,other,,vaucluse igp,normalized_alias,0.99,FR-ORI-VAUCLUSE,FR,Vallée du Rhône,Vaucluse,appellation,Curated alias normalized to canonical value.
dim_region.csv, Italia - Langhe,35,other,,italia langhe,curated_compound_to_specific,0.97,IT-ORI-LANGHE,IT,Piemonte,Langhe,appellation,Compound auction label contains a unique or hierarchically most specific curated target.
dim_region.csv,Anjou-Villages,35,other,,anjou villages,curated_compound_to_specific,0.97,FR-ORI-ANJOU,FR,Loire Valley,Anjou,appellation,Compound auction label contains a unique or hierarchically most specific curated target.
dim_region.csv,Brauneberg (Juffer),35,other,,brauneberg juffer,unresolved_requires_review,0,,,,,,No unique legally curated target found.
dim_region.csv,Hemel-En-Aade Valley,35,other,,hemel en aade valley,suggested_review,0.952,ZA-ORI-HEMEL-EN-AARDE-VALLEY,ZA,Cape South Coast,Hemel-en-Aarde Valley,appellation,String-similarity suggestion only; not accepted as a confirmed mapping.
dim_region.csv,Umbria - Sagrantino di Montefalco,35,other,,umbria sagrantino di montefalco,curated_compound_to_specific,0.97,IT-ORI-MONTEFALCO-SAGRANTINO,IT,Umbria,Montefalco Sagrantino,appellation,Compound auction label contains a unique or hierarchically most specific curated target.
dim_region.csv,Vermentino di Sardegna DOC,35,other,,vermentino di sardegna doc,curated_compound_to_specific,0.97,IT-REG-SARDEGNA,IT,Sardegna,,region,Compound auction label contains a unique or hierarchically most specific curated target.
dim_region.csv, Italia - Campania,34,other,,italia campania,curated_compound_to_specific,0.97,IT-ORI-CAMPANIA,IT,Campania,Campania,appellation,Compound auction label contains a unique or hierarchically most specific curated target.
dim_region.csv,Alicante,34,other,,alicante,normalized_exact,1,ES-ORI-ALICANTE,ES,Comunitat Valenciana,Alicante,appellation,"Accent, punctuation, whitespace and legal suffixes normalized."
dim_region.csv,Barossa Ranges,34,other,,barossa ranges,curated_compound_to_specific,0.97,AU-ORI-BAROSSA,AU,South Australia,Barossa,appellation,Compound auction label contains a unique or hierarchically most specific curated target.
dim_region.csv,Barossa Valley-Langhorne Creek,34,other,,barossa valley langhorne creek,ambiguous_requires_context,0,,,,,,Compound auction label contains 3 distinct curated targets.
dim_region.csv,Blanc,34,other,,blanc,unresolved_requires_review,0,,,,,,No unique legally curated target found.
dim_region.csv,Colchagua Chile,34,other,,colchagua chile,curated_compound_to_specific,0.97,CL-COUNTRY,CL,,,country,Compound auction label contains a unique or hierarchically most specific curated target.
dim_region.csv,Irlanda - Whisky,34,other,,irlanda whisky,excluded_non_wine_origin,1,,,,,,"Blend placeholder, unknown value, or spirits/non-wine geography outside this wine-origin reference."
dim_region.csv,Limestone Coast - Langhorne Creek,34,other,,limestone coast langhorne creek,ambiguous_requires_context,0,,,,,,Compound auction label contains 2 distinct curated targets.
dim_region.csv,Mclaren Vale-Fleurieu,34,other,,mclaren vale fleurieu,ambiguous_requires_context,0,,,,,,Compound auction label contains 2 distinct curated targets.
dim_region.csv,Nessuno,34,other,,nessuno,unresolved_requires_review,0,,,,,,No unique legally curated target found.
dim_region.csv,Ritme,34,other,,ritme,unresolved_requires_review,0,,,,,,No unique legally curated target found.
dim_region.csv,Rivesaltes,34,other,,rivesaltes,unresolved_requires_review,0,,,,,,No unique legally curated target found.
dim_region.csv,Salento Rosso IGT,34,other,,salento rosso igt,curated_compound_to_specific,0.97,IT-ORI-SALENTO,IT,Puglia,Salento,appellation,Compound auction label contains a unique or hierarchically most specific curated target.
dim_region.csv,Salice Salentino,34,other,,salice salentino,unresolved_requires_review,0,,,,,,No unique legally curated target found.
dim_region.csv,St-Chinian,34,other,,saint chinian,unresolved_requires_review,0,,,,,,No unique legally curated target found.
dim_region.csv, Italia - Umbria,33,other,,italia umbria,curated_compound_to_specific,0.97,IT-ORI-UMBRIA,IT,Umbria,Umbria,appellation,Compound auction label contains a unique or hierarchically most specific curated target.
dim_region.csv,Argentina,33,other,,argentina,normalized_alias,0.99,AR-COUNTRY,AR,,,country,Curated alias normalized to canonical value.
dim_region.csv,Bolgheri Superiore DOC,33,other,,bolgheri superiore doc,curated_compound_to_specific,0.97,IT-ORI-BOLGHERI,IT,Toscana,Bolgheri,appellation,Compound auction label contains a unique or hierarchically most specific curated target.
dim_region.csv,Clos des Hospices Dans Les Clos,33,other,,clos des hospices dans les clos,unresolved_requires_review,0,,,,,,No unique legally curated target found.
dim_region.csv,Eden-Barossa Valley,33,other,,eden barossa valley,curated_compound_to_specific,0.97,AU-ORI-BAROSSA-VALLEY,AU,South Australia,Barossa Valley,appellation,Compound auction label contains a unique or hierarchically most specific curated target.
dim_region.csv,Grave del Friuli,33,other,,grave del friuli,unresolved_requires_review,0,,,,,,No unique legally curated target found.
dim_region.csv,Marsala DOC,33,other,,marsala doc,normalized_alias,0.99,IT-ORI-MARSALA,IT,Sicilia,Marsala,appellation,Curated alias normalized to canonical value.
dim_region.csv,Osterreich,33,other,,osterreich,normalized_alias,0.99,AT-COUNTRY,AT,,,country,Curated alias normalized to canonical value.
dim_region.csv,Rylstone,33,other,,rylstone,unresolved_requires_review,0,,,,,,No unique legally curated target found.
dim_region.csv,Valtellina,33,other,,valtellina,normalized_exact,1,IT-ORI-VALTELLINA,IT,Lombardia,Valtellina,appellation,"Accent, punctuation, whitespace and legal suffixes normalized."
dim_region.csv,Whisky,33,other,,whisky,excluded_non_wine_origin,1,,,,,,"Blend placeholder, unknown value, or spirits/non-wine geography outside this wine-origin reference."
dim_region.csv, Italia - Denominazioni varie,32,other,,italia denominazioni varie,curated_compound_to_specific,0.97,IT-COUNTRY,IT,,,country,Compound auction label contains a unique or hierarchically most specific curated target.
dim_region.csv, Italia - Valtellina,32,other,,italia valtellina,curated_compound_to_specific,0.97,IT-ORI-VALTELLINA,IT,Lombardia,Valtellina,appellation,Compound auction label contains a unique or hierarchically most specific curated target.
dim_region.csv,Bernkastel,32,other,,bernkastel,unresolved_requires_review,0,,,,,,No unique legally curated target found.
dim_region.csv,Biggenden,32,other,,biggenden,unresolved_requires_review,0,,,,,,No unique legally curated target found.
dim_region.csv,Ch-Grillet,32,other,,ch grillet,unresolved_requires_review,0,,,,,,No unique legally curated target found.
dim_region.csv,Colchagua  Chile,32,other,,colchagua chile,curated_compound_to_specific,0.97,CL-COUNTRY,CL,,,country,Compound auction label contains a unique or hierarchically most specific curated target.
dim_region.csv,Coonawarra-Margaret River,32,other,,coonawarra margaret river,ambiguous_requires_context,0,,,,,,Compound auction label contains 2 distinct curated targets.
dim_region.csv,McLaren,32,other,,mclaren,normalized_alias,0.99,AU-ORI-MCLAREN-VALE,AU,South Australia,McLaren Vale,appellation,Curated alias normalized to canonical value.
dim_region.csv,Nebbiolo Langhe,32,other,,nebbiolo langhe,curated_compound_to_specific,0.97,IT-ORI-LANGHE,IT,Piemonte,Langhe,appellation,Compound auction label contains a unique or hierarchically most specific curated target.
dim_region.csv,South Burnett,32,other,,south burnett,unresolved_requires_review,0,,,,,,No unique legally curated target found.
dim_region.csv,Toscana / Chianti,32,other,,toscana chianti,curated_compound_to_specific,0.97,IT-ORI-CHIANTI,IT,Toscana,Chianti,appellation,Compound auction label contains a unique or hierarchically most specific curated target.
dim_region.csv,Toskana,32,other,,toskana,unresolved_requires_review,0,,,,,,No unique legally curated target found.
dim_region.csv,Vino Rosso Toscana,32,other,,vino rosso toscana,curated_compound_to_specific,0.97,IT-ORI-TOSCANA,IT,Toscana,Toscana,appellation,Compound auction label contains a unique or hierarchically most specific curated target.
dim_region.csv, Italia - Sicilia,31,other,,italia sicilia,curated_compound_to_specific,0.97,IT-ORI-SICILIA,IT,Sicilia,Sicilia,appellation,Compound auction label contains a unique or hierarchically most specific curated target.
dim_region.csv,Barossa Valley-Great Western,31,other,,barossa valley great western,ambiguous_requires_context,0,,,,,,Compound auction label contains 3 distinct curated targets.
dim_region.csv,Cienega Valley,31,other,,cienega valley,unresolved_requires_review,0,,,,,,No unique legally curated target found.
dim_region.csv,Cremant de Bourgogne,31,other,,cremant de bourgogne,curated_compound_to_specific,0.97,FR-ORI-BOURGOGNE,FR,Bourgogne,Bourgogne,appellation,Compound auction label contains a unique or hierarchically most specific curated target.
dim_region.csv,Drei-Seen-Land / Neuchâtel,31,other,,drei seen land neuchatel,curated_compound_to_specific,0.97,CH-ORI-NEUCHATEL,CH,Neuchâtel,Neuchâtel,appellation,Compound auction label contains a unique or hierarchically most specific curated target.
dim_region.csv,Fine Champagne Cognac,31,other,,fine champagne cognac,excluded_non_wine_origin,1,,,,,,"Blend placeholder, unknown value, or spirits/non-wine geography outside this wine-origin reference."
dim_region.csv,Hunter Valley-Mudgee,31,other,,hunter valley mudgee,ambiguous_requires_context,0,,,,,,Compound auction label contains 2 distinct curated targets.
dim_region.csv,Niederosterreich,31,other,,niederosterreich,unresolved_requires_review,0,,,,,,No unique legally curated target found.
dim_region.csv,Pessac-Léo,31,other,,pessac leo,unresolved_requires_review,0,,,,,,No unique legally curated target found.
dim_region.csv,San Gimignano,31,other,,san gimignano,unresolved_requires_review,0,,,,,,No unique legally curated target found.
dim_region.csv,Santa Rita Hills,31,other,,santa rita hills,normalized_alias,0.99,US-REG-STA-RITA-HILLS,US,Sta. Rita Hills,,region,Curated alias normalized to canonical value.
dim_region.csv,Sardegna,31,other,,sardegna,normalized_exact,1,IT-REG-SARDEGNA,IT,Sardegna,,region,"Accent, punctuation, whitespace and legal suffixes normalized."
dim_region.csv,Slovenia,31,other,,slovenia,normalized_alias,0.99,SI-COUNTRY,SI,,,country,Curated alias normalized to canonical value.
dim_region.csv,Treviso,31,other,,treviso,unresolved_requires_review,0,,,,,,No unique legally curated target found.
dim_region.csv,holds 12 bottles,31,other,,holds 12 bottles,unresolved_requires_review,0,,,,,,No unique legally curated target found.
dim_region.csv, Italia,30,other,,italia,normalized_alias,0.99,IT-COUNTRY,IT,,,country,Curated alias normalized to canonical value.
dim_region.csv, Italia - Lombardia,30,other,,italia lombardia,curated_compound_to_specific,0.97,IT-ORI-LOMBARDIA,IT,Lombardia,Lombardia,appellation,Compound auction label contains a unique or hierarchically most specific curated target.
dim_region.csv,Barolo Marenca,30,other,,barolo marenca,curated_compound_to_specific,0.97,IT-ORI-BAROLO,IT,Piemonte,Barolo,appellation,Compound auction label contains a unique or hierarchically most specific curated target.
dim_region.csv,Frankland River-Margaret River,30,other,,frankland river margaret river,ambiguous_requires_context,0,,,,,,Compound auction label contains 2 distinct curated targets.
dim_region.csv,Languedoc-Roussillon / Languedoc,30,other,,languedoc roussillon languedoc,curated_compound_to_specific,0.97,FR-ORI-LANGUEDOC,FR,Languedoc-Roussillon,Languedoc,appellation,Compound auction label contains a unique or hierarchically most specific curated target.
dim_region.csv,Magill,30,other,,magill,unresolved_requires_review,0,,,,,,No unique legally curated target found.
dim_region.csv,Meursault-Santenots,30,other,,meursault santenots,curated_compound_to_specific,0.97,FR-ORI-MEURSAULT,FR,Bourgogne,Meursault,appellation,Compound auction label contains a unique or hierarchically most specific curated target.
dim_region.csv,Moulin-A-Vent,30,other,,moulin a vent,normalized_exact,1,FR-ORI-MOULIN-A-VENT,FR,Beaujolais,Moulin-à-Vent,appellation,"Accent, punctuation, whitespace and legal suffixes normalized."
dim_region.csv,Rennina,30,other,,rennina,unresolved_requires_review,0,,,,,,No unique legally curated target found.
dim_region.csv,Riquewihr Alsace,30,other,,riquewihr alsace,ambiguous_requires_context,0,,,,,,Compound auction label contains 2 distinct curated targets.
dim_region.csv,Saint-Amour,30,other,,saint amour,unresolved_requires_review,0,,,,,,No unique legally curated target found.
dim_region.csv,Toscana  - Nobile di Montepulciano,30,other,,toscana nobile di montepulciano,curated_compound_to_specific,0.97,IT-ORI-TOSCANA,IT,Toscana,Toscana,appellation,Compound auction label contains a unique or hierarchically most specific curated target.
dim_region.csv,Bouzy,29,other,,bouzy,unresolved_requires_review,0,,,,,,No unique legally curated target found.
dim_region.csv,Puglia IGT,29,other,,puglia igt,normalized_alias,0.99,IT-ORI-PUGLIA,IT,Puglia,Puglia,appellation,Curated alias normalized to canonical value.
dim_region.csv,Rocche di Castiglione Barolo,29,other,,rocche di castiglione barolo,curated_compound_to_specific,0.97,IT-ORI-BAROLO,IT,Piemonte,Barolo,appellation,Compound auction label contains a unique or hierarchically most specific curated target.
dim_region.csv,Upper Yarra Valley,29,other,,upper yarra valley,curated_compound_to_specific,0.97,AU-ORI-YARRA-VALLEY,AU,Victoria,Yarra Valley,appellation,Compound auction label contains a unique or hierarchically most specific curated target.
dim_region.csv,Valpolicello Classico Superiore,29,other,,valpolicello classico superiore,unresolved_requires_review,0,,,,,,No unique legally curated target found.
dim_region.csv,Wrattonbully-Coonawarra,29,other,,wrattonbully coonawarra,ambiguous_requires_context,0,,,,,,Compound auction label contains 2 distinct curated targets.
dim_region.csv, Italia - Barbera,28,other,,italia barbera,curated_compound_to_specific,0.97,IT-COUNTRY,IT,,,country,Compound auction label contains a unique or hierarchically most specific curated target.
dim_region.csv, Italia - Brandy,28,other,,italia brandy,curated_compound_to_specific,0.97,IT-COUNTRY,IT,,,country,Compound auction label contains a unique or hierarchically most specific curated target.
dim_region.csv, Italia - Distillati,28,other,,italia distillati,curated_compound_to_specific,0.97,IT-COUNTRY,IT,,,country,Compound auction label contains a unique or hierarchically most specific curated target.
dim_region.csv, Italia - Franciacorta,28,other,,italia franciacorta,curated_compound_to_specific,0.97,IT-ORI-FRANCIACORTA,IT,Lombardia,Franciacorta,appellation,Compound auction label contains a unique or hierarchically most specific curated target.
dim_region.csv,Carnasciale,28,other,,carnasciale,unresolved_requires_review,0,,,,,,No unique legally curated target found.
dim_region.csv,Dundee Hills,28,other,,dundee hills,normalized_exact,1,US-REG-DUNDEE-HILLS,US,Dundee Hills,,region,"Accent, punctuation, whitespace and legal suffixes normalized."
dim_region.csv,Genf,28,other,,genf,unresolved_requires_review,0,,,,,,No unique legally curated target found.
dim_region.csv,Giamaica - Rum,28,other,,giamaica rum,unresolved_requires_review,0,,,,,,No unique legally curated target found.
dim_region.csv,Haut-Rhin,28,other,,haut rhin,unresolved_requires_review,0,,,,,,No unique legally curated target found.
dim_region.csv,Hunter Valley-Langhorne Creek,28,other,,hunter valley langhorne creek,ambiguous_requires_context,0,,,,,,Compound auction label contains 2 distinct curated targets.
dim_region.csv,Les Aromes de Pavie(second wine by Pavie),28,other,,les aromes de pavie second wine by pavie,unresolved_requires_review,0,,,,,,No unique legally curated target found.
dim_region.csv,Les Beatines Rouge,28,other,,les beatines rouge,unresolved_requires_review,0,,,,,,No unique legally curated target found.
dim_region.csv,Marlborough/Hawkes Bay,28,other,,marlborough hawkes bay,ambiguous_requires_context,0,,,,,,Compound auction label contains 2 distinct curated targets.
dim_region.csv,Methode Traditionnelle,28,other,,methode traditionnelle,unresolved_requires_review,0,,,,,,No unique legally curated target found.
dim_region.csv,Petite Champagne,28,other,,petite champagne,curated_compound_to_specific,0.97,FR-ORI-CHAMPAGNE,FR,Champagne,Champagne,appellation,Compound auction label contains a unique or hierarchically most specific curated target.
dim_region.csv,Prosecco,28,other,,prosecco,normalized_exact,1,IT-ORI-PROSECCO,IT,Veneto,Prosecco,appellation,"Accent, punctuation, whitespace and legal suffixes normalized."
dim_region.csv,Puente Alto,28,other,,puente alto,unresolved_requires_review,0,,,,,,No unique legally curated target found.
dim_region.csv,Roero Arneis,28,other,,roero arneis,curated_compound_to_specific,0.97,IT-ORI-ROERO,IT,Piemonte,Roero,appellation,Compound auction label contains a unique or hierarchically most specific curated target.
dim_region.csv,Scozia - Distillati,28,other,,scozia distillati,unresolved_requires_review,0,,,,,,No unique legally curated target found.
dim_region.csv,St-Veran,28,other,,saint veran,unresolved_requires_review,0,,,,,,No unique legally curated target found.
dim_region.csv,The Lakeland Gin,28,other,,the lakeland gin,unresolved_requires_review,0,,,,,,No unique legally curated target found.
dim_region.csv,Trebbiano d'Abruzzo,28,other,,trebbiano d abruzzo,curated_compound_to_specific,0.97,IT-ORI-ABRUZZO,IT,Abruzzo,Abruzzo,appellation,Compound auction label contains a unique or hierarchically most specific curated target.
dim_region.csv,Unlabelled,28,other,,unlabelled,unresolved_requires_review,0,,,,,,No unique legally curated target found.
dim_region.csv,Big Rivers,27,other,,big rivers,unresolved_requires_review,0,,,,,,No unique legally curated target found.
dim_region.csv,Bourgueil,27,other,,bourgueil,unresolved_requires_review,0,,,,,,No unique legally curated target found.
dim_region.csv,Chianti Rufina,27,other,,chianti rufina,curated_compound_to_specific,0.97,IT-ORI-CHIANTI,IT,Toscana,Chianti,appellation,Compound auction label contains a unique or hierarchically most specific curated target.
dim_region.csv,Coastal Region,27,other,,coastal region,normalized_exact,1,ZA-ORI-COASTAL-REGION,ZA,Coastal Region,Coastal Region,appellation,"Accent, punctuation, whitespace and legal suffixes normalized."
dim_region.csv,Delle Venezie IGT,27,other,,delle venezie igt,normalized_alias,0.99,IT-ORI-DELLE-VENEZIE,IT,Veneto,Delle Venezie,appellation,Curated alias normalized to canonical value.
dim_region.csv,Francia - Distillati,27,other,,francia distillati,curated_compound_to_specific,0.97,FR-COUNTRY,FR,,,country,Compound auction label contains a unique or hierarchically most specific curated target.
dim_region.csv,Heathcote DO NOT USE THIS CODE (use code:CLLPS),27,other,,heathcote do not use this code use code cllps,curated_compound_to_specific,0.97,AU-ORI-HEATHCOTE,AU,Victoria,Heathcote,appellation,Compound auction label contains a unique or hierarchically most specific curated target.
dim_region.csv,Holland,27,other,,holland,unresolved_requires_review,0,,,,,,No unique legally curated target found.
dim_region.csv,Hungary,27,other,,hungary,normalized_alias,0.99,HU-COUNTRY,HU,,,country,Curated alias normalized to canonical value.
dim_region.csv,Isola dei Nuraghi IGT,27,other,,isola dei nuraghi igt,unresolved_requires_review,0,,,,,,No unique legally curated target found.
dim_region.csv,Macon-Uchizy,27,other,,macon uchizy,unresolved_requires_review,0,,,,,,No unique legally curated target found.
dim_region.csv,Niagra,27,other,,niagra,unresolved_requires_review,0,,,,,,No unique legally curated target found.
dim_region.csv,Old Matured (Hermitage) Shiraz,27,other,,old matured hermitage shiraz,curated_compound_to_specific,0.97,FR-ORI-HERMITAGE,FR,Vallée du Rhône,Hermitage,appellation,Compound auction label contains a unique or hierarchically most specific curated target.
dim_region.csv,Santa Ynez Valley,27,other,,santa ynez valley,normalized_exact,1,US-REG-SANTA-YNEZ-VALLEY,US,Santa Ynez Valley,,region,"Accent, punctuation, whitespace and legal suffixes normalized."
dim_region.csv,Savigny,27,other,,savigny,unresolved_requires_review,0,,,,,,No unique legally curated target found.
dim_region.csv,Vintage Brut Champagne,27,other,,vintage brut champagne,curated_compound_to_specific,0.97,FR-ORI-CHAMPAGNE,FR,Champagne,Champagne,appellation,Compound auction label contains a unique or hierarchically most specific curated target.
dim_region.csv, Champagne - Champagne,26,other,,champagne champagne,curated_compound_to_specific,0.97,FR-ORI-CHAMPAGNE,FR,Champagne,Champagne,appellation,Compound auction label contains a unique or hierarchically most specific curated target.
dim_region.csv, Italia - Vini Dolci,26,other,,italia vini dolci,curated_compound_to_specific,0.97,IT-COUNTRY,IT,,,country,Compound auction label contains a unique or hierarchically most specific curated target.
dim_region.csv,Arbois Pupillin,26,other,,arbois pupillin,curated_compound_to_specific,0.97,FR-ORI-ARBOIS,FR,Jura,Arbois,appellation,Compound auction label contains a unique or hierarchically most specific curated target.
dim_region.csv,Bourgogne Hautes-Cotes de Nuits,26,other,,bourgogne hautes cotes de nuits,normalized_exact,1,FR-ORI-BOURGOGNE-HAUTES-COTES-DE-NUITS,FR,Bourgogne,Bourgogne Hautes Côtes de Nuits,appellation,"Accent, punctuation, whitespace and legal suffixes normalized."
dim_region.csv,Canada,26,other,,canada,normalized_alias,0.99,CA-COUNTRY,CA,,,country,Curated alias normalized to canonical value.
dim_region.csv,Cataluña / Priorat,26,other,,cataluna priorat,curated_compound_to_specific,0.97,ES-ORI-PRIORAT,ES,Catalunya,Priorat,appellation,Compound auction label contains a unique or hierarchically most specific curated target.
dim_region.csv,Colchagua Valley,26,other,,colchagua valley,normalized_alias,0.99,CL-ORI-VALLE-DE-COLCHAGUA,CL,Valle Central,Valle de Colchagua,appellation,Curated alias normalized to canonical value.
dim_region.csv,Colline Lucchesi DOC,26,other,,colline lucchesi doc,unresolved_requires_review,0,,,,,,No unique legally curated target found.
dim_region.csv,Moselle,26,other,,moselle,unresolved_requires_review,0,,,,,,No unique legally curated target found.
dim_region.csv,Murrumbidgee,26,other,,murrumbidgee,unresolved_requires_review,0,,,,,,No unique legally curated target found.
dim_region.csv,Netherlands,26,other,,netherlands,unresolved_requires_review,0,,,,,,No unique legally curated target found.
dim_region.csv,Otway Hinterland,26,other,,otway hinterland,unresolved_requires_review,0,,,,,,No unique legally curated target found.
dim_region.csv,Piemonte - Chardonnay,26,other,,piemonte chardonnay,curated_compound_to_specific,0.97,IT-ORI-PIEMONTE,IT,Piemonte,Piemonte,appellation,Compound auction label contains a unique or hierarchically most specific curated target.
dim_region.csv,Rioja DOCa,26,other,,rioja doca,curated_compound_to_specific,0.97,ES-ORI-RIOJA,ES,Rioja,Rioja,appellation,Compound auction label contains a unique or hierarchically most specific curated target.
dim_region.csv,Sugarille,26,other,,sugarille,unresolved_requires_review,0,,,,,,No unique legally curated target found.
dim_region.csv,Tumbarumba-Margaret River,26,other,,tumbarumba margaret river,ambiguous_requires_context,0,,,,,,Compound auction label contains 2 distinct curated targets.
dim_region.csv,37% ABV Bundaberg,25,other,,37 abv bundaberg,curated_compound_to_specific,0.97,AU-REG-BUNDABERG,AU,Bundaberg,,region,Compound auction label contains a unique or hierarchically most specific curated target.
dim_region.csv,Ahr,25,other,,ahr,normalized_exact,1,DE-ORI-AHR,DE,Ahr,Ahr,appellation,"Accent, punctuation, whitespace and legal suffixes normalized."
dim_region.csv,Chateau 'R' Dry White,25,other,,chateau r dry white,unresolved_requires_review,0,,,,,,No unique legally curated target found.
dim_region.csv,Coteaux d'Aix en Provence,25,other,,coteaux d aix en provence,normalized_exact,1,FR-ORI-COTEAUX-D-AIX-EN-PROVENCE,FR,Provence,Coteaux d'Aix-en-Provence,appellation,"Accent, punctuation, whitespace and legal suffixes normalized."
dim_region.csv,Coteaux de Peyriac,25,other,,coteaux de peyriac,unresolved_requires_review,0,,,,,,No unique legally curated target found.
dim_region.csv,Dao,25,other,,dao,normalized_exact,1,PT-ORI-DAO,PT,Dão,Dão,appellation,"Accent, punctuation, whitespace and legal suffixes normalized."
dim_region.csv,Delle Venezie DOC,25,other,,delle venezie doc,normalized_alias,0.99,IT-ORI-DELLE-VENEZIE,IT,Veneto,Delle Venezie,appellation,Curated alias normalized to canonical value.
dim_region.csv,Denmark Western Australia,25,other,,denmark western australia,curated_compound_to_specific,0.97,AU-ORI-DENMARK,AU,Western Australia,Denmark,appellation,Compound auction label contains a unique or hierarchically most specific curated target.
dim_region.csv,Extremadura,25,other,,extremadura,unresolved_requires_review,0,,,,,,No unique legally curated target found.
dim_region.csv,Paraje Altamira,25,other,,paraje altamira,unresolved_requires_review,0,,,,,,No unique legally curated target found.
dim_region.csv,Petit-Chablis,25,other,,petit chablis,normalized_exact,1,FR-ORI-PETIT-CHABLIS,FR,Bourgogne,Petit Chablis,appellation,"Accent, punctuation, whitespace and legal suffixes normalized."
dim_region.csv,Pfaffenheim,25,other,,pfaffenheim,unresolved_requires_review,0,,,,,,No unique legally curated target found.
dim_region.csv,Riesling Trocken Vom Blauen Schiefer,25,other,,riesling trocken vom blauen schiefer,unresolved_requires_review,0,,,,,,No unique legally curated target found.
dim_region.csv,South East Australia,25,other,,south east australia,curated_compound_to_specific,0.97,AU-COUNTRY,AU,,,country,Compound auction label contains a unique or hierarchically most specific curated target.
dim_region.csv,Taburno Bianco,25,other,,taburno bianco,unresolved_requires_review,0,,,,,,No unique legally curated target found.
dim_region.csv,Valdepenas,25,other,,valdepenas,unresolved_requires_review,0,,,,,,No unique legally curated target found.
dim_region.csv,Verona,25,other,,verona,unresolved_requires_review,0,,,,,,No unique legally curated target found.
dim_region.csv,Vintage Port,25,other,,vintage port,unresolved_requires_review,0,,,,,,No unique legally curated target found.
dim_region.csv, Italia - Piemonte,24,other,,italia piemonte,curated_compound_to_specific,0.97,IT-ORI-PIEMONTE,IT,Piemonte,Piemonte,appellation,Compound auction label contains a unique or hierarchically most specific curated target.
dim_region.csv, Italia - Veneto,24,other,,italia veneto,curated_compound_to_specific,0.97,IT-ORI-VENETO,IT,Veneto,Veneto,appellation,Compound auction label contains a unique or hierarchically most specific curated target.
dim_region.csv,4 Bottle Set,24,other,,4 bottle set,unresolved_requires_review,0,,,,,,No unique legally curated target found.
dim_region.csv,Bourgogne Pinot Noir Antonin,24,other,,bourgogne pinot noir antonin,curated_compound_to_specific,0.97,FR-ORI-BOURGOGNE,FR,Bourgogne,Bourgogne,appellation,Compound auction label contains a unique or hierarchically most specific curated target.
dim_region.csv,Bündner Herrschaft,24,other,,bundner herrschaft,unresolved_requires_review,0,,,,,,No unique legally curated target found.
dim_region.csv,Cote d'Or,24,other,,cote d or,unresolved_requires_review,0,,,,,,No unique legally curated target found.
dim_region.csv,Cotes de Duras,24,other,,cotes de duras,unresolved_requires_review,0,,,,,,No unique legally curated target found.
dim_region.csv,Cotes du Tricastin,24,other,,cotes du tricastin,unresolved_requires_review,0,,,,,,No unique legally curated target found.
dim_region.csv,Graubünden,24,other,,graubunden,normalized_exact,1,CH-ORI-GRAUBUNDEN,CH,Graubünden,Graubünden,appellation,"Accent, punctuation, whitespace and legal suffixes normalized."
dim_region.csv,Hunter Valley-Rutherglen,24,other,,hunter valley rutherglen,ambiguous_requires_context,0,,,,,,Compound auction label contains 2 distinct curated targets.
dim_region.csv,Late Disgorged Sparkling Shiraz,24,other,,late disgorged sparkling shiraz,unresolved_requires_review,0,,,,,,No unique legally curated target found.
dim_region.csv,Les Grands Blancs Extra-Brut,24,other,,les grands blancs extra brut,unresolved_requires_review,0,,,,,,No unique legally curated target found.
dim_region.csv,Maremma Toscana IGT,24,other,,maremma toscana igt,normalized_alias,0.99,IT-ORI-MAREMMA-TOSCANA,IT,Toscana,Maremma Toscana,appellation,Curated alias normalized to canonical value.
dim_region.csv,Mendocino,24,other,,mendocino,unresolved_requires_review,0,,,,,,No unique legally curated target found.
dim_region.csv,Nelson - South Island,24,other,,nelson south island,curated_compound_to_specific,0.97,NZ-ORI-NELSON,NZ,Nelson,Nelson,appellation,Compound auction label contains a unique or hierarchically most specific curated target.
dim_region.csv,R de Rieussec Blanc Sec,24,other,,r de rieussec blanc sec,unresolved_requires_review,0,,,,,,No unique legally curated target found.
dim_region.csv,Single Malt Whisky,24,other,,single malt whisky,excluded_non_wine_origin,1,,,,,,"Blend placeholder, unknown value, or spirits/non-wine geography outside this wine-origin reference."
dim_region.csv,Sonoma Valley,24,other,,sonoma valley,normalized_exact,1,US-REG-SONOMA-VALLEY,US,Sonoma Valley,,region,"Accent, punctuation, whitespace and legal suffixes normalized."
dim_region.csv,Toscana / Brunello di Montalcino,24,other,,toscana brunello di montalcino,curated_compound_to_specific,0.97,IT-ORI-BRUNELLO-DI-MONTALCINO,IT,Toscana,Brunello di Montalcino,appellation,Compound auction label contains a unique or hierarchically most specific curated target.
dim_region.csv,Yarra Valley-Victoria,24,other,,yarra valley victoria,curated_compound_to_specific,0.97,AU-ORI-YARRA-VALLEY,AU,Victoria,Yarra Valley,appellation,Compound auction label contains a unique or hierarchically most specific curated target.
dim_region.csv,Corton-Vergennes,23,other,,corton vergennes,curated_compound_to_specific,0.97,FR-ORI-CORTON,FR,Bourgogne,Corton,appellation,Compound auction label contains a unique or hierarchically most specific curated target.
dim_region.csv,Coteaux Bourguignons,23,other,,coteaux bourguignons,unresolved_requires_review,0,,,,,,No unique legally curated target found.
dim_region.csv,Hunter Valley-Orange,23,other,,hunter valley orange,ambiguous_requires_context,0,,,,,,Compound auction label contains 2 distinct curated targets.
dim_region.csv,Mittelburgenland,23,other,,mittelburgenland,normalized_exact,1,AT-ORI-MITTELBURGENLAND,AT,Burgenland,Mittelburgenland,appellation,"Accent, punctuation, whitespace and legal suffixes normalized."
dim_region.csv,Montlouis,23,other,,montlouis,unresolved_requires_review,0,,,,,,No unique legally curated target found.
dim_region.csv,North West Victoria,23,other,,north west victoria,curated_compound_to_specific,0.97,AU-ORI-VICTORIA,AU,Victoria,Victoria,appellation,Compound auction label contains a unique or hierarchically most specific curated target.
dim_region.csv,Rachis Syrah,23,other,,rachis syrah,unresolved_requires_review,0,,,,,,No unique legally curated target found.
dim_region.csv,Rosso del Veronese,23,other,,rosso del veronese,unresolved_requires_review,0,,,,,,No unique legally curated target found.
dim_region.csv,Rubicone IGT,23,other,,rubicone igt,unresolved_requires_review,0,,,,,,No unique legally curated target found.
dim_region.csv,Vin Santo Del Chianti,23,other,,vin santo del chianti,curated_compound_to_specific,0.97,IT-ORI-CHIANTI,IT,Toscana,Chianti,appellation,Compound auction label contains a unique or hierarchically most specific curated target.
dim_region.csv,Vin Santo Del Chianti Classico,23,other,,vin santo del chianti classico,curated_compound_to_specific,0.97,IT-ORI-CHIANTI-CLASSICO,IT,Toscana,Chianti Classico,appellation,Compound auction label contains a unique or hierarchically most specific curated target.
dim_region.csv,Yunnan Province,23,other,,yunnan province,unresolved_requires_review,0,,,,,,No unique legally curated target found.
dim_region.csv,40% ABV Scotland,22,other,,40 abv scotland,unresolved_requires_review,0,,,,,,No unique legally curated target found.
dim_region.csv,Amarone della Valpolicella Classico,22,other,,amarone della valpolicella classico,curated_compound_to_specific,0.97,IT-ORI-AMARONE-DELLA-VALPOLICELLA,IT,Veneto,Amarone della Valpolicella,appellation,Compound auction label contains a unique or hierarchically most specific curated target.
dim_region.csv,Barolo Ravera,22,other,,barolo ravera,curated_compound_to_specific,0.97,IT-ORI-BAROLO,IT,Piemonte,Barolo,appellation,Compound auction label contains a unique or hierarchically most specific curated target.
dim_region.csv,Cataluña,22,other,,cataluna,unresolved_requires_review,0,,,,,,No unique legally curated target found.
dim_region.csv,China,22,other,,china,unresolved_requires_review,0,,,,,,No unique legally curated target found.
dim_region.csv,Coteaux Champenois,22,other,,coteaux champenois,unresolved_requires_review,0,,,,,,No unique legally curated target found.
dim_region.csv,ETNA Rosso DOC,22,other,,etna rosso doc,normalized_alias,0.99,IT-ORI-ETNA,IT,Sicilia,Etna,appellation,Curated alias normalized to canonical value.
dim_region.csv,Emilia-Romagna,22,other,,emilia romagna,normalized_exact,1,IT-REG-EMILIA-ROMAGNA,IT,Emilia-Romagna,,region,"Accent, punctuation, whitespace and legal suffixes normalized."
dim_region.csv,Francia - Denominazioni varie,22,other,,francia denominazioni varie,curated_compound_to_specific,0.97,FR-COUNTRY,FR,,,country,Compound auction label contains a unique or hierarchically most specific curated target.
dim_region.csv,Francia - Loira,22,other,,francia loira,curated_compound_to_specific,0.97,FR-COUNTRY,FR,,,country,Compound auction label contains a unique or hierarchically most specific curated target.
dim_region.csv,Hunter Valley-Adelaide Hills,22,other,,hunter valley adelaide hills,ambiguous_requires_context,0,,,,,,Compound auction label contains 3 distinct curated targets.
dim_region.csv,Jane Anson,22,other,,jane anson,unresolved_requires_review,0,,,,,,No unique legally curated target found.
dim_region.csv,Kalimna-Eden Valley,22,other,,kalimna eden valley,ambiguous_requires_context,0,,,,,,Compound auction label contains 2 distinct curated targets.
dim_region.csv,Kientzheim/Sigolsheim,22,other,,kientzheim sigolsheim,unresolved_requires_review,0,,,,,,No unique legally curated target found.
dim_region.csv,Monbazillac,22,other,,monbazillac,unresolved_requires_review,0,,,,,,No unique legally curated target found.
dim_region.csv,Montalcino,22,other,,montalcino,unresolved_requires_review,0,,,,,,No unique legally curated target found.
dim_region.csv,Pet Nat,22,other,,pet nat,unresolved_requires_review,0,,,,,,No unique legally curated target found.
dim_region.csv,Rhône / Hermitage,22,other,,rhone hermitage,ambiguous_requires_context,0,,,,,,Compound auction label contains 2 distinct curated targets.
dim_region.csv,Rum,22,other,,rum,unresolved_requires_review,0,,,,,,No unique legally curated target found.
dim_region.csv,Syme and Oakridge Fumare,22,other,,syme and oakridge fumare,unresolved_requires_review,0,,,,,,No unique legally curated target found.
dim_region.csv,USA,22,other,,usa,normalized_alias,0.99,US-COUNTRY,US,,,country,Curated alias normalized to canonical value.
dim_region.csv,Veneto - Valpolicella,22,other,,veneto valpolicella,curated_compound_to_specific,0.97,IT-ORI-VALPOLICELLA,IT,Veneto,Valpolicella,appellation,Compound auction label contains a unique or hierarchically most specific curated target.
dim_region.csv,Amarone Della Valpolicella,21,other,,amarone della valpolicella,normalized_exact,1,IT-ORI-AMARONE-DELLA-VALPOLICELLA,IT,Veneto,Amarone della Valpolicella,appellation,"Accent, punctuation, whitespace and legal suffixes normalized."
dim_region.csv,Ambonnay,21,other,,ambonnay,unresolved_requires_review,0,,,,,,No unique legally curated target found.
dim_region.csv,Coonawarra-Padthaway,21,other,,coonawarra padthaway,ambiguous_requires_context,0,,,,,,Compound auction label contains 2 distinct curated targets.
dim_region.csv,Cote de Beaune-Villages,21,other,,cote de beaune villages,curated_compound_to_specific,0.97,FR-REG-COTE-DE-BEAUNE,FR,Côte de Beaune,,region,Compound auction label contains a unique or hierarchically most specific curated target.
dim_region.csv,Coteaux du Layon Beaulieu,21,other,,coteaux du layon beaulieu,curated_compound_to_specific,0.97,FR-ORI-COTEAUX-DU-LAYON,FR,Loire Valley,Coteaux du Layon,appellation,Compound auction label contains a unique or hierarchically most specific curated target.
dim_region.csv,Cotes Catalanes,21,other,,cotes catalanes,unresolved_requires_review,0,,,,,,No unique legally curated target found.
dim_region.csv,Dhron,21,other,,dhron,unresolved_requires_review,0,,,,,,No unique legally curated target found.
dim_region.csv,Friuli-Venezia,21,other,,friuli venezia,unresolved_requires_review,0,,,,,,No unique legally curated target found.
dim_region.csv,Guatemala,21,other,,guatemala,unresolved_requires_review,0,,,,,,No unique legally curated target found.
dim_region.csv,Hautes Cotes de Beaune,21,other,,hautes cotes de beaune,curated_compound_to_specific,0.97,FR-ORI-BEAUNE,FR,Bourgogne,Beaune,appellation,Compound auction label contains a unique or hierarchically most specific curated target.
dim_region.csv,IL Caberlot,21,other,,il caberlot,unresolved_requires_review,0,,,,,,No unique legally curated target found.
dim_region.csv,La Consulta,21,other,,la consulta,unresolved_requires_review,0,,,,,,No unique legally curated target found.
dim_region.csv,Latisana,21,other,,latisana,unresolved_requires_review,0,,,,,,No unique legally curated target found.
dim_region.csv,Macon,21,other,,macon,unresolved_requires_review,0,,,,,,No unique legally curated target found.
dim_region.csv,Madrid,21,other,,madrid,unresolved_requires_review,0,,,,,,No unique legally curated target found.
dim_region.csv,Marche IGT,21,other,,marche igt,normalized_alias,0.99,IT-ORI-MARCHE,IT,Marche,Marche,appellation,Curated alias normalized to canonical value.
dim_region.csv,Margaret River & Pemberton,21,other,,margaret river and pemberton,ambiguous_requires_context,0,,,,,,Compound auction label contains 2 distinct curated targets.
dim_region.csv,Northern Territory,21,other,,northern territory,unresolved_requires_review,0,,,,,,No unique legally curated target found.
dim_region.csv,Notre Passion,21,other,,notre passion,unresolved_requires_review,0,,,,,,No unique legally curated target found.
dim_region.csv,Palette,21,other,,palette,normalized_exact,1,FR-ORI-PALETTE,FR,Provence,Palette,appellation,"Accent, punctuation, whitespace and legal suffixes normalized."
dim_region.csv,Pay d'Oc,21,other,,pay d oc,unresolved_requires_review,0,,,,,,No unique legally curated target found.
dim_region.csv,Portland,21,other,,portland,unresolved_requires_review,0,,,,,,No unique legally curated target found.
dim_region.csv,Premieres Cotes de Blaye,21,other,,premieres cotes de blaye,unresolved_requires_review,0,,,,,,No unique legally curated target found.
dim_region.csv,Spagna - Rioja,21,other,,spagna rioja,curated_compound_to_specific,0.97,ES-ORI-RIOJA,ES,Rioja,Rioja,appellation,Compound auction label contains a unique or hierarchically most specific curated target.
dim_region.csv,St-Croix-du-Mont,21,other,,saint croix du mont,unresolved_requires_review,0,,,,,,No unique legally curated target found.
dim_region.csv,Swartland South Africa,21,other,,swartland south africa,curated_compound_to_specific,0.97,ZA-ORI-SWARTLAND,ZA,Coastal Region,Swartland,appellation,Compound auction label contains a unique or hierarchically most specific curated target.
dim_region.csv,The Lowlands,21,other,,the lowlands,unresolved_requires_review,0,,,,,,No unique legally curated target found.
dim_region.csv,Ukraine,21,other,,ukraine,unresolved_requires_review,0,,,,,,No unique legally curated target found.
dim_region.csv,Valencia,21,other,,valencia,normalized_exact,1,ES-ORI-VALENCIA,ES,Comunitat Valenciana,Valencia,appellation,"Accent, punctuation, whitespace and legal suffixes normalized."
dim_region.csv,Valle de Apalta,21,other,,valle de apalta,unresolved_requires_review,0,,,,,,No unique legally curated target found.
dim_region.csv,Veneto - Amarone,21,other,,veneto amarone,curated_compound_to_specific,0.97,IT-ORI-VENETO,IT,Veneto,Veneto,appellation,Compound auction label contains a unique or hierarchically most specific curated target.
dim_region.csv,Vosne Romanee,21,other,,vosne romanee,normalized_exact,1,FR-ORI-VOSNE-ROMANEE,FR,Bourgogne,Vosne-Romanée,appellation,"Accent, punctuation, whitespace and legal suffixes normalized."
dim_region.csv,Yarra Valley-Geelong,21,other,,yarra valley geelong,ambiguous_requires_context,0,,,,,,Compound auction label contains 2 distinct curated targets.
dim_region.csv, Italia - Alto Adige,20,other,,italia alto adige,curated_compound_to_specific,0.97,IT-ORI-ALTO-ADIGE,IT,Trentino-Alto Adige,Alto Adige,appellation,Compound auction label contains a unique or hierarchically most specific curated target.
dim_region.csv, Italia - Gattinara,20,other,,italia gattinara,curated_compound_to_specific,0.97,IT-ORI-GATTINARA,IT,Piemonte,Gattinara,appellation,Compound auction label contains a unique or hierarchically most specific curated target.
dim_region.csv,Aude IGP,20,other,,aude igp,unresolved_requires_review,0,,,,,,No unique legally curated target found.
dim_region.csv,Australia.,20,other,,australia,normalized_alias,0.99,AU-COUNTRY,AU,,,country,Curated alias normalized to canonical value.
dim_region.csv,Ay Champagne,20,other,,ay champagne,curated_compound_to_specific,0.97,FR-ORI-CHAMPAGNE,FR,Champagne,Champagne,appellation,Compound auction label contains a unique or hierarchically most specific curated target.
dim_region.csv,Bergerac,20,other,,bergerac,unresolved_requires_review,0,,,,,,No unique legally curated target found.
dim_region.csv,Bretagne,20,other,,bretagne,unresolved_requires_review,0,,,,,,No unique legally curated target found.
dim_region.csv,Chianti Rufina DOCG,20,other,,chianti rufina docg,curated_compound_to_specific,0.97,IT-ORI-CHIANTI,IT,Toscana,Chianti,appellation,Compound auction label contains a unique or hierarchically most specific curated target.
dim_region.csv,Colline Novaresi DOC,20,other,,colline novaresi doc,unresolved_requires_review,0,,,,,,No unique legally curated target found.
dim_region.csv,Greco di Tufo,20,other,,greco di tufo,normalized_exact,1,IT-ORI-GRECO-DI-TUFO,IT,Campania,Greco di Tufo,appellation,"Accent, punctuation, whitespace and legal suffixes normalized."
dim_region.csv,Irpinia DOC,20,other,,irpinia doc,unresolved_requires_review,0,,,,,,No unique legally curated target found.
dim_region.csv,Lazio,20,other,,lazio,unresolved_requires_review,0,,,,,,No unique legally curated target found.
dim_region.csv,McLaren Vale (DO NOT USE. USE CRBPCSS),20,other,,mclaren vale do not use use crbpcss,curated_compound_to_specific,0.97,AU-ORI-MCLAREN-VALE,AU,South Australia,McLaren Vale,appellation,Compound auction label contains a unique or hierarchically most specific curated target.
dim_region.csv,Nebbiolo D'Alba,20,other,,nebbiolo d alba,normalized_exact,1,IT-ORI-NEBBIOLO-D-ALBA,IT,Piemonte,Nebbiolo d'Alba,appellation,"Accent, punctuation, whitespace and legal suffixes normalized."
dim_region.csv,Neusiedlersee Hugelland,20,other,,neusiedlersee hugelland,curated_compound_to_specific,0.97,AT-ORI-NEUSIEDLERSEE,AT,Burgenland,Neusiedlersee,appellation,Compound auction label contains a unique or hierarchically most specific curated target.
dim_region.csv,Port,20,other,,port,unresolved_requires_review,0,,,,,,No unique legally curated target found.
dim_region.csv,Priorat DOQ,20,other,,priorat doq,normalized_alias,0.99,ES-ORI-PRIORAT,ES,Catalunya,Priorat,appellation,Curated alias normalized to canonical value.
dim_region.csv,Riesling Trocken Vom Roten Schiefer,20,other,,riesling trocken vom roten schiefer,unresolved_requires_review,0,,,,,,No unique legally curated target found.
dim_region.csv,Sangiovese di Romagna,20,other,,sangiovese di romagna,unresolved_requires_review,0,,,,,,No unique legally curated target found.
dim_region.csv,Schlossberg,20,other,,schlossberg,unresolved_requires_review,0,,,,,,No unique legally curated target found.
dim_region.csv,Toscana Rosso IGT,20,other,,toscana rosso igt,curated_compound_to_specific,0.97,IT-ORI-TOSCANA,IT,Toscana,Toscana,appellation,Compound auction label contains a unique or hierarchically most specific curated target.
dim_region.csv,Valdobbiadene,20,other,,valdobbiadene,unresolved_requires_review,0,,,,,,No unique legally curated target found.
dim_region.csv,Valpolicella - Amarone,20,other,,valpolicella amarone,curated_compound_to_specific,0.97,IT-ORI-VALPOLICELLA,IT,Veneto,Valpolicella,appellation,Compound auction label contains a unique or hierarchically most specific curated target.
dim_region.csv,Ventoux AOC,20,other,,ventoux aoc,normalized_alias,0.99,FR-ORI-VENTOUX,FR,Vallée du Rhône,Ventoux,appellation,Curated alias normalized to canonical value.
dim_region.csv,Vin de Pays L'Herault,20,other,,vin de pays l herault,curated_compound_to_specific,0.97,FR-ORI-HERAULT,FR,Languedoc-Roussillon,Hérault,appellation,Compound auction label contains a unique or hierarchically most specific curated target.
dim_region.csv, Italia - Montepulciano d'Abruzzo,19,other,,italia montepulciano d abruzzo,curated_compound_to_specific,0.97,IT-ORI-MONTEPULCIANO-D-ABRUZZO,IT,Abruzzo,Montepulciano d'Abruzzo,appellation,Compound auction label contains a unique or hierarchically most specific curated target.
dim_region.csv, Italia - Taurasi,19,other,,italia taurasi,curated_compound_to_specific,0.97,IT-ORI-TAURASI,IT,Campania,Taurasi,appellation,Compound auction label contains a unique or hierarchically most specific curated target.
dim_region.csv, Italia - Valpolicella,19,other,,italia valpolicella,curated_compound_to_specific,0.97,IT-ORI-VALPOLICELLA,IT,Veneto,Valpolicella,appellation,Compound auction label contains a unique or hierarchically most specific curated target.
dim_region.csv,Bordeaux / Barsac,19,other,,bordeaux barsac,curated_compound_to_specific,0.97,FR-ORI-BARSAC,FR,Bordeaux,Barsac,appellation,Compound auction label contains a unique or hierarchically most specific curated target.
dim_region.csv,Bussia,19,other,,bussia,unresolved_requires_review,0,,,,,,No unique legally curated target found.
dim_region.csv,Campbeltown,19,other,,campbeltown,unresolved_requires_review,0,,,,,,No unique legally curated target found.
dim_region.csv,Canada - Whisky,19,other,,canada whisky,excluded_non_wine_origin,1,,,,,,"Blend placeholder, unknown value, or spirits/non-wine geography outside this wine-origin reference."
dim_region.csv,Casablanca Valley,19,other,,casablanca valley,normalized_alias,0.99,CL-ORI-VALLE-DE-CASABLANCA,CL,Aconcagua,Valle de Casablanca,appellation,Curated alias normalized to canonical value.
dim_region.csv,Cerasuolo di Vittoria DOCG,19,other,,cerasuolo di vittoria docg,normalized_alias,0.99,IT-ORI-CERASUOLO-DI-VITTORIA,IT,Sicilia,Cerasuolo di Vittoria,appellation,Curated alias normalized to canonical value.
dim_region.csv,Chengdu,19,other,,chengdu,unresolved_requires_review,0,,,,,,No unique legally curated target found.
dim_region.csv,Chianti Colli Senesi,19,other,,chianti colli senesi,curated_compound_to_specific,0.97,IT-ORI-CHIANTI,IT,Toscana,Chianti,appellation,Compound auction label contains a unique or hierarchically most specific curated target.
dim_region.csv,Costers de Segre,19,other,,costers de segre,unresolved_requires_review,0,,,,,,No unique legally curated target found.
dim_region.csv,Cotes de Bergerac,19,other,,cotes de bergerac,unresolved_requires_review,0,,,,,,No unique legally curated target found.
dim_region.csv,Hautes Cotes de Nuits Rouge,19,other,,hautes cotes de nuits rouge,unresolved_requires_review,0,,,,,,No unique legally curated target found.
dim_region.csv,Kamptal DAC,19,other,,kamptal dac,normalized_alias,0.99,AT-ORI-KAMPTAL,AT,Niederösterreich,Kamptal,appellation,Curated alias normalized to canonical value.
dim_region.csv,Langhe - Langhe,19,other,,langhe langhe,curated_compound_to_specific,0.97,IT-ORI-LANGHE,IT,Piemonte,Langhe,appellation,Compound auction label contains a unique or hierarchically most specific curated target.
dim_region.csv,Langhe Nebbiolo DOC,19,other,,langhe nebbiolo doc,curated_compound_to_specific,0.97,IT-ORI-LANGHE,IT,Piemonte,Langhe,appellation,Compound auction label contains a unique or hierarchically most specific curated target.
dim_region.csv,Le Cloud,19,other,,le cloud,unresolved_requires_review,0,,,,,,No unique legally curated target found.
dim_region.csv,Northern Slopes,19,other,,northern slopes,unresolved_requires_review,0,,,,,,No unique legally curated target found.
dim_region.csv,Recioto della Valpolicella DOCG,19,other,,recioto della valpolicella docg,curated_compound_to_specific,0.97,IT-ORI-VALPOLICELLA,IT,Veneto,Valpolicella,appellation,Compound auction label contains a unique or hierarchically most specific curated target.
dim_region.csv,Santorini,19,other,,santorini,normalized_exact,1,GR-ORI-SANTORINI,GR,Aegean Islands,Santorini,appellation,"Accent, punctuation, whitespace and legal suffixes normalized."
dim_region.csv,Sonoma Mountain,19,other,,sonoma mountain,curated_compound_to_specific,0.97,US-ORI-SONOMA-COUNTY,US,California,Sonoma County,appellation,Compound auction label contains a unique or hierarchically most specific curated target.
dim_region.csv,Venezuela,19,other,,venezuela,unresolved_requires_review,0,,,,,,No unique legally curated target found.
dim_region.csv,Westhofen,19,other,,westhofen,unresolved_requires_review,0,,,,,,No unique legally curated target found.
dim_region.csv,Whitlands Gippsland,19,other,,whitlands gippsland,ambiguous_requires_context,0,,,,,,Compound auction label contains 2 distinct curated targets.
dim_region.csv,Barbados,18,other,,barbados,unresolved_requires_review,0,,,,,,No unique legally curated target found.
dim_region.csv,Beaujolais Villages Vieilles Vignes,18,other,,beaujolais villages vieilles vignes,curated_compound_to_specific,0.97,FR-ORI-BEAUJOLAIS-VILLAGES,FR,Beaujolais,Beaujolais-Villages,appellation,Compound auction label contains a unique or hierarchically most specific curated target.
dim_region.csv,Bordeaux / Pessac-Léognan,18,other,,bordeaux pessac leognan,curated_compound_to_specific,0.97,FR-ORI-PESSAC-LEOGNAN,FR,Bordeaux,Pessac-Léognan,appellation,Compound auction label contains a unique or hierarchically most specific curated target.
dim_region.csv,Byron Bay,18,other,,byron bay,unresolved_requires_review,0,,,,,,No unique legally curated target found.
dim_region.csv,Carinena,18,other,,carinena,unresolved_requires_review,0,,,,,,No unique legally curated target found.
dim_region.csv,Chassagne-Montrachet Rouge,18,other,,chassagne montrachet rouge,curated_compound_to_specific,0.97,FR-ORI-CHASSAGNE-MONTRACHET,FR,Bourgogne,Chassagne-Montrachet,appellation,Compound auction label contains a unique or hierarchically most specific curated target.
dim_region.csv,Conegliano Valdobbiadene,18,other,,conegliano valdobbiadene,normalized_alias,0.99,IT-ORI-CONEGLIANO-VALDOBBIADENE-PROSECCO,IT,Veneto,Conegliano Valdobbiadene - Prosecco,appellation,Curated alias normalized to canonical value.
dim_region.csv,Coste della Sesia Rosso DOC,18,other,,coste della sesia rosso doc,unresolved_requires_review,0,,,,,,No unique legally curated target found.
dim_region.csv,Franciacorta,18,other,,franciacorta,normalized_exact,1,IT-ORI-FRANCIACORTA,IT,Lombardia,Franciacorta,appellation,"Accent, punctuation, whitespace and legal suffixes normalized."
dim_region.csv,Gallura,18,other,,gallura,unresolved_requires_review,0,,,,,,No unique legally curated target found.
dim_region.csv,Ile de Beaute IGP,18,other,,ile de beaute igp,unresolved_requires_review,0,,,,,,No unique legally curated target found.
dim_region.csv,Ltd Edition XXVII Olympiad Tawny Port,18,other,,ltd edition xxvii olympiad tawny port,unresolved_requires_review,0,,,,,,No unique legally curated target found.
dim_region.csv,Macon-Chaintre,18,other,,macon chaintre,unresolved_requires_review,0,,,,,,No unique legally curated target found.
dim_region.csv,Maipo,18,other,,maipo,unresolved_requires_review,0,,,,,,No unique legally curated target found.
dim_region.csv,Marche ,18,other,,marche,normalized_exact,1,IT-ORI-MARCHE,IT,Marche,Marche,appellation,"Accent, punctuation, whitespace and legal suffixes normalized."
dim_region.csv,Padthaway-Heathcote,18,other,,padthaway heathcote,ambiguous_requires_context,0,,,,,,Compound auction label contains 2 distinct curated targets.
dim_region.csv,Pemberton-Margaret River,18,other,,pemberton margaret river,ambiguous_requires_context,0,,,,,,Compound auction label contains 2 distinct curated targets.
dim_region.csv,Piave,18,other,,piave,unresolved_requires_review,0,,,,,,No unique legally curated target found.
dim_region.csv,Pommard-Chanlins,18,other,,pommard chanlins,curated_compound_to_specific,0.97,FR-ORI-POMMARD,FR,Bourgogne,Pommard,appellation,Compound auction label contains a unique or hierarchically most specific curated target.
dim_region.csv,Saint-Veran,18,other,,saint veran,unresolved_requires_review,0,,,,,,No unique legally curated target found.
dim_region.csv,Salento,18,other,,salento,normalized_exact,1,IT-ORI-SALENTO,IT,Puglia,Salento,appellation,"Accent, punctuation, whitespace and legal suffixes normalized."
dim_region.csv,Second wine of Chateau Lafleur,18,other,,second wine of chateau lafleur,unresolved_requires_review,0,,,,,,No unique legally curated target found.
dim_region.csv,Terra Alta DO,18,other,,terra alta do,unresolved_requires_review,0,,,,,,No unique legally curated target found.
dim_region.csv,Valenciana,18,other,,valenciana,unresolved_requires_review,0,,,,,,No unique legally curated target found.
dim_region.csv,Volnay-Brouillards,18,other,,volnay brouillards,curated_compound_to_specific,0.97,FR-ORI-VOLNAY,FR,Bourgogne,Volnay,appellation,Compound auction label contains a unique or hierarchically most specific curated target.
dim_region.csv,Wallaroo,18,other,,wallaroo,unresolved_requires_review,0,,,,,,No unique legally curated target found.
dim_region.csv,Warren Valley,18,other,,warren valley,unresolved_requires_review,0,,,,,,No unique legally curated target found.
dim_region.csv, Italia - Marsala,17,other,,italia marsala,curated_compound_to_specific,0.97,IT-ORI-MARSALA,IT,Sicilia,Marsala,appellation,Compound auction label contains a unique or hierarchically most specific curated target.
dim_region.csv,Aglianico Del Taburno,17,other,,aglianico del taburno,unresolved_requires_review,0,,,,,,No unique legally curated target found.
dim_region.csv,Aglianico del Vulture,17,other,,aglianico del vulture,normalized_exact,1,IT-ORI-AGLIANICO-DEL-VULTURE,IT,Basilicata,Aglianico del Vulture,appellation,"Accent, punctuation, whitespace and legal suffixes normalized."
dim_region.csv,Alicante DO,17,other,,alicante do,normalized_alias,0.99,ES-ORI-ALICANTE,ES,Comunitat Valenciana,Alicante,appellation,Curated alias normalized to canonical value.
dim_region.csv,Barolo Serralunga,17,other,,barolo serralunga,curated_compound_to_specific,0.97,IT-ORI-BAROLO,IT,Piemonte,Barolo,appellation,Compound auction label contains a unique or hierarchically most specific curated target.
dim_region.csv,Beiras,17,other,,beiras,unresolved_requires_review,0,,,,,,No unique legally curated target found.
dim_region.csv,Bordeaux Rose,17,other,,bordeaux rose,curated_compound_to_specific,0.97,FR-ORI-BORDEAUX,FR,Bordeaux,Bordeaux,appellation,Compound auction label contains a unique or hierarchically most specific curated target.
dim_region.csv,Bourgogne / Chablis,17,other,,bourgogne chablis,curated_compound_to_specific,0.97,FR-ORI-CHABLIS,FR,Bourgogne,Chablis,appellation,Compound auction label contains a unique or hierarchically most specific curated target.
dim_region.csv,Castilla y León,17,other,,castilla y leon,normalized_exact,1,ES-REG-CASTILLA-Y-LEON,ES,Castilla y León,,region,"Accent, punctuation, whitespace and legal suffixes normalized."
dim_region.csv,Chianti Riserva,17,other,,chianti riserva,curated_compound_to_specific,0.97,IT-ORI-CHIANTI,IT,Toscana,Chianti,appellation,Compound auction label contains a unique or hierarchically most specific curated target.
dim_region.csv,Cuba - Rum,17,other,,cuba rum,unresolved_requires_review,0,,,,,,No unique legally curated target found.
dim_region.csv,Dominio de Valdepusa,17,other,,dominio de valdepusa,unresolved_requires_review,0,,,,,,No unique legally curated target found.
dim_region.csv,Fixin-Hervelets,17,other,,fixin hervelets,curated_compound_to_specific,0.97,FR-ORI-FIXIN,FR,Bourgogne,Fixin,appellation,Compound auction label contains a unique or hierarchically most specific curated target.
dim_region.csv,Giappone   - Whisky,17,other,,giappone whisky,excluded_non_wine_origin,1,,,,,,"Blend placeholder, unknown value, or spirits/non-wine geography outside this wine-origin reference."
dim_region.csv,Lujan de Cuyo,17,other,,lujan de cuyo,normalized_exact,1,AR-ORI-LUJAN-DE-CUYO,AR,Mendoza,Luján de Cuyo,appellation,"Accent, punctuation, whitespace and legal suffixes normalized."
dim_region.csv,Northern Slopes New South Wales,17,other,,northern slopes new south wales,curated_compound_to_specific,0.97,AU-ORI-NEW-SOUTH-WALES,AU,New South Wales,New South Wales,appellation,Compound auction label contains a unique or hierarchically most specific curated target.
dim_region.csv,Pecharmant,17,other,,pecharmant,unresolved_requires_review,0,,,,,,No unique legally curated target found.
dim_region.csv,Piemonte - Barbera,17,other,,piemonte barbera,curated_compound_to_specific,0.97,IT-ORI-PIEMONTE,IT,Piemonte,Piemonte,appellation,Compound auction label contains a unique or hierarchically most specific curated target.
dim_region.csv,Piemonte / Barolo,17,other,,piemonte barolo,curated_compound_to_specific,0.97,IT-ORI-BAROLO,IT,Piemonte,Barolo,appellation,Compound auction label contains a unique or hierarchically most specific curated target.
dim_region.csv,Schaffhausen,17,other,,schaffhausen,normalized_exact,1,CH-ORI-SCHAFFHAUSEN,CH,Schaffhausen,Schaffhausen,appellation,"Accent, punctuation, whitespace and legal suffixes normalized."
dim_region.csv,South Africa,17,other,,south africa,normalized_alias,0.99,ZA-COUNTRY,ZA,,,country,Curated alias normalized to canonical value.
dim_region.csv,Trinidad - Rum,17,other,,trinidad rum,unresolved_requires_review,0,,,,,,No unique legally curated target found.
dim_region.csv,Tupungato,17,other,,tupungato,unresolved_requires_review,0,,,,,,No unique legally curated target found.
dim_region.csv,Val d’Arno di Sopra DOC,17,other,,val d arno di sopra doc,unresolved_requires_review,0,,,,,,No unique legally curated target found.
dim_region.csv,Alpes de Haute Provence IGP,16,other,,alpes de haute provence igp,curated_compound_to_specific,0.97,FR-REG-PROVENCE,FR,Provence,,region,Compound auction label contains a unique or hierarchically most specific curated target.
dim_region.csv,Bennelong Tawny Port,16,other,,bennelong tawny port,unresolved_requires_review,0,,,,,,No unique legally curated target found.
dim_region.csv,Bordeaux / Graves,16,other,,bordeaux graves,curated_compound_to_specific,0.97,FR-ORI-GRAVES,FR,Bordeaux,Graves,appellation,Compound auction label contains a unique or hierarchically most specific curated target.
dim_region.csv,Chateau-Chalon,16,other,,chateau chalon,unresolved_requires_review,0,,,,,,No unique legally curated target found.
dim_region.csv,Cortese Alto Monferrato,16,other,,cortese alto monferrato,curated_compound_to_specific,0.97,IT-ORI-MONFERRATO,IT,Piemonte,Monferrato,appellation,Compound auction label contains a unique or hierarchically most specific curated target.
dim_region.csv,Corton-Greves,16,other,,corton greves,curated_compound_to_specific,0.97,FR-ORI-CORTON,FR,Bourgogne,Corton,appellation,Compound auction label contains a unique or hierarchically most specific curated target.
dim_region.csv,Francia - Linguadoca,16,other,,francia linguadoca,curated_compound_to_specific,0.97,FR-COUNTRY,FR,,,country,Compound auction label contains a unique or hierarchically most specific curated target.
dim_region.csv,Gaillac,16,other,,gaillac,unresolved_requires_review,0,,,,,,No unique legally curated target found.
dim_region.csv,Guyana - Rum,16,other,,guyana rum,unresolved_requires_review,0,,,,,,No unique legally curated target found.
dim_region.csv,Kent,16,other,,kent,normalized_exact,1,GB-REG-KENT,GB,Kent,,region,"Accent, punctuation, whitespace and legal suffixes normalized."
dim_region.csv,Marsannay-la-Cote,16,other,,marsannay la cote,ambiguous_requires_context,0,,,,,,Compound auction label contains 2 distinct curated targets.
dim_region.csv,Massi Fitti,16,other,,massi fitti,unresolved_requires_review,0,,,,,,No unique legally curated target found.
dim_region.csv,Nizza DOCG,16,other,,nizza docg,unresolved_requires_review,0,,,,,,No unique legally curated target found.
dim_region.csv,North Island,16,other,,north island,unresolved_requires_review,0,,,,,,No unique legally curated target found.
dim_region.csv,Orvieto,16,other,,orvieto,unresolved_requires_review,0,,,,,,No unique legally curated target found.
dim_region.csv,Pays de l'Herault IGP,16,other,,pays de l herault igp,curated_compound_to_specific,0.97,FR-ORI-HERAULT,FR,Languedoc-Roussillon,Hérault,appellation,Compound auction label contains a unique or hierarchically most specific curated target.
dim_region.csv,Russian River Valley AVA,16,other,,russian river valley ava,normalized_alias,0.99,US-REG-RUSSIAN-RIVER-VALLEY,US,Russian River Valley,,region,Curated alias normalized to canonical value.
dim_region.csv,Sardegna DOC,16,other,,sardegna doc,normalized_alias,0.99,IT-REG-SARDEGNA,IT,Sardegna,,region,Curated alias normalized to canonical value.
dim_region.csv,Saumur Rouge,16,other,,saumur rouge,curated_compound_to_specific,0.97,FR-ORI-SAUMUR,FR,Loire Valley,Saumur,appellation,Compound auction label contains a unique or hierarchically most specific curated target.
dim_region.csv,Taurasi,16,other,,taurasi,normalized_exact,1,IT-ORI-TAURASI,IT,Campania,Taurasi,appellation,"Accent, punctuation, whitespace and legal suffixes normalized."
dim_region.csv,The Balance Dry Red,16,other,,the balance dry red,unresolved_requires_review,0,,,,,,No unique legally curated target found.
dim_region.csv,Valle d'Aosta,16,other,,valle d aosta,unresolved_requires_review,0,,,,,,No unique legally curated target found.
dim_region.csv,Werribee,16,other,,werribee,unresolved_requires_review,0,,,,,,No unique legally curated target found.
dim_region.csv,Aux Reignots,15,other,,aux reignots,unresolved_requires_review,0,,,,,,No unique legally curated target found.
dim_region.csv,Ay,15,other,,ay,unresolved_requires_review,0,,,,,,No unique legally curated target found.
dim_region.csv,Beaujolais Crus,15,other,,beaujolais crus,curated_compound_to_specific,0.97,FR-ORI-BEAUJOLAIS,FR,Beaujolais,Beaujolais,appellation,Compound auction label contains a unique or hierarchically most specific curated target.
dim_region.csv,Beenleigh,15,other,,beenleigh,unresolved_requires_review,0,,,,,,No unique legally curated target found.
dim_region.csv,Bouzeron AOC,15,other,,bouzeron aoc,normalized_alias,0.99,FR-ORI-BOUZERON,FR,Bourgogne,Bouzeron,appellation,Curated alias normalized to canonical value.
dim_region.csv,Bowral,15,other,,bowral,unresolved_requires_review,0,,,,,,No unique legally curated target found.
dim_region.csv,Casablanca,15,other,,casablanca,unresolved_requires_review,0,,,,,,No unique legally curated target found.
dim_region.csv,Clos Apalta,15,other,,clos apalta,unresolved_requires_review,0,,,,,,No unique legally curated target found.
dim_region.csv,Germania - Mosella,15,other,,germania mosella,unresolved_requires_review,0,,,,,,No unique legally curated target found.
dim_region.csv,Jamaica - Rum,15,other,,jamaica rum,unresolved_requires_review,0,,,,,,No unique legally curated target found.
dim_region.csv,Jerez,15,other,,jerez,unresolved_requires_review,0,,,,,,No unique legally curated target found.
dim_region.csv,Karridale,15,other,,karridale,unresolved_requires_review,0,,,,,,No unique legally curated target found.
dim_region.csv,Kindred Vineyards Semillon,15,other,,kindred vineyards semillon,unresolved_requires_review,0,,,,,,No unique legally curated target found.
dim_region.csv,Morgon Côte du Py,15,other,,morgon cote du py,curated_compound_to_specific,0.97,FR-ORI-MORGON,FR,Beaujolais,Morgon,appellation,Compound auction label contains a unique or hierarchically most specific curated target.
dim_region.csv,Piemonte / Barbaresco,15,other,,piemonte barbaresco,curated_compound_to_specific,0.97,IT-ORI-BARBARESCO,IT,Piemonte,Barbaresco,appellation,Compound auction label contains a unique or hierarchically most specific curated target.
dim_region.csv,Rosso di Toscana,15,other,,rosso di toscana,curated_compound_to_specific,0.97,IT-ORI-TOSCANA,IT,Toscana,Toscana,appellation,Compound auction label contains a unique or hierarchically most specific curated target.
dim_region.csv,Saumur Blanc,15,other,,saumur blanc,curated_compound_to_specific,0.97,FR-ORI-SAUMUR,FR,Loire Valley,Saumur,appellation,Compound auction label contains a unique or hierarchically most specific curated target.
dim_region.csv,Second Wine of Ch. Las-Cases,15,other,,second wine of ch las cases,unresolved_requires_review,0,,,,,,No unique legally curated target found.
dim_region.csv,Tasmania – East Coast,15,other,,tasmania east coast,curated_compound_to_specific,0.97,AU-ORI-TASMANIA,AU,Tasmania,Tasmania,appellation,Compound auction label contains a unique or hierarchically most specific curated target.
dim_region.csv,Toscana DOC,15,other,,toscana doc,normalized_alias,0.99,IT-ORI-TOSCANA,IT,Toscana,Toscana,appellation,Curated alias normalized to canonical value.
dim_region.csv,Trento,15,other,,trento,unresolved_requires_review,0,,,,,,No unique legally curated target found.
dim_region.csv,Trinidad & Tobago,15,other,,trinidad and tobago,unresolved_requires_review,0,,,,,,No unique legally curated target found.
dim_region.csv,Vin de Pays du Comte Tolosan,15,other,,vin de pays du comte tolosan,unresolved_requires_review,0,,,,,,No unique legally curated target found.
dim_region.csv,Zürich,15,other,,zurich,normalized_exact,1,CH-ORI-ZURICH,CH,Zürich,Zürich,appellation,"Accent, punctuation, whitespace and legal suffixes normalized."
dim_region.csv, Chianti - Chianti,14,other,,chianti chianti,curated_compound_to_specific,0.97,IT-ORI-CHIANTI,IT,Toscana,Chianti,appellation,Compound auction label contains a unique or hierarchically most specific curated target.
dim_region.csv,Alpilles IGP,14,other,,alpilles igp,unresolved_requires_review,0,,,,,,No unique legally curated target found.
dim_region.csv,Amyndeon,14,other,,amyndeon,unresolved_requires_review,0,,,,,,No unique legally curated target found.
dim_region.csv,Asti,14,other,,asti,normalized_exact,1,IT-ORI-ASTI,IT,Piemonte,Asti,appellation,"Accent, punctuation, whitespace and legal suffixes normalized."
dim_region.csv,Barbera d'Alba DOCG,14,other,,barbera d alba docg,normalized_alias,0.99,IT-ORI-BARBERA-D-ALBA,IT,Piemonte,Barbera d'Alba,appellation,Curated alias normalized to canonical value.
dim_region.csv,Bekaa Valley,14,other,,bekaa valley,normalized_exact,1,LB-REG-BEKAA-VALLEY,LB,Bekaa Valley,,region,"Accent, punctuation, whitespace and legal suffixes normalized."
dim_region.csv,Calatayud,14,other,,calatayud,unresolved_requires_review,0,,,,,,No unique legally curated target found.
dim_region.csv,Campania - Aglianico,14,other,,campania aglianico,curated_compound_to_specific,0.97,IT-ORI-CAMPANIA,IT,Campania,Campania,appellation,Compound auction label contains a unique or hierarchically most specific curated target.
dim_region.csv,"Campania - Aglianico, Piedirosso",14,other,,campania aglianico piedirosso,curated_compound_to_specific,0.97,IT-ORI-CAMPANIA,IT,Campania,Campania,appellation,Compound auction label contains a unique or hierarchically most specific curated target.
dim_region.csv,Caribbean,14,other,,caribbean,unresolved_requires_review,0,,,,,,No unique legally curated target found.
dim_region.csv,Central Highlands,14,other,,central highlands,unresolved_requires_review,0,,,,,,No unique legally curated target found.
dim_region.csv,Coastal Region / Stellenbosch,14,other,,coastal region stellenbosch,curated_compound_to_specific,0.97,ZA-ORI-STELLENBOSCH,ZA,Coastal Region,Stellenbosch,appellation,Compound auction label contains a unique or hierarchically most specific curated target.
dim_region.csv,Corton-Marechaudes,14,other,,corton marechaudes,curated_compound_to_specific,0.97,FR-ORI-CORTON,FR,Bourgogne,Corton,appellation,Compound auction label contains a unique or hierarchically most specific curated target.
dim_region.csv,Corvina Veronese IGT,14,other,,corvina veronese igt,unresolved_requires_review,0,,,,,,No unique legally curated target found.
dim_region.csv,Coteaux d'Aix,14,other,,coteaux d aix,unresolved_requires_review,0,,,,,,No unique legally curated target found.
dim_region.csv,Cotes d'Auxerre,14,other,,cotes d auxerre,unresolved_requires_review,0,,,,,,No unique legally curated target found.
dim_region.csv,Fiano Di Avellino DOCG,14,other,,fiano di avellino docg,normalized_alias,0.99,IT-ORI-FIANO-DI-AVELLINO,IT,Campania,Fiano di Avellino,appellation,Curated alias normalized to canonical value.
dim_region.csv,Francia - Provenza,14,other,,francia provenza,curated_compound_to_specific,0.97,FR-COUNTRY,FR,,,country,Compound auction label contains a unique or hierarchically most specific curated target.
dim_region.csv,Franschhoek Valley,14,other,,franschhoek valley,curated_compound_to_specific,0.97,ZA-ORI-FRANSCHHOEK-FRANSCHHOEK-VALLEY,ZA,Coastal Region,Franschhoek/Franschhoek Valley,appellation,Compound auction label contains a unique or hierarchically most specific curated target.
dim_region.csv,Friuli,14,other,,friuli,unresolved_requires_review,0,,,,,,No unique legally curated target found.
dim_region.csv,Guebwiller,14,other,,guebwiller,unresolved_requires_review,0,,,,,,No unique legally curated target found.
dim_region.csv,Horsham,14,other,,horsham,unresolved_requires_review,0,,,,,,No unique legally curated target found.
dim_region.csv,Macon-Milly-Lamartine,14,other,,macon milly lamartine,unresolved_requires_review,0,,,,,,No unique legally curated target found.
dim_region.csv,Mid North S.A.,14,other,,mid north s a,unresolved_requires_review,0,,,,,,No unique legally curated target found.
dim_region.csv,Orkney Islands,14,other,,orkney islands,unresolved_requires_review,0,,,,,,No unique legally curated target found.
dim_region.csv,Patrimonio AOC,14,other,,patrimonio aoc,unresolved_requires_review,0,,,,,,No unique legally curated target found.
dim_region.csv,Porepunkah,14,other,,porepunkah,unresolved_requires_review,0,,,,,,No unique legally curated target found.
dim_region.csv,Romagna DOC,14,other,,romagna doc,unresolved_requires_review,0,,,,,,No unique legally curated target found.
dim_region.csv,Sud-Ouest / Madiran,14,other,,sud ouest madiran,curated_compound_to_specific,0.97,FR-ORI-MADIRAN,FR,Sud-Ouest,Madiran,appellation,Compound auction label contains a unique or hierarchically most specific curated target.
dim_region.csv,Valle Central / Valle de Rapel,14,other,,valle central valle de rapel,unresolved_requires_review,0,,,,,,No unique legally curated target found.
dim_region.csv,Valle de Limari,14,other,,valle de limari,suggested_review,0.938,CL-ORI-VALLE-DEL-LIMARI,CL,Coquimbo,Valle del Limarí,appellation,String-similarity suggestion only; not accepted as a confirmed mapping.
dim_region.csv,Washington,14,other,,washington,normalized_exact,1,US-ORI-WASHINGTON,US,Washington,Washington,appellation,"Accent, punctuation, whitespace and legal suffixes normalized."
dim_region.csv,Amarone Della Valpolicella Classico,13,other,,amarone della valpolicella classico,curated_compound_to_specific,0.97,IT-ORI-AMARONE-DELLA-VALPOLICELLA,IT,Veneto,Amarone della Valpolicella,appellation,Compound auction label contains a unique or hierarchically most specific curated target.
dim_region.csv,Banyuls,13,other,,banyuls,normalized_exact,1,FR-ORI-BANYULS,FR,Languedoc-Roussillon,Banyuls,appellation,"Accent, punctuation, whitespace and legal suffixes normalized."
dim_region.csv,Barbados - Rum,13,other,,barbados rum,unresolved_requires_review,0,,,,,,No unique legally curated target found.
dim_region.csv,Beaune-Clos du Roi,13,other,,beaune clos du roi,curated_compound_to_specific,0.97,FR-ORI-BEAUNE,FR,Bourgogne,Beaune,appellation,Compound auction label contains a unique or hierarchically most specific curated target.
dim_region.csv,Carmignano,13,other,,carmignano,unresolved_requires_review,0,,,,,,No unique legally curated target found.
dim_region.csv,Catalonia,13,other,,catalonia,unresolved_requires_review,0,,,,,,No unique legally curated target found.
dim_region.csv,Central Valley,13,other,,central valley,unresolved_requires_review,0,,,,,,No unique legally curated target found.
dim_region.csv,Colli Aprutini IGT,13,other,,colli aprutini igt,unresolved_requires_review,0,,,,,,No unique legally curated target found.
dim_region.csv,Collioure,13,other,,collioure,normalized_exact,1,FR-ORI-COLLIOURE,FR,Languedoc-Roussillon,Collioure,appellation,"Accent, punctuation, whitespace and legal suffixes normalized."
dim_region.csv,Cotes et Premieres Cotes de Blaye,13,other,,cotes et premieres cotes de blaye,unresolved_requires_review,0,,,,,,No unique legally curated target found.
dim_region.csv,Croatia,13,other,,croatia,unresolved_requires_review,0,,,,,,No unique legally curated target found.
dim_region.csv,Emilia IGT,13,other,,emilia igt,unresolved_requires_review,0,,,,,,No unique legally curated target found.
dim_region.csv,Ghemme,13,other,,ghemme,unresolved_requires_review,0,,,,,,No unique legally curated target found.
dim_region.csv,Gimblett Gravels,13,other,,gimblett gravels,unresolved_requires_review,0,,,,,,No unique legally curated target found.
dim_region.csv,Great Western-Rutherglen-Barossa,13,other,,great western rutherglen barossa,ambiguous_requires_context,0,,,,,,Compound auction label contains 3 distinct curated targets.
dim_region.csv,Greyton,13,other,,greyton,unresolved_requires_review,0,,,,,,No unique legally curated target found.
dim_region.csv,Hastings River,13,other,,hastings river,unresolved_requires_review,0,,,,,,No unique legally curated target found.
dim_region.csv,I Think Manzanilla,13,other,,i think manzanilla,unresolved_requires_review,0,,,,,,No unique legally curated target found.
dim_region.csv,Israel,13,other,,israel,unresolved_requires_review,0,,,,,,No unique legally curated target found.
dim_region.csv,LA County,13,other,,la county,unresolved_requires_review,0,,,,,,No unique legally curated target found.
dim_region.csv,Les Fairendes Vieilles Vignes,13,other,,les fairendes vieilles vignes,unresolved_requires_review,0,,,,,,No unique legally curated target found.
dim_region.csv,Lowlands,13,other,,lowlands,unresolved_requires_review,0,,,,,,No unique legally curated target found.
dim_region.csv,Maipu,13,other,,maipu,unresolved_requires_review,0,,,,,,No unique legally curated target found.
dim_region.csv,Marsannay Blanc,13,other,,marsannay blanc,curated_compound_to_specific,0.97,FR-ORI-MARSANNAY,FR,Bourgogne,Marsannay,appellation,Compound auction label contains a unique or hierarchically most specific curated target.
dim_region.csv,Martinica - Rum,13,other,,martinica rum,unresolved_requires_review,0,,,,,,No unique legally curated target found.
dim_region.csv,Patras,13,other,,patras,unresolved_requires_review,0,,,,,,No unique legally curated target found.
dim_region.csv,Piemonte - Nord Piemonte,13,other,,piemonte nord piemonte,curated_compound_to_specific,0.97,IT-ORI-PIEMONTE,IT,Piemonte,Piemonte,appellation,Compound auction label contains a unique or hierarchically most specific curated target.
dim_region.csv,Port Phillip,13,other,,port phillip,unresolved_requires_review,0,,,,,,No unique legally curated target found.
dim_region.csv,Portogallo - Distillati,13,other,,portogallo distillati,unresolved_requires_review,0,,,,,,No unique legally curated target found.
dim_region.csv,Pouilly-Vinzelles,13,other,,pouilly vinzelles,unresolved_requires_review,0,,,,,,No unique legally curated target found.
dim_region.csv,Pyrenees-Heathcote-Grampians,13,other,,pyrenees heathcote grampians,ambiguous_requires_context,0,,,,,,Compound auction label contains 3 distinct curated targets.
dim_region.csv,Quindalup,13,other,,quindalup,unresolved_requires_review,0,,,,,,No unique legally curated target found.
dim_region.csv,Reserve Bottling,13,other,,reserve bottling,unresolved_requires_review,0,,,,,,No unique legally curated target found.
dim_region.csv,Santenay Les Gravieres,13,other,,santenay les gravieres,curated_compound_to_specific,0.97,FR-ORI-SANTENAY,FR,Bourgogne,Santenay,appellation,Compound auction label contains a unique or hierarchically most specific curated target.
dim_region.csv,Terre Siciliane,13,other,,terre siciliane,normalized_exact,1,IT-ORI-TERRE-SICILIANE,IT,Sicilia,Terre Siciliane,appellation,"Accent, punctuation, whitespace and legal suffixes normalized."
dim_region.csv,Touraine AOC Methode Traditionnelle,13,other,,touraine aoc methode traditionnelle,curated_compound_to_specific,0.97,FR-ORI-TOURAINE,FR,Loire Valley,Touraine,appellation,Compound auction label contains a unique or hierarchically most specific curated target.
dim_region.csv,VIN D'Alsace,13,other,,vin d alsace,curated_compound_to_specific,0.97,FR-ORI-ALSACE,FR,Alsace,Alsace,appellation,Compound auction label contains a unique or hierarchically most specific curated target.
dim_region.csv,Val De Loire,13,other,,val de loire,curated_compound_to_specific,0.97,FR-REG-LOIRE-VALLEY,FR,Loire Valley,,region,Compound auction label contains a unique or hierarchically most specific curated target.
dim_region.csv,Valle de la Orotava DO,13,other,,valle de la orotava do,unresolved_requires_review,0,,,,,,No unique legally curated target found.
dim_region.csv,Vallee De L'aude,13,other,,vallee de l aude,unresolved_requires_review,0,,,,,,No unique legally curated target found.
dim_region.csv,Wahgunyah,13,other,,wahgunyah,unresolved_requires_review,0,,,,,,No unique legally curated target found.
dim_region.csv,Waipara-Canterbury,13,other,,waipara canterbury,curated_compound_to_specific,0.97,NZ-ORI-NORTH-CANTERBURY,NZ,North Canterbury,North Canterbury,appellation,Compound auction label contains a unique or hierarchically most specific curated target.
dim_region.csv,Y/Valley,13,other,,y valley,unresolved_requires_review,0,,,,,,No unique legally curated target found.
dim_region.csv,Yamhill Carlton,13,other,,yamhill carlton,unresolved_requires_review,0,,,,,,No unique legally curated target found.
dim_region.csv, Italia - Gin,12,other,,italia gin,curated_compound_to_specific,0.97,IT-COUNTRY,IT,,,country,Compound auction label contains a unique or hierarchically most specific curated target.
dim_region.csv,Barolo Serralunga DOCG,12,other,,barolo serralunga docg,curated_compound_to_specific,0.97,IT-ORI-BAROLO,IT,Piemonte,Barolo,appellation,Compound auction label contains a unique or hierarchically most specific curated target.
dim_region.csv,Bougros,12,other,,bougros,unresolved_requires_review,0,,,,,,No unique legally curated target found.
dim_region.csv,Bourgogne Hautes Cotes de Beaune blanc,12,other,,bourgogne hautes cotes de beaune blanc,curated_compound_to_specific,0.97,FR-ORI-BOURGOGNE-HAUTES-COTES-DE-BEAUNE,FR,Bourgogne,Bourgogne Hautes Côtes de Beaune,appellation,Compound auction label contains a unique or hierarchically most specific curated target.
dim_region.csv,Bourgogne Passe-Tout-Grains AC,12,other,,bourgogne passe tout grains ac,curated_compound_to_specific,0.97,FR-ORI-BOURGOGNE-PASSE-TOUT-GRAINS,FR,Bourgogne,Bourgogne Passe-tout-grains,appellation,Compound auction label contains a unique or hierarchically most specific curated target.
dim_region.csv,Corbieres Boutenac,12,other,,corbieres boutenac,curated_compound_to_specific,0.97,FR-ORI-CORBIERES,FR,Languedoc-Roussillon,Corbières,appellation,Compound auction label contains a unique or hierarchically most specific curated target.
dim_region.csv,Cote de Provence,12,other,,cote de provence,curated_compound_to_specific,0.97,FR-REG-PROVENCE,FR,Provence,,region,Compound auction label contains a unique or hierarchically most specific curated target.
dim_region.csv,Eden Valley 1970 - 1999 Collection,12,other,,eden valley 1970 1999 collection,curated_compound_to_specific,0.97,AU-ORI-EDEN-VALLEY,AU,South Australia,Eden Valley,appellation,Compound auction label contains a unique or hierarchically most specific curated target.
dim_region.csv,Erbaluce di Caluso DOCG,12,other,,erbaluce di caluso docg,unresolved_requires_review,0,,,,,,No unique legally curated target found.
dim_region.csv,Gibbston,12,other,,gibbston,unresolved_requires_review,0,,,,,,No unique legally curated target found.
dim_region.csv,Imereti,12,other,,imereti,unresolved_requires_review,0,,,,,,No unique legally curated target found.
dim_region.csv,Kermit Lynch,12,other,,kermit lynch,unresolved_requires_review,0,,,,,,No unique legally curated target found.
dim_region.csv,Leroy,12,other,,leroy,unresolved_requires_review,0,,,,,,No unique legally curated target found.
dim_region.csv,Mornington,12,other,,mornington,unresolved_requires_review,0,,,,,,No unique legally curated target found.
dim_region.csv,Moulin a Vent,12,other,,moulin a vent,normalized_exact,1,FR-ORI-MOULIN-A-VENT,FR,Beaujolais,Moulin-à-Vent,appellation,"Accent, punctuation, whitespace and legal suffixes normalized."
dim_region.csv,Naoussa,12,other,,naoussa,normalized_exact,1,GR-ORI-NAOUSSA,GR,Macedonia,Naoussa,appellation,"Accent, punctuation, whitespace and legal suffixes normalized."
dim_region.csv,Nierstein,12,other,,nierstein,unresolved_requires_review,0,,,,,,No unique legally curated target found.
dim_region.csv,Padthaway-Coonawarra,12,other,,padthaway coonawarra,ambiguous_requires_context,0,,,,,,Compound auction label contains 2 distinct curated targets.
dim_region.csv,Pommard-Pezerolles,12,other,,pommard pezerolles,curated_compound_to_specific,0.97,FR-ORI-POMMARD,FR,Bourgogne,Pommard,appellation,Compound auction label contains a unique or hierarchically most specific curated target.
dim_region.csv,Port Phillip Bay,12,other,,port phillip bay,unresolved_requires_review,0,,,,,,No unique legally curated target found.
dim_region.csv,Rapel,12,other,,rapel,unresolved_requires_review,0,,,,,,No unique legally curated target found.
dim_region.csv,Riesling Marienburg GG Falkenhay,12,other,,riesling marienburg gg falkenhay,unresolved_requires_review,0,,,,,,No unique legally curated target found.
dim_region.csv,Riesling Marienburg GG Rothenpfad,12,other,,riesling marienburg gg rothenpfad,unresolved_requires_review,0,,,,,,No unique legally curated target found.
dim_region.csv,Satoraljaujhely,12,other,,satoraljaujhely,unresolved_requires_review,0,,,,,,No unique legally curated target found.
dim_region.csv,Sicilia  - Etna,12,other,,sicilia etna,curated_compound_to_specific,0.97,IT-ORI-SICILIA,IT,Sicilia,Sicilia,appellation,Compound auction label contains a unique or hierarchically most specific curated target.
dim_region.csv,Soave Classico DOC,12,other,,soave classico doc,curated_compound_to_specific,0.97,IT-ORI-SOAVE,IT,Veneto,Soave,appellation,Compound auction label contains a unique or hierarchically most specific curated target.
dim_region.csv,St.-Veran,12,other,,saint veran,unresolved_requires_review,0,,,,,,No unique legally curated target found.
dim_region.csv,Tanunda,12,other,,tanunda,unresolved_requires_review,0,,,,,,No unique legally curated target found.
dim_region.csv,The Peninsulas,12,other,,the peninsulas,unresolved_requires_review,0,,,,,,No unique legally curated target found.
dim_region.csv,Torgiano,12,other,,torgiano,unresolved_requires_review,0,,,,,,No unique legally curated target found.
dim_region.csv,Trentino - Alto Adige - Metodo Classico,12,other,,trentino alto adige metodo classico,ambiguous_requires_context,0,,,,,,Compound auction label contains 2 distinct curated targets.
dim_region.csv,Tuscany IGT,12,other,,tuscany igt,normalized_alias,0.99,IT-ORI-TOSCANA,IT,Toscana,Toscana,appellation,Curated alias normalized to canonical value.
dim_region.csv,Vacuum Pump and Stoppers,12,other,,vacuum pump and stoppers,unresolved_requires_review,0,,,,,,No unique legally curated target found.
dim_region.csv,Verdicchio di Matelica,12,other,,verdicchio di matelica,unresolved_requires_review,0,,,,,,No unique legally curated target found.
dim_region.csv,Vernaccia di San Gimignano DOCG,12,other,,vernaccia di san gimignano docg,unresolved_requires_review,0,,,,,,No unique legally curated target found.
dim_region.csv,Veronese IGT,12,other,,veronese igt,unresolved_requires_review,0,,,,,,No unique legally curated target found.
dim_region.csv,Victoria-South Australia,12,other,,victoria south australia,ambiguous_requires_context,0,,,,,,Compound auction label contains 2 distinct curated targets.
dim_region.csv,Vinho Verde,12,other,,vinho verde,normalized_exact,1,PT-ORI-VINHO-VERDE,PT,Vinho Verde,Vinho Verde,appellation,"Accent, punctuation, whitespace and legal suffixes normalized."
dim_region.csv,Westkap,12,other,,westkap,unresolved_requires_review,0,,,,,,No unique legally curated target found.
dim_region.csv,Abruzzi,11,other,,abruzzi,unresolved_requires_review,0,,,,,,No unique legally curated target found.
dim_region.csv,Anjou Gamay,11,other,,anjou gamay,curated_compound_to_specific,0.97,FR-ORI-ANJOU,FR,Loire Valley,Anjou,appellation,Compound auction label contains a unique or hierarchically most specific curated target.
dim_region.csv,Bendigo/Yarra Valley,11,other,,bendigo yarra valley,ambiguous_requires_context,0,,,,,,Compound auction label contains 2 distinct curated targets.
dim_region.csv,Blanc Chassagne-Montrachet,11,other,,blanc chassagne montrachet,curated_compound_to_specific,0.97,FR-ORI-CHASSAGNE-MONTRACHET,FR,Bourgogne,Chassagne-Montrachet,appellation,Compound auction label contains a unique or hierarchically most specific curated target.
dim_region.csv,Bolgheri IGT,11,other,,bolgheri igt,normalized_alias,0.99,IT-ORI-BOLGHERI,IT,Toscana,Bolgheri,appellation,Curated alias normalized to canonical value.
dim_region.csv,Breedekloof,11,other,,breedekloof,unresolved_requires_review,0,,,,,,No unique legally curated target found.
dim_region.csv,Broke/Hunter Valley,11,other,,broke hunter valley,curated_compound_to_specific,0.97,AU-ORI-HUNTER-VALLEY,AU,New South Wales,Hunter Valley,appellation,Compound auction label contains a unique or hierarchically most specific curated target.
dim_region.csv,Cabernet Merlot Sangiovese Rosso di Toscana,11,other,,cabernet merlot sangiovese rosso di toscana,curated_compound_to_specific,0.97,IT-ORI-TOSCANA,IT,Toscana,Toscana,appellation,Compound auction label contains a unique or hierarchically most specific curated target.
dim_region.csv,Castelli Di Jesi,11,other,,castelli di jesi,unresolved_requires_review,0,,,,,,No unique legally curated target found.
dim_region.csv,Chouilly - Bisseuil Champagne,11,other,,chouilly bisseuil champagne,curated_compound_to_specific,0.97,FR-ORI-CHAMPAGNE,FR,Champagne,Champagne,appellation,Compound auction label contains a unique or hierarchically most specific curated target.
dim_region.csv,Curico,11,other,,curico,unresolved_requires_review,0,,,,,,No unique legally curated target found.
dim_region.csv,East Coast,11,other,,east coast,unresolved_requires_review,0,,,,,,No unique legally curated target found.
dim_region.csv,Finger Lakes,11,other,,finger lakes,normalized_exact,1,US-REG-FINGER-LAKES,US,Finger Lakes,,region,"Accent, punctuation, whitespace and legal suffixes normalized."
dim_region.csv,Francia - Pauillac,11,other,,francia pauillac,curated_compound_to_specific,0.97,FR-ORI-PAUILLAC,FR,Bordeaux,Pauillac,appellation,Compound auction label contains a unique or hierarchically most specific curated target.
dim_region.csv,Fume De Pouilly,11,other,,fume de pouilly,unresolved_requires_review,0,,,,,,No unique legally curated target found.
dim_region.csv,Graach,11,other,,graach,unresolved_requires_review,0,,,,,,No unique legally curated target found.
dim_region.csv,Guadalupa - Rum,11,other,,guadalupa rum,unresolved_requires_review,0,,,,,,No unique legally curated target found.
dim_region.csv,IGT Veneto,11,other,,igt veneto,normalized_alias,0.99,IT-ORI-VENETO,IT,Veneto,Veneto,appellation,Curated alias normalized to canonical value.
dim_region.csv,Kakheti,11,other,,kakheti,normalized_exact,1,GE-ORI-KAKHETI,GE,Kakheti,Kakheti,appellation,"Accent, punctuation, whitespace and legal suffixes normalized."
dim_region.csv,Knights Valley,11,other,,knights valley,unresolved_requires_review,0,,,,,,No unique legally curated target found.
dim_region.csv,Langhe Rosso DOC,11,other,,langhe rosso doc,curated_compound_to_specific,0.97,IT-ORI-LANGHE,IT,Piemonte,Langhe,appellation,Compound auction label contains a unique or hierarchically most specific curated target.
dim_region.csv,Leyda Valley,11,other,,leyda valley,unresolved_requires_review,0,,,,,,No unique legally curated target found.
dim_region.csv,Listrac-Médoc,11,other,,listrac medoc,normalized_exact,1,FR-ORI-LISTRAC-MEDOC,FR,Bordeaux,Listrac-Médoc,appellation,"Accent, punctuation, whitespace and legal suffixes normalized."
dim_region.csv,Lugana,11,other,,lugana,unresolved_requires_review,0,,,,,,No unique legally curated target found.
dim_region.csv,Macon-Bussieres,11,other,,macon bussieres,unresolved_requires_review,0,,,,,,No unique legally curated target found.
dim_region.csv,Manzanilla Sanlucar de Barrameda,11,other,,manzanilla sanlucar de barrameda,unresolved_requires_review,0,,,,,,No unique legally curated target found.
dim_region.csv,Merlot Malbec Bergerac,11,other,,merlot malbec bergerac,unresolved_requires_review,0,,,,,,No unique legally curated target found.
dim_region.csv,Mittelwihr,11,other,,mittelwihr,unresolved_requires_review,0,,,,,,No unique legally curated target found.
dim_region.csv,Moldova,11,other,,moldova,unresolved_requires_review,0,,,,,,No unique legally curated target found.
dim_region.csv,Mount Benson,11,other,,mount benson,normalized_exact,1,AU-ORI-MOUNT-BENSON,AU,South Australia,Mount Benson,appellation,"Accent, punctuation, whitespace and legal suffixes normalized."
dim_region.csv,New England - New South Wales,11,other,,new england new south wales,curated_compound_to_specific,0.97,AU-ORI-NEW-ENGLAND-AUSTRALIA,AU,New South Wales,New England Australia,appellation,Compound auction label contains a unique or hierarchically most specific curated target.
dim_region.csv,Northwood Victoria,11,other,,northwood victoria,curated_compound_to_specific,0.97,AU-ORI-VICTORIA,AU,Victoria,Victoria,appellation,Compound auction label contains a unique or hierarchically most specific curated target.
dim_region.csv,Phillip Island,11,other,,phillip island,unresolved_requires_review,0,,,,,,No unique legally curated target found.
dim_region.csv,Riesling Marienburg GG Fahrlay,11,other,,riesling marienburg gg fahrlay,unresolved_requires_review,0,,,,,,No unique legally curated target found.
dim_region.csv,Riviera Ligure di Ponente Ormeasco,11,other,,riviera ligure di ponente ormeasco,unresolved_requires_review,0,,,,,,No unique legally curated target found.
dim_region.csv,Rully Banc,11,other,,rully banc,curated_compound_to_specific,0.97,FR-ORI-RULLY,FR,Bourgogne,Rully,appellation,Compound auction label contains a unique or hierarchically most specific curated target.
dim_region.csv,Rutherford,11,other,,rutherford,normalized_exact,1,US-REG-RUTHERFORD,US,Rutherford,,region,"Accent, punctuation, whitespace and legal suffixes normalized."
dim_region.csv,Saitama Prefecture,11,other,,saitama prefecture,unresolved_requires_review,0,,,,,,No unique legally curated target found.
dim_region.csv,Sant'Antimo DOC,11,other,,sant antimo doc,unresolved_requires_review,0,,,,,,No unique legally curated target found.
dim_region.csv,Slovakia,11,other,,slovakia,unresolved_requires_review,0,,,,,,No unique legally curated target found.
dim_region.csv,Somontano,11,other,,somontano,normalized_exact,1,ES-ORI-SOMONTANO,ES,Aragón,Somontano,appellation,"Accent, punctuation, whitespace and legal suffixes normalized."
dim_region.csv,Switzerland,11,other,,switzerland,normalized_alias,0.99,CH-COUNTRY,CH,,,country,Curated alias normalized to canonical value.
dim_region.csv,Table for 4 People,11,other,,table for 4 people,unresolved_requires_review,0,,,,,,No unique legally curated target found.
dim_region.csv,Terre di Chieti,11,other,,terre di chieti,unresolved_requires_review,0,,,,,,No unique legally curated target found.
dim_region.csv,Thermenregion,11,other,,thermenregion,normalized_exact,1,AT-ORI-THERMENREGION,AT,Niederösterreich,Thermenregion,appellation,"Accent, punctuation, whitespace and legal suffixes normalized."
dim_region.csv,Trentino - Alto Adige - Chardonnay,11,other,,trentino alto adige chardonnay,ambiguous_requires_context,0,,,,,,Compound auction label contains 2 distinct curated targets.
dim_region.csv,Upper Adelaide,11,other,,upper adelaide,curated_compound_to_specific,0.97,AU-ORI-ADELAIDE,AU,South Australia,Adelaide,appellation,Compound auction label contains a unique or hierarchically most specific curated target.
dim_region.csv,Urban,11,other,,urban,unresolved_requires_review,0,,,,,,No unique legally curated target found.
dim_region.csv,Utiel-Requena,11,other,,utiel requena,unresolved_requires_review,0,,,,,,No unique legally curated target found.
dim_region.csv,Vigneti Delle Dolomiti Rosso IGT,11,other,,vigneti delle dolomiti rosso igt,curated_compound_to_specific,0.97,IT-ORI-VIGNETI-DELLE-DOLOMITI,IT,Trentino-Alto Adige,Vigneti delle Dolomiti,appellation,Compound auction label contains a unique or hierarchically most specific curated target.
dim_region.csv,Vin de Pays du Jardin de la France,11,other,,vin de pays du jardin de la france,curated_compound_to_specific,0.97,FR-COUNTRY,FR,,,country,Compound auction label contains a unique or hierarchically most specific curated target.
dim_region.csv, Italia - --- VINI---,10,other,,italia vini,curated_compound_to_specific,0.97,IT-COUNTRY,IT,,,country,Compound auction label contains a unique or hierarchically most specific curated target.
dim_region.csv, Italia - Lazio,10,other,,italia lazio,curated_compound_to_specific,0.97,IT-COUNTRY,IT,,,country,Compound auction label contains a unique or hierarchically most specific curated target.
dim_region.csv, Italia - Nero d'Avola,10,other,,italia nero d avola,curated_compound_to_specific,0.97,IT-COUNTRY,IT,,,country,Compound auction label contains a unique or hierarchically most specific curated target.
dim_region.csv,2013,10,other,,2013,unresolved_requires_review,0,,,,,,No unique legally curated target found.
dim_region.csv,Abruzzo - Montepulciano d'Abruzzo,10,other,,abruzzo montepulciano d abruzzo,curated_compound_to_specific,0.97,IT-ORI-MONTEPULCIANO-D-ABRUZZO,IT,Abruzzo,Montepulciano d'Abruzzo,appellation,Compound auction label contains a unique or hierarchically most specific curated target.
dim_region.csv,Alpine Valley,10,other,,alpine valley,suggested_review,0.929,AU-ORI-ALPINE-VALLEYS,AU,Victoria,Alpine Valleys,appellation,String-similarity suggestion only; not accepted as a confirmed mapping.
dim_region.csv,Beaune-Toussaints,10,other,,beaune toussaints,curated_compound_to_specific,0.97,FR-ORI-BEAUNE,FR,Bourgogne,Beaune,appellation,Compound auction label contains a unique or hierarchically most specific curated target.
dim_region.csv,Brisbane,10,other,,brisbane,unresolved_requires_review,0,,,,,,No unique legally curated target found.
dim_region.csv,CBD Shiraz Coonawarra,10,other,,cbd shiraz coonawarra,curated_compound_to_specific,0.97,AU-ORI-COONAWARRA,AU,South Australia,Coonawarra,appellation,Compound auction label contains a unique or hierarchically most specific curated target.
dim_region.csv,Canterbury/Malborough,10,other,,canterbury malborough,curated_compound_to_specific,0.97,NZ-ORI-CANTERBURY,NZ,Canterbury,Canterbury,appellation,Compound auction label contains a unique or hierarchically most specific curated target.
dim_region.csv,Castilla-La Mancha,10,other,,castilla la mancha,normalized_exact,1,ES-REG-CASTILLA-LA-MANCHA,ES,Castilla-La Mancha,,region,"Accent, punctuation, whitespace and legal suffixes normalized."
dim_region.csv,Clare Valley & Tasmania,10,other,,clare valley and tasmania,ambiguous_requires_context,0,,,,,,Compound auction label contains 2 distinct curated targets.
dim_region.csv,Corn and Rye Bottle Tasting Pack Vodka,10,other,,corn and rye bottle tasting pack vodka,unresolved_requires_review,0,,,,,,No unique legally curated target found.
dim_region.csv,Duke and Moorfield Vintners bottling Shiraz Cabernet,10,other,,duke and moorfield vintners bottling shiraz cabernet,unresolved_requires_review,0,,,,,,No unique legally curated target found.
dim_region.csv,Eastern Australia,10,other,,eastern australia,curated_compound_to_specific,0.97,AU-COUNTRY,AU,,,country,Compound auction label contains a unique or hierarchically most specific curated target.
dim_region.csv,Epanomi,10,other,,epanomi,unresolved_requires_review,0,,,,,,No unique legally curated target found.
dim_region.csv,Francia - Brandy,10,other,,francia brandy,curated_compound_to_specific,0.97,FR-COUNTRY,FR,,,country,Compound auction label contains a unique or hierarchically most specific curated target.
dim_region.csv,Highland Single Malt Whisky 57.1%ABV,10,other,,highland single malt whisky 57 1 abv,excluded_non_wine_origin,1,,,,,,"Blend placeholder, unknown value, or spirits/non-wine geography outside this wine-origin reference."
dim_region.csv,Hobart,10,other,,hobart,unresolved_requires_review,0,,,,,,No unique legally curated target found.
dim_region.csv,Isonzo,10,other,,isonzo,unresolved_requires_review,0,,,,,,No unique legally curated target found.
dim_region.csv,Keyneton,10,other,,keyneton,unresolved_requires_review,0,,,,,,No unique legally curated target found.
dim_region.csv,King Valley-Hunter Valley,10,other,,king valley hunter valley,ambiguous_requires_context,0,,,,,,Compound auction label contains 2 distinct curated targets.
dim_region.csv,Langhorne Creek/Adelaide Hills,10,other,,langhorne creek adelaide hills,ambiguous_requires_context,0,,,,,,Compound auction label contains 3 distinct curated targets.
dim_region.csv,Le Marche,10,other,,le marche,curated_compound_to_specific,0.97,IT-ORI-MARCHE,IT,Marche,Marche,appellation,Compound auction label contains a unique or hierarchically most specific curated target.
dim_region.csv,Legacy Edition,10,other,,legacy edition,unresolved_requires_review,0,,,,,,No unique legally curated target found.
dim_region.csv,Limestone Coast-McLaren Vale,10,other,,limestone coast mclaren vale,ambiguous_requires_context,0,,,,,,Compound auction label contains 2 distinct curated targets.
dim_region.csv,Limoux,10,other,,limoux,normalized_exact,1,FR-ORI-LIMOUX,FR,Languedoc-Roussillon,Limoux,appellation,"Accent, punctuation, whitespace and legal suffixes normalized."
dim_region.csv,Macedon Ranges USE CODE (EPNMAC),10,other,,macedon ranges use code epnmac,curated_compound_to_specific,0.97,AU-ORI-MACEDON-RANGES,AU,Victoria,Macedon Ranges,appellation,Compound auction label contains a unique or hierarchically most specific curated target.
dim_region.csv,McLaren Vale - Clare Valley,10,other,,mclaren vale clare valley,ambiguous_requires_context,0,,,,,,Compound auction label contains 2 distinct curated targets.
dim_region.csv,McLaren Vale-Adelaide Hills,10,other,,mclaren vale adelaide hills,ambiguous_requires_context,0,,,,,,Compound auction label contains 3 distinct curated targets.
dim_region.csv,Molise,10,other,,molise,unresolved_requires_review,0,,,,,,No unique legally curated target found.
dim_region.csv,Monterey AVA,10,other,,monterey ava,unresolved_requires_review,0,,,,,,No unique legally curated target found.
dim_region.csv,Ovens Valley,10,other,,ovens valley,unresolved_requires_review,0,,,,,,No unique legally curated target found.
dim_region.csv,Pays d'Auge,10,other,,pays d auge,unresolved_requires_review,0,,,,,,No unique legally curated target found.
dim_region.csv,Porto,10,other,,porto,normalized_exact,1,PT-ORI-PORTO,PT,Porto,Porto,appellation,"Accent, punctuation, whitespace and legal suffixes normalized."
dim_region.csv,Russia - Vodka,10,other,,russia vodka,unresolved_requires_review,0,,,,,,No unique legally curated target found.
dim_region.csv,Salta,10,other,,salta,normalized_exact,1,AR-ORI-SALTA,AR,Salta,Salta,appellation,"Accent, punctuation, whitespace and legal suffixes normalized."
dim_region.csv,Sardegna - Isola dei Nuraghi,10,other,,sardegna isola dei nuraghi,curated_compound_to_specific,0.97,IT-REG-SARDEGNA,IT,Sardegna,,region,Compound auction label contains a unique or hierarchically most specific curated target.
dim_region.csv,Sec,10,other,,sec,unresolved_requires_review,0,,,,,,No unique legally curated target found.
dim_region.csv,Sicilia  - Nero d'Avola,10,other,,sicilia nero d avola,curated_compound_to_specific,0.97,IT-ORI-SICILIA,IT,Sicilia,Sicilia,appellation,Compound auction label contains a unique or hierarchically most specific curated target.
dim_region.csv,South Australia / Barossa Valley,10,other,,south australia barossa valley,curated_compound_to_specific,0.97,AU-ORI-BAROSSA-VALLEY,AU,South Australia,Barossa Valley,appellation,Compound auction label contains a unique or hierarchically most specific curated target.
dim_region.csv,St-Georges-St-Emilion,10,other,,saint georges saint emilion,normalized_exact,1,FR-ORI-SAINT-GEORGES-SAINT-EMILION,FR,Bordeaux,Saint-Georges-Saint-Émilion,appellation,"Accent, punctuation, whitespace and legal suffixes normalized."
dim_region.csv,Stati Uniti - Napa Valley,10,other,,stati uniti napa valley,curated_compound_to_specific,0.97,US-REG-NAPA-VALLEY,US,Napa Valley,,region,Compound auction label contains a unique or hierarchically most specific curated target.
dim_region.csv,Sud-Ouest / Cahors,10,other,,sud ouest cahors,curated_compound_to_specific,0.97,FR-ORI-CAHORS,FR,Sud-Ouest,Cahors,appellation,Compound auction label contains a unique or hierarchically most specific curated target.
dim_region.csv,Texas,10,other,,texas,unresolved_requires_review,0,,,,,,No unique legally curated target found.
dim_region.csv,USE JECS),10,other,,use jecs,unresolved_requires_review,0,,,,,,No unique legally curated target found.
dim_region.csv,Valpolicella Classico Superiore,10,other,,valpolicella classico superiore,curated_compound_to_specific,0.97,IT-ORI-VALPOLICELLA,IT,Veneto,Valpolicella,appellation,Compound auction label contains a unique or hierarchically most specific curated target.
dim_region.csv,Vin De Pays Des Cotes De Gascogne,10,other,,vin de pays des cotes de gascogne,curated_compound_to_specific,0.97,FR-ORI-COTES-DE-GASCOGNE,FR,Sud-Ouest,Côtes de Gascogne,appellation,Compound auction label contains a unique or hierarchically most specific curated target.
dim_region.csv,Vins de Pays de Côtes Catalanes,10,other,,vins de pays de cotes catalanes,unresolved_requires_review,0,,,,,,No unique legally curated target found.
dim_region.csv,Weinland,10,other,,weinland,unresolved_requires_review,0,,,,,,No unique legally curated target found.
dim_region.csv,Wurttemberg,10,other,,wurttemberg,normalized_exact,1,DE-ORI-WURTTEMBERG,DE,Württemberg,Württemberg,appellation,"Accent, punctuation, whitespace and legal suffixes normalized."
dim_region.csv, Chianti,9,other,,chianti,normalized_exact,1,IT-ORI-CHIANTI,IT,Toscana,Chianti,appellation,"Accent, punctuation, whitespace and legal suffixes normalized."
dim_region.csv, Italia - Sagrantino di Montefalco,9,other,,italia sagrantino di montefalco,curated_compound_to_specific,0.97,IT-ORI-MONTEFALCO-SAGRANTINO,IT,Umbria,Montefalco Sagrantino,appellation,Compound auction label contains a unique or hierarchically most specific curated target.
dim_region.csv, Italia - Soave,9,other,,italia soave,curated_compound_to_specific,0.97,IT-ORI-SOAVE,IT,Veneto,Soave,appellation,Compound auction label contains a unique or hierarchically most specific curated target.
dim_region.csv, Italia - Trebbiano,9,other,,italia trebbiano,curated_compound_to_specific,0.97,IT-COUNTRY,IT,,,country,Compound auction label contains a unique or hierarchically most specific curated target.
dim_region.csv,Aconcagua / Valle del Aconcagua,9,other,,aconcagua valle del aconcagua,curated_compound_to_specific,0.97,CL-ORI-VALLE-DEL-ACONCAGUA,CL,Aconcagua,Valle del Aconcagua,appellation,Compound auction label contains a unique or hierarchically most specific curated target.
dim_region.csv,America - Whisky,9,other,,america whisky,excluded_non_wine_origin,1,,,,,,"Blend placeholder, unknown value, or spirits/non-wine geography outside this wine-origin reference."
dim_region.csv,Anjou Chenin Blanc,9,other,,anjou chenin blanc,curated_compound_to_specific,0.97,FR-ORI-ANJOU,FR,Loire Valley,Anjou,appellation,Compound auction label contains a unique or hierarchically most specific curated target.
dim_region.csv,Beaune Blanc,9,other,,beaune blanc,curated_compound_to_specific,0.97,FR-ORI-BEAUNE,FR,Bourgogne,Beaune,appellation,Compound auction label contains a unique or hierarchically most specific curated target.
dim_region.csv,Blancs de Blancs Brut,9,other,,blancs de blancs brut,unresolved_requires_review,0,,,,,,No unique legally curated target found.
dim_region.csv,Blanquette de Limoux,9,other,,blanquette de limoux,curated_compound_to_specific,0.97,FR-ORI-LIMOUX,FR,Languedoc-Roussillon,Limoux,appellation,Compound auction label contains a unique or hierarchically most specific curated target.
dim_region.csv,Borgeri Bianco,9,other,,borgeri bianco,unresolved_requires_review,0,,,,,,No unique legally curated target found.
dim_region.csv,Brut Rose,9,other,,brut rose,unresolved_requires_review,0,,,,,,No unique legally curated target found.
dim_region.csv,Canberra District/ Tumbarumba,9,other,,canberra district tumbarumba,ambiguous_requires_context,0,,,,,,Compound auction label contains 2 distinct curated targets.
dim_region.csv,Chianti Montespertoli,9,other,,chianti montespertoli,curated_compound_to_specific,0.97,IT-ORI-CHIANTI,IT,Toscana,Chianti,appellation,Compound auction label contains a unique or hierarchically most specific curated target.
dim_region.csv,Cirrus Single Vineyard Riesling,9,other,,cirrus single vineyard riesling,unresolved_requires_review,0,,,,,,No unique legally curated target found.
dim_region.csv,Clare Valley-Tasmania,9,other,,clare valley tasmania,ambiguous_requires_context,0,,,,,,Compound auction label contains 2 distinct curated targets.
dim_region.csv,Coonawarra-Goulburn Valley,9,other,,coonawarra goulburn valley,ambiguous_requires_context,0,,,,,,Compound auction label contains 2 distinct curated targets.
dim_region.csv,Cotes Du Forez,9,other,,cotes du forez,unresolved_requires_review,0,,,,,,No unique legally curated target found.
dim_region.csv,Diano D'Alba,9,other,,diano d alba,unresolved_requires_review,0,,,,,,No unique legally curated target found.
dim_region.csv,Dolcetto d'Alba DOC,9,other,,dolcetto d alba doc,normalized_alias,0.99,IT-ORI-DOLCETTO-D-ALBA,IT,Piemonte,Dolcetto d'Alba,appellation,Curated alias normalized to canonical value.
dim_region.csv,Fine Bourgogne,9,other,,fine bourgogne,curated_compound_to_specific,0.97,FR-ORI-BOURGOGNE,FR,Bourgogne,Bourgogne,appellation,Compound auction label contains a unique or hierarchically most specific curated target.
dim_region.csv,Flaxman-Pressings-Helbig Shiraz,9,other,,flaxman pressings helbig shiraz,unresolved_requires_review,0,,,,,,No unique legally curated target found.
dim_region.csv,Francia - Alsazia,9,other,,francia alsazia,curated_compound_to_specific,0.97,FR-COUNTRY,FR,,,country,Compound auction label contains a unique or hierarchically most specific curated target.
dim_region.csv,Genevrieres,9,other,,genevrieres,unresolved_requires_review,0,,,,,,No unique legally curated target found.
dim_region.csv,Grosslage,9,other,,grosslage,unresolved_requires_review,0,,,,,,No unique legally curated target found.
dim_region.csv,Highlands,9,other,,highlands,unresolved_requires_review,0,,,,,,No unique legally curated target found.
dim_region.csv,Itata,9,other,,itata,unresolved_requires_review,0,,,,,,No unique legally curated target found.
dim_region.csv,Jarollieres,9,other,,jarollieres,unresolved_requires_review,0,,,,,,No unique legally curated target found.
dim_region.csv,Jasnieres,9,other,,jasnieres,unresolved_requires_review,0,,,,,,No unique legally curated target found.
dim_region.csv,Katsunuma,9,other,,katsunuma,unresolved_requires_review,0,,,,,,No unique legally curated target found.
dim_region.csv,Listrac-Medoc,9,other,,listrac medoc,normalized_exact,1,FR-ORI-LISTRAC-MEDOC,FR,Bordeaux,Listrac-Médoc,appellation,"Accent, punctuation, whitespace and legal suffixes normalized."
dim_region.csv,Macon-Lugny,9,other,,macon lugny,unresolved_requires_review,0,,,,,,No unique legally curated target found.
dim_region.csv,Marc de Bourgogne,9,other,,marc de bourgogne,curated_compound_to_specific,0.97,FR-ORI-BOURGOGNE,FR,Bourgogne,Bourgogne,appellation,Compound auction label contains a unique or hierarchically most specific curated target.
dim_region.csv,Maule,9,other,,maule,unresolved_requires_review,0,,,,,,No unique legally curated target found.
dim_region.csv,Mittelburgenland DAC,9,other,,mittelburgenland dac,normalized_alias,0.99,AT-ORI-MITTELBURGENLAND,AT,Burgenland,Mittelburgenland,appellation,Curated alias normalized to canonical value.
dim_region.csv,Mount Barker-Margaret River,9,other,,mount barker margaret river,ambiguous_requires_context,0,,,,,,Compound auction label contains 2 distinct curated targets.
dim_region.csv,Napa-Sonoma Valley,9,other,,napa sonoma valley,ambiguous_requires_context,0,,,,,,Compound auction label contains 2 distinct curated targets.
dim_region.csv,Nebbiolo d'Alba DOC,9,other,,nebbiolo d alba doc,normalized_alias,0.99,IT-ORI-NEBBIOLO-D-ALBA,IT,Piemonte,Nebbiolo d'Alba,appellation,Curated alias normalized to canonical value.
dim_region.csv,Now it is just Wine!,9,other,,now it is just wine,unresolved_requires_review,0,,,,,,No unique legally curated target found.
dim_region.csv,Offida,9,other,,offida,unresolved_requires_review,0,,,,,,No unique legally curated target found.
dim_region.csv,Padthaway-McLaren Vale,9,other,,padthaway mclaren vale,ambiguous_requires_context,0,,,,,,Compound auction label contains 2 distinct curated targets.
dim_region.csv,Pays d'Herault IGP,9,other,,pays d herault igp,curated_compound_to_specific,0.97,FR-ORI-HERAULT,FR,Languedoc-Roussillon,Hérault,appellation,Compound auction label contains a unique or hierarchically most specific curated target.
dim_region.csv,Pinner,9,other,,pinner,unresolved_requires_review,0,,,,,,No unique legally curated target found.
dim_region.csv,Quincy,9,other,,quincy,unresolved_requires_review,0,,,,,,No unique legally curated target found.
dim_region.csv,Rapet,9,other,,rapet,unresolved_requires_review,0,,,,,,No unique legally curated target found.
dim_region.csv,Rhone,9,other,,rhone,normalized_alias,0.99,FR-REG-RHONE-VALLEY,FR,Rhône Valley,,region,Curated alias normalized to canonical value.
dim_region.csv,Ribera del Duero DO,9,other,,ribera del duero do,normalized_alias,0.99,ES-ORI-RIBERA-DEL-DUERO,ES,Castilla y León,Ribera del Duero,appellation,Curated alias normalized to canonical value.
dim_region.csv,Riverina -King Valley,9,other,,riverina king valley,ambiguous_requires_context,0,,,,,,Compound auction label contains 2 distinct curated targets.
dim_region.csv,Rouffach,9,other,,rouffach,unresolved_requires_review,0,,,,,,No unique legally curated target found.
dim_region.csv,Saint-Nicolas-de-Bourgueil,9,other,,saint nicolas de bourgueil,unresolved_requires_review,0,,,,,,No unique legally curated target found.
dim_region.csv,Savigny-Vergelesses,9,other,,savigny vergelesses,unresolved_requires_review,0,,,,,,No unique legally curated target found.
dim_region.csv,Schoenenbourg,9,other,,schoenenbourg,unresolved_requires_review,0,,,,,,No unique legally curated target found.
dim_region.csv,Serralunga d'Alba,9,other,,serralunga d alba,unresolved_requires_review,0,,,,,,No unique legally curated target found.
dim_region.csv,South Island,9,other,,south island,unresolved_requires_review,0,,,,,,No unique legally curated target found.
dim_region.csv,Southern Fleurieu Peninsula,9,other,,southern fleurieu peninsula,curated_compound_to_specific,0.97,AU-ORI-FLEURIEU,AU,South Australia,Fleurieu,appellation,Compound auction label contains a unique or hierarchically most specific curated target.
dim_region.csv,Southern Victoria,9,other,,southern victoria,curated_compound_to_specific,0.97,AU-ORI-VICTORIA,AU,Victoria,Victoria,appellation,Compound auction label contains a unique or hierarchically most specific curated target.
dim_region.csv,Tawny Port,9,other,,tawny port,unresolved_requires_review,0,,,,,,No unique legally curated target found.
dim_region.csv,Terre Di Valfredda,9,other,,terre di valfredda,unresolved_requires_review,0,,,,,,No unique legally curated target found.
dim_region.csv,Thessalia,9,other,,thessalia,unresolved_requires_review,0,,,,,,No unique legally curated target found.
dim_region.csv,Valladolid / Castile and León,9,other,,valladolid castile and leon,unresolved_requires_review,0,,,,,,No unique legally curated target found.
dim_region.csv,Valpolicella Ripasso DOC,9,other,,valpolicella ripasso doc,curated_compound_to_specific,0.97,IT-ORI-VALPOLICELLA,IT,Veneto,Valpolicella,appellation,Compound auction label contains a unique or hierarchically most specific curated target.
dim_region.csv,Vermentino di Gallura DOCG,9,other,,vermentino di gallura docg,unresolved_requires_review,0,,,,,,No unique legally curated target found.
dim_region.csv,Vinho Regional Alentejano,9,other,,vinho regional alentejano,unresolved_requires_review,0,,,,,,No unique legally curated target found.
dim_region.csv,Vino de La Tierra de Castilla y Leon,9,other,,vino de la tierra de castilla y leon,curated_compound_to_specific,0.97,ES-REG-CASTILLA-Y-LEON,ES,Castilla y León,,region,Compound auction label contains a unique or hierarchically most specific curated target.
dim_region.csv,Virginia,9,other,,virginia,unresolved_requires_review,0,,,,,,No unique legally curated target found.
dim_region.csv,Waadt / La Côte,9,other,,waadt la cote,ambiguous_requires_context,0,,,,,,Compound auction label contains 2 distinct curated targets.
dim_region.csv,Walla Walla Valley,9,other,,walla walla valley,normalized_exact,1,US-REG-WALLA-WALLA-VALLEY,US,Walla Walla Valley,,region,"Accent, punctuation, whitespace and legal suffixes normalized."
dim_region.csv,Werribee-Heathcote,9,other,,werribee heathcote,curated_compound_to_specific,0.97,AU-ORI-HEATHCOTE,AU,Victoria,Heathcote,appellation,Compound auction label contains a unique or hierarchically most specific curated target.
dim_region.csv,Western Plains,9,other,,western plains,unresolved_requires_review,0,,,,,,No unique legally curated target found.
dim_region.csv,Wuhai Valley,9,other,,wuhai valley,unresolved_requires_review,0,,,,,,No unique legally curated target found.
dim_region.csv,late disgorged Chardonnay Pinot Noir,9,other,,late disgorged chardonnay pinot noir,unresolved_requires_review,0,,,,,,No unique legally curated target found.
dim_region.csv, Italia - Rosso di Montalcino,8,other,,italia rosso di montalcino,curated_compound_to_specific,0.97,IT-ORI-ROSSO-DI-MONTALCINO,IT,Toscana,Rosso di Montalcino,appellation,Compound auction label contains a unique or hierarchically most specific curated target.
dim_region.csv,AU,8,other,,au,normalized_alias,0.99,AU-COUNTRY,AU,,,country,Curated alias normalized to canonical value.
dim_region.csv,Ambra Semi-Secco DOC,8,other,,ambra semi secco doc,unresolved_requires_review,0,,,,,,No unique legally curated target found.
dim_region.csv,Auxey-Duresses Blanc,8,other,,auxey duresses blanc,curated_compound_to_specific,0.97,FR-ORI-AUXEY-DURESSES,FR,Bourgogne,Auxey-Duresses,appellation,Compound auction label contains a unique or hierarchically most specific curated target.
dim_region.csv,BOLGHERI Superiore D.O.C,8,other,,bolgheri superiore d o c,curated_compound_to_specific,0.97,IT-ORI-BOLGHERI,IT,Toscana,Bolgheri,appellation,Compound auction label contains a unique or hierarchically most specific curated target.
dim_region.csv,Bairrada,8,other,,bairrada,normalized_exact,1,PT-ORI-BAIRRADA,PT,Bairrada,Bairrada,appellation,"Accent, punctuation, whitespace and legal suffixes normalized."
dim_region.csv,Blanc Bandol,8,other,,blanc bandol,curated_compound_to_specific,0.97,FR-ORI-BANDOL,FR,Provence,Bandol,appellation,Compound auction label contains a unique or hierarchically most specific curated target.
dim_region.csv,Blended Whisky,8,other,,blended whisky,excluded_non_wine_origin,1,,,,,,"Blend placeholder, unknown value, or spirits/non-wine geography outside this wine-origin reference."
dim_region.csv,Brandy,8,other,,brandy,unresolved_requires_review,0,,,,,,No unique legally curated target found.
dim_region.csv,Bridgelands Vineyard Chardonnay,8,other,,bridgelands vineyard chardonnay,unresolved_requires_review,0,,,,,,No unique legally curated target found.
dim_region.csv,Carema,8,other,,carema,unresolved_requires_review,0,,,,,,No unique legally curated target found.
dim_region.csv,Castillo-Léon,8,other,,castillo leon,unresolved_requires_review,0,,,,,,No unique legally curated target found.
dim_region.csv,Chenas,8,other,,chenas,unresolved_requires_review,0,,,,,,No unique legally curated target found.
dim_region.csv,Chianti Classico Gran Selezione DOCG,8,other,,chianti classico gran selezione docg,curated_compound_to_specific,0.97,IT-ORI-CHIANTI-CLASSICO,IT,Toscana,Chianti Classico,appellation,Compound auction label contains a unique or hierarchically most specific curated target.
dim_region.csv,Ciro,8,other,,ciro,normalized_exact,1,IT-ORI-CIRO,IT,Calabria,Cirò,appellation,"Accent, punctuation, whitespace and legal suffixes normalized."
dim_region.csv,Colline Pescaresi IGT,8,other,,colline pescaresi igt,unresolved_requires_review,0,,,,,,No unique legally curated target found.
dim_region.csv,Colombia,8,other,,colombia,unresolved_requires_review,0,,,,,,No unique legally curated target found.
dim_region.csv,Coonawarra/Wrattonbully,8,other,,coonawarra wrattonbully,ambiguous_requires_context,0,,,,,,Compound auction label contains 2 distinct curated targets.
dim_region.csv,Coteaux du Languedoc AC,8,other,,coteaux du languedoc ac,curated_compound_to_specific,0.97,FR-ORI-LANGUEDOC,FR,Languedoc-Roussillon,Languedoc,appellation,Compound auction label contains a unique or hierarchically most specific curated target.
dim_region.csv,Cremant de Limoux,8,other,,cremant de limoux,curated_compound_to_specific,0.97,FR-ORI-LIMOUX,FR,Languedoc-Roussillon,Limoux,appellation,Compound auction label contains a unique or hierarchically most specific curated target.
dim_region.csv,Côtes de Bordeaux,8,other,,cotes de bordeaux,normalized_exact,1,FR-ORI-COTES-DE-BORDEAUX,FR,Bordeaux,Côtes de Bordeaux,appellation,"Accent, punctuation, whitespace and legal suffixes normalized."
dim_region.csv,Darling Ranges,8,other,,darling ranges,unresolved_requires_review,0,,,,,,No unique legally curated target found.
dim_region.csv,Dolcetto d'alba,8,other,,dolcetto d alba,normalized_exact,1,IT-ORI-DOLCETTO-D-ALBA,IT,Piemonte,Dolcetto d'Alba,appellation,"Accent, punctuation, whitespace and legal suffixes normalized."
dim_region.csv,Durbanville,8,other,,durbanville,unresolved_requires_review,0,,,,,,No unique legally curated target found.
dim_region.csv,Fins Bois,8,other,,fins bois,unresolved_requires_review,0,,,,,,No unique legally curated target found.
dim_region.csv,Francia - Calvados,8,other,,francia calvados,curated_compound_to_specific,0.97,FR-COUNTRY,FR,,,country,Compound auction label contains a unique or hierarchically most specific curated target.
dim_region.csv,Francia - Riesling,8,other,,francia riesling,curated_compound_to_specific,0.97,FR-COUNTRY,FR,,,country,Compound auction label contains a unique or hierarchically most specific curated target.
dim_region.csv,Friuli Grave DOC,8,other,,friuli grave doc,unresolved_requires_review,0,,,,,,No unique legally curated target found.
dim_region.csv,GSM,8,other,,gsm,unresolved_requires_review,0,,,,,,No unique legally curated target found.
dim_region.csv,Galluccio DOC,8,other,,galluccio doc,unresolved_requires_review,0,,,,,,No unique legally curated target found.
dim_region.csv,Gascogne,8,other,,gascogne,unresolved_requires_review,0,,,,,,No unique legally curated target found.
dim_region.csv,Gattinara DOCG,8,other,,gattinara docg,normalized_alias,0.99,IT-ORI-GATTINARA,IT,Piemonte,Gattinara,appellation,Curated alias normalized to canonical value.
dim_region.csv,Gold Coast Hinterland,8,other,,gold coast hinterland,unresolved_requires_review,0,,,,,,No unique legally curated target found.
dim_region.csv,Home Vineyard Chardonnay,8,other,,home vineyard chardonnay,unresolved_requires_review,0,,,,,,No unique legally curated target found.
dim_region.csv,Irpinia Aglianico DOC,8,other,,irpinia aglianico doc,unresolved_requires_review,0,,,,,,No unique legally curated target found.
dim_region.csv,Itata Valley,8,other,,itata valley,normalized_alias,0.99,CL-ORI-VALLE-DEL-ITATA,CL,Región Sur,Valle del Itata,appellation,Curated alias normalized to canonical value.
dim_region.csv,King-Alpine Valleys,8,other,,king alpine valleys,curated_compound_to_specific,0.97,AU-ORI-ALPINE-VALLEYS,AU,Victoria,Alpine Valleys,appellation,Compound auction label contains a unique or hierarchically most specific curated target.
dim_region.csv,La Brocarde,8,other,,la brocarde,unresolved_requires_review,0,,,,,,No unique legally curated target found.
dim_region.csv,Liguria,8,other,,liguria,unresolved_requires_review,0,,,,,,No unique legally curated target found.
dim_region.csv,Macedon Ranges and Heathcote,8,other,,macedon ranges and heathcote,ambiguous_requires_context,0,,,,,,Compound auction label contains 2 distinct curated targets.
dim_region.csv,Mallorca,8,other,,mallorca,unresolved_requires_review,0,,,,,,No unique legally curated target found.
dim_region.csv,McLaren Vale-King Valley-Coonawarra,8,other,,mclaren vale king valley coonawarra,ambiguous_requires_context,0,,,,,,Compound auction label contains 3 distinct curated targets.
dim_region.csv,Mclaren Vale,8,other,,mclaren vale,normalized_exact,1,AU-ORI-MCLAREN-VALE,AU,South Australia,McLaren Vale,appellation,"Accent, punctuation, whitespace and legal suffixes normalized."
dim_region.csv,Mildura,8,other,,mildura,unresolved_requires_review,0,,,,,,No unique legally curated target found.
dim_region.csv,Montevideo,8,other,,montevideo,unresolved_requires_review,0,,,,,,No unique legally curated target found.
dim_region.csv,Morellino di Scansano,8,other,,morellino di scansano,normalized_exact,1,IT-ORI-MORELLINO-DI-SCANSANO,IT,Toscana,Morellino di Scansano,appellation,"Accent, punctuation, whitespace and legal suffixes normalized."
dim_region.csv,Mornington Peninsula-Yarra Valley,8,other,,mornington peninsula yarra valley,ambiguous_requires_context,0,,,,,,Compound auction label contains 2 distinct curated targets.
dim_region.csv,Navarre,8,other,,navarre,unresolved_requires_review,0,,,,,,No unique legally curated target found.
dim_region.csv,North Coast AVA,8,other,,north coast ava,unresolved_requires_review,0,,,,,,No unique legally curated target found.
dim_region.csv,Northern Massif,8,other,,northern massif,unresolved_requires_review,0,,,,,,No unique legally curated target found.
dim_region.csv,Poggio delle Rose' DOCG,8,other,,poggio delle rose docg,unresolved_requires_review,0,,,,,,No unique legally curated target found.
dim_region.csv,Ponte Do Lima,8,other,,ponte do lima,unresolved_requires_review,0,,,,,,No unique legally curated target found.
dim_region.csv,QMP,8,other,,qmp,unresolved_requires_review,0,,,,,,No unique legally curated target found.
dim_region.csv,Rosso Piceno,8,other,,rosso piceno,unresolved_requires_review,0,,,,,,No unique legally curated target found.
dim_region.csv,Shoalhaven Coast,8,other,,shoalhaven coast,unresolved_requires_review,0,,,,,,No unique legally curated target found.
dim_region.csv,Sicilia  - Marsala,8,other,,sicilia marsala,curated_compound_to_specific,0.97,IT-ORI-MARSALA,IT,Sicilia,Marsala,appellation,Compound auction label contains a unique or hierarchically most specific curated target.
dim_region.csv,Syrah No 2,8,other,,syrah no 2,unresolved_requires_review,0,,,,,,No unique legally curated target found.
dim_region.csv,Teroldego Rotaliano DOC,8,other,,teroldego rotaliano doc,unresolved_requires_review,0,,,,,,No unique legally curated target found.
dim_region.csv,Toscana I.G.T.,8,other,,toscana i g t,curated_compound_to_specific,0.97,IT-ORI-TOSCANA,IT,Toscana,Toscana,appellation,Compound auction label contains a unique or hierarchically most specific curated target.
dim_region.csv,Trentino - Alto Adige,8,other,,trentino alto adige,ambiguous_requires_context,0,,,,,,Compound auction label contains 2 distinct curated targets.
dim_region.csv,Urzig (Wurzgarten),8,other,,urzig wurzgarten,unresolved_requires_review,0,,,,,,No unique legally curated target found.
dim_region.csv,Valdobbiadene Prosecco Superiore DOCG,8,other,,valdobbiadene prosecco superiore docg,curated_compound_to_specific,0.97,IT-ORI-PROSECCO,IT,Veneto,Prosecco,appellation,Compound auction label contains a unique or hierarchically most specific curated target.
dim_region.csv,Valle de la Orotava,8,other,,valle de la orotava,unresolved_requires_review,0,,,,,,No unique legally curated target found.
dim_region.csv,Vigna Presenda,8,other,,vigna presenda,unresolved_requires_review,0,,,,,,No unique legally curated target found.
dim_region.csv,Whiskey,8,other,,whiskey,excluded_non_wine_origin,1,,,,,,"Blend placeholder, unknown value, or spirits/non-wine geography outside this wine-origin reference."
dim_region.csv,Yarra Valley/King Valley,8,other,,yarra valley king valley,ambiguous_requires_context,0,,,,,,Compound auction label contains 2 distinct curated targets.
dim_region.csv, Italia - Puglia,7,other,,italia puglia,curated_compound_to_specific,0.97,IT-ORI-PUGLIA,IT,Puglia,Puglia,appellation,Compound auction label contains a unique or hierarchically most specific curated target.
dim_region.csv,Australia - Cabernet,7,other,,australia cabernet,curated_compound_to_specific,0.97,AU-COUNTRY,AU,,,country,Compound auction label contains a unique or hierarchically most specific curated target.
dim_region.csv,B By Fonbadet,7,other,,b by fonbadet,unresolved_requires_review,0,,,,,,No unique legally curated target found.
dim_region.csv,Barolo Baudana DOCG,7,other,,barolo baudana docg,curated_compound_to_specific,0.97,IT-ORI-BAROLO,IT,Piemonte,Barolo,appellation,Compound auction label contains a unique or hierarchically most specific curated target.
dim_region.csv,Barolo Magheria,7,other,,barolo magheria,curated_compound_to_specific,0.97,IT-ORI-BAROLO,IT,Piemonte,Barolo,appellation,Compound auction label contains a unique or hierarchically most specific curated target.
dim_region.csv,Beaujolais Nouveau,7,other,,beaujolais nouveau,curated_compound_to_specific,0.97,FR-ORI-BEAUJOLAIS,FR,Beaujolais,Beaujolais,appellation,Compound auction label contains a unique or hierarchically most specific curated target.
dim_region.csv,Bermuda,7,other,,bermuda,unresolved_requires_review,0,,,,,,No unique legally curated target found.
dim_region.csv,Bio-Bio Valley,7,other,,bio bio valley,unresolved_requires_review,0,,,,,,No unique legally curated target found.
dim_region.csv,Boca DOC,7,other,,boca doc,unresolved_requires_review,0,,,,,,No unique legally curated target found.
dim_region.csv,Bolgheri Rosso,7,other,,bolgheri rosso,curated_compound_to_specific,0.97,IT-ORI-BOLGHERI,IT,Toscana,Bolgheri,appellation,Compound auction label contains a unique or hierarchically most specific curated target.
dim_region.csv,Bordeaux (Rouge),7,other,,bordeaux rouge,curated_compound_to_specific,0.97,FR-ORI-BORDEAUX,FR,Bordeaux,Bordeaux,appellation,Compound auction label contains a unique or hierarchically most specific curated target.
dim_region.csv,Bramaterra,7,other,,bramaterra,unresolved_requires_review,0,,,,,,No unique legally curated target found.
dim_region.csv,Brindisi,7,other,,brindisi,unresolved_requires_review,0,,,,,,No unique legally curated target found.
dim_region.csv,Buzet - South West France,7,other,,buzet south west france,curated_compound_to_specific,0.97,FR-COUNTRY,FR,,,country,Compound auction label contains a unique or hierarchically most specific curated target.
dim_region.csv,Cabardes,7,other,,cabardes,unresolved_requires_review,0,,,,,,No unique legally curated target found.
dim_region.csv,Cava,7,other,,cava,normalized_exact,1,ES-ORI-CAVA,ES,Spain,Cava,appellation,"Accent, punctuation, whitespace and legal suffixes normalized."
dim_region.csv,Charos,7,other,,charos,unresolved_requires_review,0,,,,,,No unique legally curated target found.
dim_region.csv,Chianti ClassicoUse code CCCDFO,7,other,,chianti classicouse code cccdfo,curated_compound_to_specific,0.97,IT-ORI-CHIANTI,IT,Toscana,Chianti,appellation,Compound auction label contains a unique or hierarchically most specific curated target.
dim_region.csv,Cina  - Distillati,7,other,,cina distillati,unresolved_requires_review,0,,,,,,No unique legally curated target found.
dim_region.csv,Colli Trevigiani,7,other,,colli trevigiani,unresolved_requires_review,0,,,,,,No unique legally curated target found.
dim_region.csv,Colli di Luni,7,other,,colli di luni,unresolved_requires_review,0,,,,,,No unique legally curated target found.
dim_region.csv,Colli di Salerno IGT,7,other,,colli di salerno igt,unresolved_requires_review,0,,,,,,No unique legally curated target found.
dim_region.csv,Coonawarra-Langhorne Creek,7,other,,coonawarra langhorne creek,ambiguous_requires_context,0,,,,,,Compound auction label contains 2 distinct curated targets.
dim_region.csv,Corton-Les Grandes Lolieres,7,other,,corton les grandes lolieres,curated_compound_to_specific,0.97,FR-ORI-CORTON,FR,Bourgogne,Corton,appellation,Compound auction label contains a unique or hierarchically most specific curated target.
dim_region.csv,Cote de Nuits - Borgogna,7,other,,cote de nuits borgogna,ambiguous_requires_context,0,,,,,,Compound auction label contains 2 distinct curated targets.
dim_region.csv,Crete,7,other,,crete,unresolved_requires_review,0,,,,,,No unique legally curated target found.
dim_region.csv,Denominazioni varie,7,other,,denominazioni varie,unresolved_requires_review,0,,,,,,No unique legally curated target found.
dim_region.csv,Drama,7,other,,drama,unresolved_requires_review,0,,,,,,No unique legally curated target found.
dim_region.csv,"Francia, Martinica - Rum",7,other,,francia martinica rum,curated_compound_to_specific,0.97,FR-COUNTRY,FR,,,country,Compound auction label contains a unique or hierarchically most specific curated target.
dim_region.csv,Frankland River - Mt Barker,7,other,,frankland river mt barker,curated_compound_to_specific,0.97,AU-ORI-FRANKLAND-RIVER,AU,Western Australia,Frankland River,appellation,Compound auction label contains a unique or hierarchically most specific curated target.
dim_region.csv,Frankland River / Mudgee,7,other,,frankland river mudgee,ambiguous_requires_context,0,,,,,,Compound auction label contains 2 distinct curated targets.
dim_region.csv,Frascati,7,other,,frascati,unresolved_requires_review,0,,,,,,No unique legally curated target found.
dim_region.csv,Funchal,7,other,,funchal,unresolved_requires_review,0,,,,,,No unique legally curated target found.
dim_region.csv,GRAND BOURGEOIS La Damoiselle de Sociando-Mallet,7,other,,grand bourgeois la damoiselle de sociando mallet,unresolved_requires_review,0,,,,,,No unique legally curated target found.
dim_region.csv,Garcia Albillo,7,other,,garcia albillo,unresolved_requires_review,0,,,,,,No unique legally curated target found.
dim_region.csv,Getariako Txakolina,7,other,,getariako txakolina,unresolved_requires_review,0,,,,,,No unique legally curated target found.
dim_region.csv,Grand Vin Sec,7,other,,grand vin sec,unresolved_requires_review,0,,,,,,No unique legally curated target found.
dim_region.csv,Hawkes Bay/Gisborne,7,other,,hawkes bay gisborne,ambiguous_requires_context,0,,,,,,Compound auction label contains 2 distinct curated targets.
dim_region.csv,Howell Mountain,7,other,,howell mountain,normalized_exact,1,US-REG-HOWELL-MOUNTAIN,US,Howell Mountain,,region,"Accent, punctuation, whitespace and legal suffixes normalized."
dim_region.csv,Inghilterra - Gin,7,other,,inghilterra gin,unresolved_requires_review,0,,,,,,No unique legally curated target found.
dim_region.csv,Isonzo del Friuli DOC,7,other,,isonzo del friuli doc,unresolved_requires_review,0,,,,,,No unique legally curated target found.
dim_region.csv,Karasì,7,other,,karasi,unresolved_requires_review,0,,,,,,No unique legally curated target found.
dim_region.csv,Kartli,7,other,,kartli,unresolved_requires_review,0,,,,,,No unique legally curated target found.
dim_region.csv,Ladoix-Serrigny,7,other,,ladoix serrigny,curated_compound_to_specific,0.97,FR-ORI-LADOIX,FR,Bourgogne,Ladoix,appellation,Compound auction label contains a unique or hierarchically most specific curated target.
dim_region.csv,Languedoc-Roussillon / Côtes du Roussillon-Villages,7,other,,languedoc roussillon cotes du roussillon villages,ambiguous_requires_context,0,,,,,,Compound auction label contains 5 distinct curated targets.
dim_region.csv,Les Renardes,7,other,,les renardes,unresolved_requires_review,0,,,,,,No unique legally curated target found.
dim_region.csv,Los Arrotos del Pendon,7,other,,los arrotos del pendon,unresolved_requires_review,0,,,,,,No unique legally curated target found.
dim_region.csv,Maconnais,7,other,,maconnais,normalized_exact,1,FR-REG-MACONNAIS,FR,Mâconnais,,region,"Accent, punctuation, whitespace and legal suffixes normalized."
dim_region.csv,Magill-Eden Valley,7,other,,magill eden valley,curated_compound_to_specific,0.97,AU-ORI-EDEN-VALLEY,AU,South Australia,Eden Valley,appellation,Compound auction label contains a unique or hierarchically most specific curated target.
dim_region.csv,Margaret River-Blackwood Valley,7,other,,margaret river blackwood valley,ambiguous_requires_context,0,,,,,,Compound auction label contains 2 distinct curated targets.
dim_region.csv,Mc Laren Vale,7,other,,mc laren vale,suggested_review,0.923,AU-ORI-MCLAREN-VALE,AU,South Australia,McLaren Vale,appellation,String-similarity suggestion only; not accepted as a confirmed mapping.
dim_region.csv,McMinnville,7,other,,mcminnville,unresolved_requires_review,0,,,,,,No unique legally curated target found.
dim_region.csv,Mittelhaardt/Deutsche Weinstrasse,7,other,,mittelhaardt deutsche weinstrasse,unresolved_requires_review,0,,,,,,No unique legally curated target found.
dim_region.csv,Montsant DO,7,other,,montsant do,normalized_alias,0.99,ES-ORI-MONTSANT,ES,Catalunya,Montsant,appellation,Curated alias normalized to canonical value.
dim_region.csv,Monvigliero,7,other,,monvigliero,unresolved_requires_review,0,,,,,,No unique legally curated target found.
dim_region.csv,Muscadet,7,other,,muscadet,unresolved_requires_review,0,,,,,,No unique legally curated target found.
dim_region.csv,Muscadet De Sevre-et Maine sur lie,7,other,,muscadet de sevre et maine sur lie,curated_compound_to_specific,0.97,FR-ORI-MUSCADET-SEVRE-ET-MAINE,FR,Loire Valley,Muscadet Sèvre et Maine,appellation,Compound auction label contains a unique or hierarchically most specific curated target.
dim_region.csv,New South Wales / Hunter Valley,7,other,,new south wales hunter valley,curated_compound_to_specific,0.97,AU-ORI-HUNTER-VALLEY,AU,New South Wales,Hunter Valley,appellation,Compound auction label contains a unique or hierarchically most specific curated target.
dim_region.csv,Ottantadue,7,other,,ottantadue,unresolved_requires_review,0,,,,,,No unique legally curated target found.
dim_region.csv,Palo Cortado,7,other,,palo cortado,unresolved_requires_review,0,,,,,,No unique legally curated target found.
dim_region.csv,Pantelleria,7,other,,pantelleria,unresolved_requires_review,0,,,,,,No unique legally curated target found.
dim_region.csv,Pays d'Auge AOC,7,other,,pays d auge aoc,unresolved_requires_review,0,,,,,,No unique legally curated target found.
dim_region.csv,Persan,7,other,,persan,unresolved_requires_review,0,,,,,,No unique legally curated target found.
dim_region.csv,Pinot Grigio,7,other,,pinot grigio,unresolved_requires_review,0,,,,,,No unique legally curated target found.
dim_region.csv,Pittacum Mencia,7,other,,pittacum mencia,unresolved_requires_review,0,,,,,,No unique legally curated target found.
dim_region.csv,Porogurup,7,other,,porogurup,unresolved_requires_review,0,,,,,,No unique legally curated target found.
dim_region.csv,Portogallo - Denominazioni varie,7,other,,portogallo denominazioni varie,unresolved_requires_review,0,,,,,,No unique legally curated target found.
dim_region.csv,Provence / Côtes de Provence,7,other,,provence cotes de provence,curated_compound_to_specific,0.97,FR-ORI-COTES-DE-PROVENCE,FR,Provence,Côtes de Provence,appellation,Compound auction label contains a unique or hierarchically most specific curated target.
dim_region.csv,Purcari,7,other,,purcari,unresolved_requires_review,0,,,,,,No unique legally curated target found.
dim_region.csv,Romania,7,other,,romania,unresolved_requires_review,0,,,,,,No unique legally curated target found.
dim_region.csv,Rosso Toscana IGT,7,other,,rosso toscana igt,curated_compound_to_specific,0.97,IT-ORI-TOSCANA,IT,Toscana,Toscana,appellation,Compound auction label contains a unique or hierarchically most specific curated target.
dim_region.csv,San Martino della Battaglia,7,other,,san martino della battaglia,unresolved_requires_review,0,,,,,,No unique legally curated target found.
dim_region.csv,Santa Barbara County,7,other,,santa barbara county,normalized_exact,1,US-ORI-SANTA-BARBARA-COUNTY,US,California,Santa Barbara County,appellation,"Accent, punctuation, whitespace and legal suffixes normalized."
dim_region.csv,Selection de Grains Nobles Gewurztraminer,7,other,,selection de grains nobles gewurztraminer,unresolved_requires_review,0,,,,,,No unique legally curated target found.
dim_region.csv,South Australia / McLaren Vale,7,other,,south australia mclaren vale,curated_compound_to_specific,0.97,AU-ORI-MCLAREN-VALE,AU,South Australia,McLaren Vale,appellation,Compound auction label contains a unique or hierarchically most specific curated target.
dim_region.csv,South Eastern Australia - South Australia,7,other,,south eastern australia south australia,curated_compound_to_specific,0.97,AU-ORI-SOUTH-EASTERN-AUSTRALIA,AU,South Australia,South Eastern Australia,appellation,Compound auction label contains a unique or hierarchically most specific curated target.
dim_region.csv,Spagna - Distillati,7,other,,spagna distillati,unresolved_requires_review,0,,,,,,No unique legally curated target found.
dim_region.csv,Spagna - Duero,7,other,,spagna duero,unresolved_requires_review,0,,,,,,No unique legally curated target found.
dim_region.csv,Taiwan,7,other,,taiwan,unresolved_requires_review,0,,,,,,No unique legally curated target found.
dim_region.csv,Trentino - Alto Adige - Denominazioni varie,7,other,,trentino alto adige denominazioni varie,ambiguous_requires_context,0,,,,,,Compound auction label contains 2 distinct curated targets.
dim_region.csv,Valle Central / Valle del Maipo,7,other,,valle central valle del maipo,curated_compound_to_specific,0.97,CL-ORI-VALLE-DEL-MAIPO,CL,Valle Central,Valle del Maipo,appellation,Compound auction label contains a unique or hierarchically most specific curated target.
dim_region.csv,Vista Flores,7,other,,vista flores,unresolved_requires_review,0,,,,,,No unique legally curated target found.
dim_region.csv,Walla Walla Valley AVA,7,other,,walla walla valley ava,normalized_alias,0.99,US-REG-WALLA-WALLA-VALLEY,US,Walla Walla Valley,,region,Curated alias normalized to canonical value.
dim_region.csv,Wellington,7,other,,wellington,unresolved_requires_review,0,,,,,,No unique legally curated target found.
dim_region.csv,holding 12 bottles per unit,7,other,,holding 12 bottles per unit,unresolved_requires_review,0,,,,,,No unique legally curated target found.
dim_region.csv,made in Malaysia,7,other,,made in malaysia,unresolved_requires_review,0,,,,,,No unique legally curated target found.
dim_region.csv, Italia - Curtefranca,6,other,,italia curtefranca,curated_compound_to_specific,0.97,IT-COUNTRY,IT,,,country,Compound auction label contains a unique or hierarchically most specific curated target.
dim_region.csv,1 Pinot Gris,6,other,,1 pinot gris,unresolved_requires_review,0,,,,,,No unique legally curated target found.
dim_region.csv,Aargau / Unteres Aaretal,6,other,,aargau unteres aaretal,curated_compound_to_specific,0.97,CH-ORI-AARGAU,CH,Aargau,Aargau,appellation,Compound auction label contains a unique or hierarchically most specific curated target.
dim_region.csv,Auxey-Meursault,6,other,,auxey meursault,curated_compound_to_specific,0.97,FR-ORI-MEURSAULT,FR,Bourgogne,Meursault,appellation,Compound auction label contains a unique or hierarchically most specific curated target.
dim_region.csv,BOLGHERI Superiore  D.O.C,6,other,,bolgheri superiore d o c,curated_compound_to_specific,0.97,IT-ORI-BOLGHERI,IT,Toscana,Bolgheri,appellation,Compound auction label contains a unique or hierarchically most specific curated target.
dim_region.csv,Barbaresco DOCG Basarin,6,other,,barbaresco docg basarin,curated_compound_to_specific,0.97,IT-ORI-BARBARESCO,IT,Piemonte,Barbaresco,appellation,Compound auction label contains a unique or hierarchically most specific curated target.
dim_region.csv,Basilicata,6,other,,basilicata,normalized_exact,1,IT-ORI-BASILICATA,IT,Basilicata,Basilicata,appellation,"Accent, punctuation, whitespace and legal suffixes normalized."
dim_region.csv,California - California,6,other,,california california,curated_compound_to_specific,0.97,US-ORI-CALIFORNIA,US,California,California,appellation,Compound auction label contains a unique or hierarchically most specific curated target.
dim_region.csv,Campania - Denominazioni varie,6,other,,campania denominazioni varie,curated_compound_to_specific,0.97,IT-ORI-CAMPANIA,IT,Campania,Campania,appellation,Compound auction label contains a unique or hierarchically most specific curated target.
dim_region.csv,Campania - Taurasi,6,other,,campania taurasi,curated_compound_to_specific,0.97,IT-ORI-TAURASI,IT,Campania,Taurasi,appellation,Compound auction label contains a unique or hierarchically most specific curated target.
dim_region.csv,Central & Western Victoria,6,other,,central and western victoria,curated_compound_to_specific,0.97,AU-ORI-VICTORIA,AU,Victoria,Victoria,appellation,Compound auction label contains a unique or hierarchically most specific curated target.
dim_region.csv,Chapelle-Chambertin GC,6,other,,chapelle chambertin gc,curated_compound_to_specific,0.97,FR-ORI-CHAPELLE-CHAMBERTIN,FR,Bourgogne,Chapelle-Chambertin,appellation,Compound auction label contains a unique or hierarchically most specific curated target.
dim_region.csv,Chateauneuf-du-Pape Cuvee Imperiale,6,other,,chateauneuf du pape cuvee imperiale,curated_compound_to_specific,0.97,FR-ORI-CHATEAUNEUF-DU-PAPE,FR,Vallée du Rhône,Châteauneuf-du-Pape,appellation,Compound auction label contains a unique or hierarchically most specific curated target.
dim_region.csv,Chianti Montespertoli DOCG,6,other,,chianti montespertoli docg,curated_compound_to_specific,0.97,IT-ORI-CHIANTI,IT,Toscana,Chianti,appellation,Compound auction label contains a unique or hierarchically most specific curated target.
dim_region.csv,Cochise County,6,other,,cochise county,unresolved_requires_review,0,,,,,,No unique legally curated target found.
dim_region.csv,Colline Pescaresi,6,other,,colline pescaresi,unresolved_requires_review,0,,,,,,No unique legally curated target found.
dim_region.csv,Costa Blanca,6,other,,costa blanca,unresolved_requires_review,0,,,,,,No unique legally curated target found.
dim_region.csv,Cote de Buzet,6,other,,cote de buzet,unresolved_requires_review,0,,,,,,No unique legally curated target found.
dim_region.csv,Cotes de Provence Rose,6,other,,cotes de provence rose,curated_compound_to_specific,0.97,FR-ORI-COTES-DE-PROVENCE,FR,Provence,Côtes de Provence,appellation,Compound auction label contains a unique or hierarchically most specific curated target.
dim_region.csv,Cotes du Luberon,6,other,,cotes du luberon,curated_compound_to_specific,0.97,FR-ORI-LUBERON,FR,Vallée du Rhône,Luberon,appellation,Compound auction label contains a unique or hierarchically most specific curated target.
dim_region.csv,Daylesford,6,other,,daylesford,unresolved_requires_review,0,,,,,,No unique legally curated target found.
dim_region.csv,Eger - Northern Massif,6,other,,eger northern massif,unresolved_requires_review,0,,,,,,No unique legally curated target found.
dim_region.csv,En Spois,6,other,,en spois,unresolved_requires_review,0,,,,,,No unique legally curated target found.
dim_region.csv,Entre-de-Mers,6,other,,entre de mers,unresolved_requires_review,0,,,,,,No unique legally curated target found.
dim_region.csv,Etna Rosso,6,other,,etna rosso,normalized_alias,0.99,IT-ORI-ETNA,IT,Sicilia,Etna,appellation,Curated alias normalized to canonical value.
dim_region.csv,FIJI,6,other,,fiji,unresolved_requires_review,0,,,,,,No unique legally curated target found.
dim_region.csv,Flaxman-Hoffman-Moorooroo,6,other,,flaxman hoffman moorooroo,unresolved_requires_review,0,,,,,,No unique legally curated target found.
dim_region.csv,Francia - Vini Dolci,6,other,,francia vini dolci,curated_compound_to_specific,0.97,FR-COUNTRY,FR,,,country,Compound auction label contains a unique or hierarchically most specific curated target.
dim_region.csv,G. Lalanne,6,other,,g lalanne,unresolved_requires_review,0,,,,,,No unique legally curated target found.
dim_region.csv,Gaillac Doux,6,other,,gaillac doux,unresolved_requires_review,0,,,,,,No unique legally curated target found.
dim_region.csv,Guadeloupe - Rum,6,other,,guadeloupe rum,unresolved_requires_review,0,,,,,,No unique legally curated target found.
dim_region.csv,Hautes-Cotes de Nuits,6,other,,hautes cotes de nuits,unresolved_requires_review,0,,,,,,No unique legally curated target found.
dim_region.csv,Hunter Valley-Coonawarra,6,other,,hunter valley coonawarra,ambiguous_requires_context,0,,,,,,Compound auction label contains 2 distinct curated targets.
dim_region.csv,Hunter-Coonawarra-Clare,6,other,,hunter coonawarra clare,ambiguous_requires_context,0,,,,,,Compound auction label contains 3 distinct curated targets.
dim_region.csv,Irpinia IGT,6,other,,irpinia igt,unresolved_requires_review,0,,,,,,No unique legally curated target found.
dim_region.csv,Isle of Mull,6,other,,isle of mull,unresolved_requires_review,0,,,,,,No unique legally curated target found.
dim_region.csv,Kientzheim,6,other,,kientzheim,unresolved_requires_review,0,,,,,,No unique legally curated target found.
dim_region.csv,Lacrima di Morro d'Alba DOC,6,other,,lacrima di morro d alba doc,unresolved_requires_review,0,,,,,,No unique legally curated target found.
dim_region.csv,Ladoix Village,6,other,,ladoix village,curated_compound_to_specific,0.97,FR-ORI-LADOIX,FR,Bourgogne,Ladoix,appellation,Compound auction label contains a unique or hierarchically most specific curated target.
dim_region.csv,Lithuania,6,other,,lithuania,unresolved_requires_review,0,,,,,,No unique legally curated target found.
dim_region.csv,Livermore Lake,6,other,,livermore lake,unresolved_requires_review,0,,,,,,No unique legally curated target found.
dim_region.csv,Macon Loche,6,other,,macon loche,unresolved_requires_review,0,,,,,,No unique legally curated target found.
dim_region.csv,Macon-Chardonnay,6,other,,macon chardonnay,unresolved_requires_review,0,,,,,,No unique legally curated target found.
dim_region.csv,Macon-Clesse,6,other,,macon clesse,unresolved_requires_review,0,,,,,,No unique legally curated target found.
dim_region.csv,Macon-Fuisse,6,other,,macon fuisse,unresolved_requires_review,0,,,,,,No unique legally curated target found.
dim_region.csv,Maizières Rully Blanc,6,other,,maizieres rully blanc,curated_compound_to_specific,0.97,FR-ORI-RULLY,FR,Bourgogne,Rully,appellation,Compound auction label contains a unique or hierarchically most specific curated target.
dim_region.csv,Manchuela,6,other,,manchuela,unresolved_requires_review,0,,,,,,No unique legally curated target found.
dim_region.csv,McLaren Vale-Hunter Valley-Coonawarra,6,other,,mclaren vale hunter valley coonawarra,ambiguous_requires_context,0,,,,,,Compound auction label contains 3 distinct curated targets.
dim_region.csv,Mise Tardive,6,other,,mise tardive,unresolved_requires_review,0,,,,,,No unique legally curated target found.
dim_region.csv,Monferrato Rosso,6,other,,monferrato rosso,curated_compound_to_specific,0.97,IT-ORI-MONFERRATO,IT,Piemonte,Monferrato,appellation,Compound auction label contains a unique or hierarchically most specific curated target.
dim_region.csv,Monopole,6,other,,monopole,unresolved_requires_review,0,,,,,,No unique legally curated target found.
dim_region.csv,Monterrei DO,6,other,,monterrei do,unresolved_requires_review,0,,,,,,No unique legally curated target found.
dim_region.csv,Mt Gambier,6,other,,mt gambier,unresolved_requires_review,0,,,,,,No unique legally curated target found.
dim_region.csv,NSW,6,other,,nsw,unresolved_requires_review,0,,,,,,No unique legally curated target found.
dim_region.csv,Nackenheim,6,other,,nackenheim,unresolved_requires_review,0,,,,,,No unique legally curated target found.
dim_region.csv,Nagambie,6,other,,nagambie,unresolved_requires_review,0,,,,,,No unique legally curated target found.
dim_region.csv,Niedersachsen,6,other,,niedersachsen,unresolved_requires_review,0,,,,,,No unique legally curated target found.
dim_region.csv,Nyulaszo,6,other,,nyulaszo,unresolved_requires_review,0,,,,,,No unique legally curated target found.
dim_region.csv,Ollauri Rioja,6,other,,ollauri rioja,curated_compound_to_specific,0.97,ES-ORI-RIOJA,ES,Rioja,Rioja,appellation,Compound auction label contains a unique or hierarchically most specific curated target.
dim_region.csv,Piemont,6,other,,piemont,unresolved_requires_review,0,,,,,,No unique legally curated target found.
dim_region.csv,Pirque,6,other,,pirque,unresolved_requires_review,0,,,,,,No unique legally curated target found.
dim_region.csv,Pouilly-sur-Loire,6,other,,pouilly sur loire,curated_compound_to_specific,0.97,FR-REG-LOIRE-VALLEY,FR,Loire Valley,,region,Compound auction label contains a unique or hierarchically most specific curated target.
dim_region.csv,Red Mountain,6,other,,red mountain,normalized_exact,1,US-REG-RED-MOUNTAIN,US,Red Mountain,,region,"Accent, punctuation, whitespace and legal suffixes normalized."
dim_region.csv,Rioja Santiago,6,other,,rioja santiago,curated_compound_to_specific,0.97,ES-ORI-RIOJA,ES,Rioja,Rioja,appellation,Compound auction label contains a unique or hierarchically most specific curated target.
dim_region.csv,Sainte Croix Du Mont,6,other,,sainte croix du mont,unresolved_requires_review,0,,,,,,No unique legally curated target found.
dim_region.csv,San Mateo Country,6,other,,san mateo country,unresolved_requires_review,0,,,,,,No unique legally curated target found.
dim_region.csv,Santiago,6,other,,santiago,unresolved_requires_review,0,,,,,,No unique legally curated target found.
dim_region.csv,Set of 22 magnums,6,other,,set of 22 magnums,unresolved_requires_review,0,,,,,,No unique legally curated target found.
dim_region.csv,South Australia / Coonawarra,6,other,,south australia coonawarra,curated_compound_to_specific,0.97,AU-ORI-COONAWARRA,AU,South Australia,Coonawarra,appellation,Compound auction label contains a unique or hierarchically most specific curated target.
dim_region.csv,South Island / Marlborough,6,other,,south island marlborough,curated_compound_to_specific,0.97,NZ-ORI-MARLBOROUGH,NZ,Marlborough,Marlborough,appellation,Compound auction label contains a unique or hierarchically most specific curated target.
dim_region.csv,Special Club Grands Terroirs de Chardonnay,6,other,,special club grands terroirs de chardonnay,unresolved_requires_review,0,,,,,,No unique legally curated target found.
dim_region.csv,St-Croix-du-Monte,6,other,,saint croix du monte,unresolved_requires_review,0,,,,,,No unique legally curated target found.
dim_region.csv,Tasmania East Coast,6,other,,tasmania east coast,curated_compound_to_specific,0.97,AU-ORI-TASMANIA,AU,Tasmania,Tasmania,appellation,Compound auction label contains a unique or hierarchically most specific curated target.
dim_region.csv,"Toscana ,  Italia - Brunello di Montalcino",6,other,,toscana italia brunello di montalcino,curated_compound_to_specific,0.97,IT-ORI-BRUNELLO-DI-MONTALCINO,IT,Toscana,Brunello di Montalcino,appellation,Compound auction label contains a unique or hierarchically most specific curated target.
dim_region.csv,Turkey,6,other,,turkey,unresolved_requires_review,0,,,,,,No unique legally curated target found.
dim_region.csv,Tuscany - Super Tuscan,6,other,,tuscany super tuscan,curated_compound_to_specific,0.97,IT-ORI-TOSCANA,IT,Toscana,Toscana,appellation,Compound auction label contains a unique or hierarchically most specific curated target.
dim_region.csv,USA - Napa Valley,6,other,,usa napa valley,curated_compound_to_specific,0.97,US-REG-NAPA-VALLEY,US,Napa Valley,,region,Compound auction label contains a unique or hierarchically most specific curated target.
dim_region.csv,Uragya,6,other,,uragya,unresolved_requires_review,0,,,,,,No unique legally curated target found.
dim_region.csv,Verdicchio dei Castelli di Jesi,6,other,,verdicchio dei castelli di jesi,normalized_exact,1,IT-ORI-VERDICCHIO-DEI-CASTELLI-DI-JESI,IT,Marche,Verdicchio dei Castelli di Jesi,appellation,"Accent, punctuation, whitespace and legal suffixes normalized."
dim_region.csv,Vin de Pays,6,other,,vin de pays,unresolved_requires_review,0,,,,,,No unique legally curated target found.
dim_region.csv,Vin de Table,6,other,,vin de table,unresolved_requires_review,0,,,,,,No unique legally curated target found.
dim_region.csv,Vouvray AOC Methode Traditionnelle,6,other,,vouvray aoc methode traditionnelle,curated_compound_to_specific,0.97,FR-ORI-VOUVRAY,FR,Loire Valley,Vouvray,appellation,Compound auction label contains a unique or hierarchically most specific curated target.
dim_region.csv,Wallis / Chamoson,6,other,,wallis chamoson,curated_compound_to_specific,0.97,CH-ORI-VALAIS,CH,Valais,Valais,appellation,Compound auction label contains a unique or hierarchically most specific curated target.
dim_region.csv,Yarra Valley - Victoria,6,other,,yarra valley victoria,curated_compound_to_specific,0.97,AU-ORI-YARRA-VALLEY,AU,Victoria,Yarra Valley,appellation,Compound auction label contains a unique or hierarchically most specific curated target.
dim_region.csv,hilltops barossa hunter,6,other,,hilltops barossa hunter,ambiguous_requires_context,0,,,,,,Compound auction label contains 3 distinct curated targets.
dim_region.csv,les Beatines Blanc,6,other,,les beatines blanc,unresolved_requires_review,0,,,,,,No unique legally curated target found.
dim_region.csv, Italia - Cabernet,5,other,,italia cabernet,curated_compound_to_specific,0.97,IT-COUNTRY,IT,,,country,Compound auction label contains a unique or hierarchically most specific curated target.
dim_region.csv, Italia - Sardegna,5,other,,italia sardegna,curated_compound_to_specific,0.97,IT-REG-SARDEGNA,IT,Sardegna,,region,Compound auction label contains a unique or hierarchically most specific curated target.
dim_region.csv,150th Anniversary Commemoration 1851-2001 Barossa Valley,5,other,,150th anniversary commemoration 1851 2001 barossa valley,curated_compound_to_specific,0.97,AU-ORI-BAROSSA-VALLEY,AU,South Australia,Barossa Valley,appellation,Compound auction label contains a unique or hierarchically most specific curated target.
dim_region.csv,2017,5,other,,2017,unresolved_requires_review,0,,,,,,No unique legally curated target found.
dim_region.csv,Aargau,5,other,,aargau,normalized_exact,1,CH-ORI-AARGAU,CH,Aargau,Aargau,appellation,"Accent, punctuation, whitespace and legal suffixes normalized."
dim_region.csv,Amador County,5,other,,amador county,unresolved_requires_review,0,,,,,,No unique legally curated target found.
dim_region.csv,Amaranto,5,other,,amaranto,unresolved_requires_review,0,,,,,,No unique legally curated target found.
dim_region.csv,Andalucia,5,other,,andalucia,unresolved_requires_review,0,,,,,,No unique legally curated target found.
dim_region.csv,BOB MADE THIS Cabernet Franc Syrah,5,other,,bob made this cabernet franc syrah,unresolved_requires_review,0,,,,,,No unique legally curated target found.
dim_region.csv,Bad Kreuznach,5,other,,bad kreuznach,unresolved_requires_review,0,,,,,,No unique legally curated target found.
dim_region.csv,Baden-Württemberg,5,other,,baden wurttemberg,ambiguous_requires_context,0,,,,,,Compound auction label contains 2 distinct curated targets.
dim_region.csv,Barossa Valley (DO NOT USE  use code PIRAS),5,other,,barossa valley do not use use code piras,curated_compound_to_specific,0.97,AU-ORI-BAROSSA-VALLEY,AU,South Australia,Barossa Valley,appellation,Compound auction label contains a unique or hierarchically most specific curated target.
dim_region.csv,Bendigo-Central Victoria,5,other,,bendigo central victoria,ambiguous_requires_context,0,,,,,,Compound auction label contains 3 distinct curated targets.
dim_region.csv,Beneventano IGT,5,other,,beneventano igt,unresolved_requires_review,0,,,,,,No unique legally curated target found.
dim_region.csv,Bengaluru,5,other,,bengaluru,unresolved_requires_review,0,,,,,,No unique legally curated target found.
dim_region.csv,Bingen,5,other,,bingen,unresolved_requires_review,0,,,,,,No unique legally curated target found.
dim_region.csv,Bouzy Brut,5,other,,bouzy brut,unresolved_requires_review,0,,,,,,No unique legally curated target found.
dim_region.csv,Brazil,5,other,,brazil,unresolved_requires_review,0,,,,,,No unique legally curated target found.
dim_region.csv,Breganze,5,other,,breganze,unresolved_requires_review,0,,,,,,No unique legally curated target found.
dim_region.csv,Brunello di Montalcino Riserva DOCG,5,other,,brunello di montalcino riserva docg,curated_compound_to_specific,0.97,IT-ORI-BRUNELLO-DI-MONTALCINO,IT,Toscana,Brunello di Montalcino,appellation,Compound auction label contains a unique or hierarchically most specific curated target.
dim_region.csv,Ca D'Morissio Riserva,5,other,,ca d morissio riserva,unresolved_requires_review,0,,,,,,No unique legally curated target found.
dim_region.csv,Cabernet-Merlot,5,other,,cabernet merlot,unresolved_requires_review,0,,,,,,No unique legally curated target found.
dim_region.csv,Cachapoal Valley,5,other,,cachapoal valley,unresolved_requires_review,0,,,,,,No unique legally curated target found.
dim_region.csv,Cafayate Valley,5,other,,cafayate valley,curated_compound_to_specific,0.97,AR-ORI-CAFAYATE,AR,Salta,Cafayate,appellation,Compound auction label contains a unique or hierarchically most specific curated target.
dim_region.csv,California / Sonoma County,5,other,,california sonoma county,curated_compound_to_specific,0.97,US-ORI-SONOMA-COUNTY,US,California,Sonoma County,appellation,Compound auction label contains a unique or hierarchically most specific curated target.
dim_region.csv,"Campania - Cabernet, Merlot, Aglianico",5,other,,campania cabernet merlot aglianico,curated_compound_to_specific,0.97,IT-ORI-CAMPANIA,IT,Campania,Campania,appellation,Compound auction label contains a unique or hierarchically most specific curated target.
dim_region.csv,Carmignano DOCG,5,other,,carmignano docg,unresolved_requires_review,0,,,,,,No unique legally curated target found.
dim_region.csv,Cerasuolo d'Abruzzo,5,other,,cerasuolo d abruzzo,curated_compound_to_specific,0.97,IT-ORI-ABRUZZO,IT,Abruzzo,Abruzzo,appellation,Compound auction label contains a unique or hierarchically most specific curated target.
dim_region.csv,Cerons,5,other,,cerons,unresolved_requires_review,0,,,,,,No unique legally curated target found.
dim_region.csv,Chardonnay Blend,5,other,,chardonnay blend,unresolved_requires_review,0,,,,,,No unique legally curated target found.
dim_region.csv,Chianti Classico Use code CCCDFO,5,other,,chianti classico use code cccdfo,curated_compound_to_specific,0.97,IT-ORI-CHIANTI-CLASSICO,IT,Toscana,Chianti Classico,appellation,Compound auction label contains a unique or hierarchically most specific curated target.
dim_region.csv,Classic Cask and Frogmore,5,other,,classic cask and frogmore,unresolved_requires_review,0,,,,,,No unique legally curated target found.
dim_region.csv,Clevedon,5,other,,clevedon,unresolved_requires_review,0,,,,,,No unique legally curated target found.
dim_region.csv,Cognac - Distillati,5,other,,cognac distillati,excluded_non_wine_origin,1,,,,,,"Blend placeholder, unknown value, or spirits/non-wine geography outside this wine-origin reference."
dim_region.csv,Coldstream Yarra Valley,5,other,,coldstream yarra valley,curated_compound_to_specific,0.97,AU-ORI-YARRA-VALLEY,AU,Victoria,Yarra Valley,appellation,Compound auction label contains a unique or hierarchically most specific curated target.
dim_region.csv,Collio Italy,5,other,,collio italy,curated_compound_to_specific,0.97,IT-ORI-COLLIO,IT,Friuli-Venezia Giulia,Collio,appellation,Compound auction label contains a unique or hierarchically most specific curated target.
dim_region.csv,Conegliano,5,other,,conegliano,unresolved_requires_review,0,,,,,,No unique legally curated target found.
dim_region.csv,Contantia,5,other,,contantia,unresolved_requires_review,0,,,,,,No unique legally curated target found.
dim_region.csv,Costa Toscana I.G.T.,5,other,,costa toscana i g t,curated_compound_to_specific,0.97,IT-ORI-TOSCANA,IT,Toscana,Toscana,appellation,Compound auction label contains a unique or hierarchically most specific curated target.
dim_region.csv,Cote du Brian IGP,5,other,,cote du brian igp,unresolved_requires_review,0,,,,,,No unique legally curated target found.
dim_region.csv,Cotes Catalanes IGT,5,other,,cotes catalanes igt,unresolved_requires_review,0,,,,,,No unique legally curated target found.
dim_region.csv,Cuvee Alabets et Alors,5,other,,cuvee alabets et alors,unresolved_requires_review,0,,,,,,No unique legally curated target found.
dim_region.csv,Dry Riesling,5,other,,dry riesling,unresolved_requires_review,0,,,,,,No unique legally curated target found.
dim_region.csv,El Dorado AVA,5,other,,el dorado ava,unresolved_requires_review,0,,,,,,No unique legally curated target found.
dim_region.csv,Estonia,5,other,,estonia,unresolved_requires_review,0,,,,,,No unique legally curated target found.
dim_region.csv,Galilee,5,other,,galilee,unresolved_requires_review,0,,,,,,No unique legally curated target found.
dim_region.csv,Gamay Fleurie,5,other,,gamay fleurie,curated_compound_to_specific,0.97,FR-ORI-FLEURIE,FR,Beaujolais,Fleurie,appellation,Compound auction label contains a unique or hierarchically most specific curated target.
dim_region.csv,Gavi DOCG,5,other,,gavi docg,normalized_alias,0.99,IT-ORI-GAVI,IT,Piemonte,Gavi,appellation,Curated alias normalized to canonical value.
dim_region.csv,"Giamaica, Caraibi - Rum",5,other,,giamaica caraibi rum,unresolved_requires_review,0,,,,,,No unique legally curated target found.
dim_region.csv,Gioia del Colle,5,other,,gioia del colle,unresolved_requires_review,0,,,,,,No unique legally curated target found.
dim_region.csv,Highland,5,other,,highland,unresolved_requires_review,0,,,,,,No unique legally curated target found.
dim_region.csv,Hospice de Beaune,5,other,,hospice de beaune,curated_compound_to_specific,0.97,FR-ORI-BEAUNE,FR,Bourgogne,Beaune,appellation,Compound auction label contains a unique or hierarchically most specific curated target.
dim_region.csv,Irish Whiskey,5,other,,irish whiskey,excluded_non_wine_origin,1,,,,,,"Blend placeholder, unknown value, or spirits/non-wine geography outside this wine-origin reference."
dim_region.csv,Ischia,5,other,,ischia,unresolved_requires_review,0,,,,,,No unique legally curated target found.
dim_region.csv,Jamieson,5,other,,jamieson,unresolved_requires_review,0,,,,,,No unique legally curated target found.
dim_region.csv,Kientzheim Alsace,5,other,,kientzheim alsace,curated_compound_to_specific,0.97,FR-ORI-ALSACE,FR,Alsace,Alsace,appellation,Compound auction label contains a unique or hierarchically most specific curated target.
dim_region.csv,Kremstal Austria,5,other,,kremstal austria,curated_compound_to_specific,0.97,AT-ORI-KREMSTAL,AT,Niederösterreich,Kremstal,appellation,Compound auction label contains a unique or hierarchically most specific curated target.
dim_region.csv,La Court Riserva,5,other,,la court riserva,unresolved_requires_review,0,,,,,,No unique legally curated target found.
dim_region.csv,Languedoc-Roussillon / Coteaux du Languedoc,5,other,,languedoc roussillon coteaux du languedoc,curated_compound_to_specific,0.97,FR-ORI-LANGUEDOC,FR,Languedoc-Roussillon,Languedoc,appellation,Compound auction label contains a unique or hierarchically most specific curated target.
dim_region.csv,Languedoc-Roussillon / Minervois,5,other,,languedoc roussillon minervois,ambiguous_requires_context,0,,,,,,Compound auction label contains 4 distinct curated targets.
dim_region.csv,Leitrim,5,other,,leitrim,unresolved_requires_review,0,,,,,,No unique legally curated target found.
dim_region.csv,Liqueur,5,other,,liqueur,unresolved_requires_review,0,,,,,,No unique legally curated target found.
dim_region.csv,Livermore Valley,5,other,,livermore valley,unresolved_requires_review,0,,,,,,No unique legally curated target found.
dim_region.csv,Lombardia / Valtellina Superiore,5,other,,lombardia valtellina superiore,curated_compound_to_specific,0.97,IT-ORI-VALTELLINA-SUPERIORE,IT,Lombardia,Valtellina Superiore,appellation,Compound auction label contains a unique or hierarchically most specific curated target.
dim_region.csv,Macon Villages,5,other,,macon villages,normalized_exact,1,FR-ORI-MACON-VILLAGES,FR,Bourgogne,Mâcon-Villages,appellation,"Accent, punctuation, whitespace and legal suffixes normalized."
dim_region.csv,Macon-Cruzille,5,other,,macon cruzille,unresolved_requires_review,0,,,,,,No unique legally curated target found.
dim_region.csv,Macon-Vinzelles,5,other,,macon vinzelles,unresolved_requires_review,0,,,,,,No unique legally curated target found.
dim_region.csv,Magill (use PSH),5,other,,magill use psh,unresolved_requires_review,0,,,,,,No unique legally curated target found.
dim_region.csv,Maury,5,other,,maury,normalized_exact,1,FR-ORI-MAURY,FR,Languedoc-Roussillon,Maury,appellation,"Accent, punctuation, whitespace and legal suffixes normalized."
dim_region.csv,Menetou-Salon,5,other,,menetou salon,unresolved_requires_review,0,,,,,,No unique legally curated target found.
dim_region.csv,Merbein,5,other,,merbein,unresolved_requires_review,0,,,,,,No unique legally curated target found.
dim_region.csv,Meursault En La Barre,5,other,,meursault en la barre,curated_compound_to_specific,0.97,FR-ORI-MEURSAULT,FR,Bourgogne,Meursault,appellation,Compound auction label contains a unique or hierarchically most specific curated target.
dim_region.csv,Minervois-La Liviniere,5,other,,minervois la liviniere,normalized_exact,1,FR-ORI-MINERVOIS-LA-LIVINIERE,FR,Languedoc-Roussillon,Minervois-La Livinière,appellation,"Accent, punctuation, whitespace and legal suffixes normalized."
dim_region.csv,Montescudaio Rosso,5,other,,montescudaio rosso,unresolved_requires_review,0,,,,,,No unique legally curated target found.
dim_region.csv,Negroamora & Malvasia,5,other,,negroamora and malvasia,unresolved_requires_review,0,,,,,,No unique legally curated target found.
dim_region.csv,Neiderhausen,5,other,,neiderhausen,unresolved_requires_review,0,,,,,,No unique legally curated target found.
dim_region.csv,Nero d'Avola Sicily,5,other,,nero d avola sicily,curated_compound_to_specific,0.97,IT-ORI-SICILIA,IT,Sicilia,Sicilia,appellation,Compound auction label contains a unique or hierarchically most specific curated target.
dim_region.csv,New England-Coonawarra-Central Ranges,5,other,,new england coonawarra central ranges,ambiguous_requires_context,0,,,,,,Compound auction label contains 3 distinct curated targets.
dim_region.csv,New York,5,other,,new york,unresolved_requires_review,0,,,,,,No unique legally curated target found.
dim_region.csv,Ontario,5,other,,ontario,unresolved_requires_review,0,,,,,,No unique legally curated target found.
dim_region.csv,Orange-McLaren Vale,5,other,,orange mclaren vale,ambiguous_requires_context,0,,,,,,Compound auction label contains 2 distinct curated targets.
dim_region.csv,Pacherenc du Vic Bilh,5,other,,pacherenc du vic bilh,unresolved_requires_review,0,,,,,,No unique legally curated target found.
dim_region.csv,Paestum IGT,5,other,,paestum igt,unresolved_requires_review,0,,,,,,No unique legally curated target found.
dim_region.csv,Palette AOC,5,other,,palette aoc,normalized_alias,0.99,FR-ORI-PALETTE,FR,Provence,Palette,appellation,Curated alias normalized to canonical value.
dim_region.csv,Paraguay,5,other,,paraguay,unresolved_requires_review,0,,,,,,No unique legally curated target found.
dim_region.csv,Peralillo,5,other,,peralillo,unresolved_requires_review,0,,,,,,No unique legally curated target found.
dim_region.csv,Peru,5,other,,peru,unresolved_requires_review,0,,,,,,No unique legally curated target found.
dim_region.csv,Philippines,5,other,,philippines,unresolved_requires_review,0,,,,,,No unique legally curated target found.
dim_region.csv,Piemonte - Denominazioni varie,5,other,,piemonte denominazioni varie,curated_compound_to_specific,0.97,IT-ORI-PIEMONTE,IT,Piemonte,Piemonte,appellation,Compound auction label contains a unique or hierarchically most specific curated target.
dim_region.csv,Piemonte - Grappa,5,other,,piemonte grappa,curated_compound_to_specific,0.97,IT-ORI-PIEMONTE,IT,Piemonte,Piemonte,appellation,Compound auction label contains a unique or hierarchically most specific curated target.
dim_region.csv,Pouilly-Loche,5,other,,pouilly loche,unresolved_requires_review,0,,,,,,No unique legally curated target found.
dim_region.csv,Premières Côtes de Blaye,5,other,,premieres cotes de blaye,unresolved_requires_review,0,,,,,,No unique legally curated target found.
dim_region.csv,Riesling Trocken Vom Grauen Schiefer,5,other,,riesling trocken vom grauen schiefer,unresolved_requires_review,0,,,,,,No unique legally curated target found.
dim_region.csv,Robertson,5,other,,robertson,normalized_exact,1,ZA-ORI-ROBERTSON,ZA,Breede River Valley,Robertson,appellation,"Accent, punctuation, whitespace and legal suffixes normalized."
dim_region.csv,Rosso,5,other,,rosso,unresolved_requires_review,0,,,,,,No unique legally curated target found.
dim_region.csv,Rosso di Montalcino D.O.C.,5,other,,rosso di montalcino d o c,curated_compound_to_specific,0.97,IT-ORI-ROSSO-DI-MONTALCINO,IT,Toscana,Rosso di Montalcino,appellation,Compound auction label contains a unique or hierarchically most specific curated target.
dim_region.csv,Rouge,5,other,,rouge,unresolved_requires_review,0,,,,,,No unique legally curated target found.
dim_region.csv,Russian River,5,other,,russian river,unresolved_requires_review,0,,,,,,No unique legally curated target found.
dim_region.csv,Saint Bris le Vineux,5,other,,saint bris le vineux,unresolved_requires_review,0,,,,,,No unique legally curated target found.
dim_region.csv,Salento - Puglia,5,other,,salento puglia,curated_compound_to_specific,0.97,IT-ORI-SALENTO,IT,Puglia,Salento,appellation,Compound auction label contains a unique or hierarchically most specific curated target.
dim_region.csv,San Antonio Valley,5,other,,san antonio valley,unresolved_requires_review,0,,,,,,No unique legally curated target found.
dim_region.csv,Sant Sadurni D'Anoia,5,other,,sant sadurni d anoia,unresolved_requires_review,0,,,,,,No unique legally curated target found.
dim_region.csv,Santa Cruz,5,other,,santa cruz,unresolved_requires_review,0,,,,,,No unique legally curated target found.
dim_region.csv,"Single Vineyard ""Swallowfield"" Chardonnay",5,other,,single vineyard swallowfield chardonnay,unresolved_requires_review,0,,,,,,No unique legally curated target found.
dim_region.csv,Single Vineyard Shiraz,5,other,,single vineyard shiraz,unresolved_requires_review,0,,,,,,No unique legally curated target found.
dim_region.csv,Southern Tablelands,5,other,,southern tablelands,unresolved_requires_review,0,,,,,,No unique legally curated target found.
dim_region.csv,Spagna,5,other,,spagna,unresolved_requires_review,0,,,,,,No unique legally curated target found.
dim_region.csv,St-Foy-Bordeaux,5,other,,saint foy bordeaux,curated_compound_to_specific,0.97,FR-ORI-BORDEAUX,FR,Bordeaux,Bordeaux,appellation,Compound auction label contains a unique or hierarchically most specific curated target.
dim_region.csv,Sussex,5,other,,sussex,normalized_exact,1,GB-ORI-SUSSEX,GB,Sussex,Sussex,appellation,"Accent, punctuation, whitespace and legal suffixes normalized."
dim_region.csv,Südsteiermark,5,other,,sudsteiermark,normalized_exact,1,AT-ORI-SUDSTEIERMARK,AT,Steiermark,Südsteiermark,appellation,"Accent, punctuation, whitespace and legal suffixes normalized."
dim_region.csv,Toscana  - Denominazioni varie,5,other,,toscana denominazioni varie,curated_compound_to_specific,0.97,IT-ORI-TOSCANA,IT,Toscana,Toscana,appellation,Compound auction label contains a unique or hierarchically most specific curated target.
dim_region.csv,Toscana  - Morellino di Scansano,5,other,,toscana morellino di scansano,curated_compound_to_specific,0.97,IT-ORI-MORELLINO-DI-SCANSANO,IT,Toscana,Morellino di Scansano,appellation,Compound auction label contains a unique or hierarchically most specific curated target.
dim_region.csv,Toscana Bianco IGT,5,other,,toscana bianco igt,curated_compound_to_specific,0.97,IT-ORI-TOSCANA,IT,Toscana,Toscana,appellation,Compound auction label contains a unique or hierarchically most specific curated target.
dim_region.csv,Treppchen,5,other,,treppchen,unresolved_requires_review,0,,,,,,No unique legally curated target found.
dim_region.csv,Trevenezie IGT,5,other,,trevenezie igt,unresolved_requires_review,0,,,,,,No unique legally curated target found.
dim_region.csv,Ungheria - Tokaji,5,other,,ungheria tokaji,unresolved_requires_review,0,,,,,,No unique legally curated target found.
dim_region.csv,Valdobbiadene DOCG,5,other,,valdobbiadene docg,unresolved_requires_review,0,,,,,,No unique legally curated target found.
dim_region.csv,Vendange Tardive Tokay Pinot Gris,5,other,,vendange tardive tokay pinot gris,unresolved_requires_review,0,,,,,,No unique legally curated target found.
dim_region.csv,Veneto - Denominazioni varie,5,other,,veneto denominazioni varie,curated_compound_to_specific,0.97,IT-ORI-VENETO,IT,Veneto,Veneto,appellation,Compound auction label contains a unique or hierarchically most specific curated target.
dim_region.csv,Verdicchio,5,other,,verdicchio,unresolved_requires_review,0,,,,,,No unique legally curated target found.
dim_region.csv,Verdicchio Classico Superiore,5,other,,verdicchio classico superiore,unresolved_requires_review,0,,,,,,No unique legally curated target found.
dim_region.csv,Victoria / Pyrenees,5,other,,victoria pyrenees,curated_compound_to_specific,0.97,AU-ORI-PYRENEES,AU,Victoria,Pyrenees,appellation,Compound auction label contains a unique or hierarchically most specific curated target.
dim_region.csv,Victoria-Adelaide Hills,5,other,,victoria adelaide hills,ambiguous_requires_context,0,,,,,,Compound auction label contains 3 distinct curated targets.
dim_region.csv,Vin de France (Vouvray),5,other,,vin de france vouvray,ambiguous_requires_context,0,,,,,,Compound auction label contains 2 distinct curated targets.
dim_region.csv,Vin de Pays Syrah,5,other,,vin de pays syrah,unresolved_requires_review,0,,,,,,No unique legally curated target found.
dim_region.csv,Vin de table de France,5,other,,vin de table de france,curated_compound_to_specific,0.97,FR-COUNTRY,FR,,,country,Compound auction label contains a unique or hierarchically most specific curated target.
dim_region.csv,Vino de La Tierra de Castilla Leon,5,other,,vino de la tierra de castilla leon,curated_compound_to_specific,0.97,ES-ORI-CASTILLA,ES,Castilla-La Mancha,Castilla,appellation,Compound auction label contains a unique or hierarchically most specific curated target.
dim_region.csv,Vorbourg,5,other,,vorbourg,unresolved_requires_review,0,,,,,,No unique legally curated target found.
dim_region.csv,Walker Bay,5,other,,walker bay,normalized_exact,1,ZA-ORI-WALKER-BAY,ZA,Cape South Coast,Walker Bay,appellation,"Accent, punctuation, whitespace and legal suffixes normalized."
dim_region.csv,Xinomavro Nature,5,other,,xinomavro nature,unresolved_requires_review,0,,,,,,No unique legally curated target found.
dim_region.csv,a tasting journey,5,other,,a tasting journey,unresolved_requires_review,0,,,,,,No unique legally curated target found.
dim_region.csv, Italia - Bolgheri,4,other,,italia bolgheri,curated_compound_to_specific,0.97,IT-ORI-BOLGHERI,IT,Toscana,Bolgheri,appellation,Compound auction label contains a unique or hierarchically most specific curated target.
dim_region.csv, Italia - Marche,4,other,,italia marche,curated_compound_to_specific,0.97,IT-ORI-MARCHE,IT,Marche,Marche,appellation,Compound auction label contains a unique or hierarchically most specific curated target.
dim_region.csv, Italia - Spirit,4,other,,italia spirit,curated_compound_to_specific,0.97,IT-COUNTRY,IT,,,country,Compound auction label contains a unique or hierarchically most specific curated target.
dim_region.csv,2002,4,other,,2002,unresolved_requires_review,0,,,,,,No unique legally curated target found.
dim_region.csv,2012,4,other,,2012,unresolved_requires_review,0,,,,,,No unique legally curated target found.
dim_region.csv,2015,4,other,,2015,unresolved_requires_review,0,,,,,,No unique legally curated target found.
dim_region.csv,2xRose,4,other,,2xrose,unresolved_requires_review,0,,,,,,No unique legally curated target found.
dim_region.csv,Abruzzo - Trebbiano,4,other,,abruzzo trebbiano,curated_compound_to_specific,0.97,IT-ORI-ABRUZZO,IT,Abruzzo,Abruzzo,appellation,Compound auction label contains a unique or hierarchically most specific curated target.
dim_region.csv,Adelaide Plains - Hunter Valley,4,other,,adelaide plains hunter valley,ambiguous_requires_context,0,,,,,,Compound auction label contains 3 distinct curated targets.
dim_region.csv,Ajaccio,4,other,,ajaccio,unresolved_requires_review,0,,,,,,No unique legally curated target found.
dim_region.csv,Alba,4,other,,alba,unresolved_requires_review,0,,,,,,No unique legally curated target found.
dim_region.csv,All Malt,4,other,,all malt,unresolved_requires_review,0,,,,,,No unique legally curated target found.
dim_region.csv,Almansa,4,other,,almansa,unresolved_requires_review,0,,,,,,No unique legally curated target found.
dim_region.csv,Amarone della Valpolicella - Veneto,4,other,,amarone della valpolicella veneto,curated_compound_to_specific,0.97,IT-ORI-AMARONE-DELLA-VALPOLICELLA,IT,Veneto,Amarone della Valpolicella,appellation,Compound auction label contains a unique or hierarchically most specific curated target.
dim_region.csv,Amarone della Valpolicella Classico DOCG,4,other,,amarone della valpolicella classico docg,curated_compound_to_specific,0.97,IT-ORI-AMARONE-DELLA-VALPOLICELLA,IT,Veneto,Amarone della Valpolicella,appellation,Compound auction label contains a unique or hierarchically most specific curated target.
dim_region.csv,American Whiskey,4,other,,american whiskey,excluded_non_wine_origin,1,,,,,,"Blend placeholder, unknown value, or spirits/non-wine geography outside this wine-origin reference."
dim_region.csv,Anjou Blanc,4,other,,anjou blanc,curated_compound_to_specific,0.97,FR-ORI-ANJOU,FR,Loire Valley,Anjou,appellation,Compound auction label contains a unique or hierarchically most specific curated target.
dim_region.csv,Apsley,4,other,,apsley,unresolved_requires_review,0,,,,,,No unique legally curated target found.
dim_region.csv,Ay-Champagne,4,other,,ay champagne,curated_compound_to_specific,0.97,FR-ORI-CHAMPAGNE,FR,Champagne,Champagne,appellation,Compound auction label contains a unique or hierarchically most specific curated target.
dim_region.csv,Barbera d' Alba,4,other,,barbera d alba,normalized_exact,1,IT-ORI-BARBERA-D-ALBA,IT,Piemonte,Barbera d'Alba,appellation,"Accent, punctuation, whitespace and legal suffixes normalized."
dim_region.csv,Bardolino,4,other,,bardolino,unresolved_requires_review,0,,,,,,No unique legally curated target found.
dim_region.csv,Basket Range,4,other,,basket range,unresolved_requires_review,0,,,,,,No unique legally curated target found.
dim_region.csv,Belgium,4,other,,belgium,unresolved_requires_review,0,,,,,,No unique legally curated target found.
dim_region.csv,Bielersee,4,other,,bielersee,normalized_exact,1,CH-ORI-BIELERSEE,CH,Bielersee,Bielersee,appellation,"Accent, punctuation, whitespace and legal suffixes normalized."
dim_region.csv,Blanc de blancs,4,other,,blanc de blancs,excluded_non_origin,1,,,,,,"Classification, grape/style, product, charity or other non-origin descriptor."
dim_region.csv,Boca,4,other,,boca,unresolved_requires_review,0,,,,,,No unique legally curated target found.
dim_region.csv,Caldaro/Lago di Caldaro,4,other,,caldaro lago di caldaro,unresolved_requires_review,0,,,,,,No unique legally curated target found.
dim_region.csv,California / Alexander Valley,4,other,,california alexander valley,ambiguous_requires_context,0,,,,,,Compound auction label contains 2 distinct curated targets.
dim_region.csv,California / Santa Cruz Mountains,4,other,,california santa cruz mountains,ambiguous_requires_context,0,,,,,,Compound auction label contains 2 distinct curated targets.
dim_region.csv,Calvados - Distillati,4,other,,calvados distillati,unresolved_requires_review,0,,,,,,No unique legally curated target found.
dim_region.csv,Canelones,4,other,,canelones,normalized_exact,1,UY-REG-CANELONES,UY,Canelones,,region,"Accent, punctuation, whitespace and legal suffixes normalized."
dim_region.csv,Chianti Rufina Riserva,4,other,,chianti rufina riserva,curated_compound_to_specific,0.97,IT-ORI-CHIANTI,IT,Toscana,Chianti,appellation,Compound auction label contains a unique or hierarchically most specific curated target.
dim_region.csv,Chianti Superiore,4,other,,chianti superiore,curated_compound_to_specific,0.97,IT-ORI-CHIANTI,IT,Toscana,Chianti,appellation,Compound auction label contains a unique or hierarchically most specific curated target.
dim_region.csv,Cigales,4,other,,cigales,unresolved_requires_review,0,,,,,,No unique legally curated target found.
dim_region.csv,Clos de la Roche GC,4,other,,clos de la roche gc,curated_compound_to_specific,0.97,FR-ORI-CLOS-DE-LA-ROCHE,FR,Bourgogne,Clos de la Roche,appellation,Compound auction label contains a unique or hierarchically most specific curated target.
dim_region.csv,Coastal Region / Paarl,4,other,,coastal region paarl,curated_compound_to_specific,0.97,ZA-ORI-PAARL,ZA,Coastal Region,Paarl,appellation,Compound auction label contains a unique or hierarchically most specific curated target.
dim_region.csv,Coastal Region / Swartland,4,other,,coastal region swartland,curated_compound_to_specific,0.97,ZA-ORI-SWARTLAND,ZA,Coastal Region,Swartland,appellation,Compound auction label contains a unique or hierarchically most specific curated target.
dim_region.csv,Colli Berici,4,other,,colli berici,unresolved_requires_review,0,,,,,,No unique legally curated target found.
dim_region.csv,Colli Della Toscana Centrale,4,other,,colli della toscana centrale,normalized_exact,1,IT-ORI-COLLI-DELLA-TOSCANA-CENTRALE,IT,Toscana,Colli della Toscana Centrale,appellation,"Accent, punctuation, whitespace and legal suffixes normalized."
dim_region.csv,Collio,4,other,,collio,normalized_exact,1,IT-ORI-COLLIO,IT,Friuli-Venezia Giulia,Collio,appellation,"Accent, punctuation, whitespace and legal suffixes normalized."
dim_region.csv,Columbia Valley Washington,4,other,,columbia valley washington,ambiguous_requires_context,0,,,,,,Compound auction label contains 2 distinct curated targets.
dim_region.csv,Contra Costa County,4,other,,contra costa county,unresolved_requires_review,0,,,,,,No unique legally curated target found.
dim_region.csv,Coteaux du Giennois,4,other,,coteaux du giennois,unresolved_requires_review,0,,,,,,No unique legally curated target found.
dim_region.csv,Cremant de Loire AC,4,other,,cremant de loire ac,curated_compound_to_specific,0.97,FR-REG-LOIRE-VALLEY,FR,Loire Valley,,region,Compound auction label contains a unique or hierarchically most specific curated target.
dim_region.csv,Cuvee Unique Reserve Vieilles Vignes,4,other,,cuvee unique reserve vieilles vignes,unresolved_requires_review,0,,,,,,No unique legally curated target found.
dim_region.csv,Czech Republic,4,other,,czech republic,unresolved_requires_review,0,,,,,,No unique legally curated target found.
dim_region.csv,Dalwood Estate/Wybong Park/Hunter Valley,4,other,,dalwood estate wybong park hunter valley,curated_compound_to_specific,0.97,AU-ORI-HUNTER-VALLEY,AU,New South Wales,Hunter Valley,appellation,Compound auction label contains a unique or hierarchically most specific curated target.
dim_region.csv,Douro Doc,4,other,,douro doc,normalized_alias,0.99,PT-ORI-DOURO,PT,Douro,Douro,appellation,Curated alias normalized to canonical value.
dim_region.csv,East Coast NZ,4,other,,east coast nz,unresolved_requires_review,0,,,,,,No unique legally curated target found.
dim_region.csv,Elgin,4,other,,elgin,normalized_exact,1,ZA-ORI-ELGIN,ZA,Cape South Coast,Elgin,appellation,"Accent, punctuation, whitespace and legal suffixes normalized."
dim_region.csv,Ermitage - Rodano,4,other,,ermitage rodano,curated_compound_to_specific,0.97,FR-ORI-HERMITAGE,FR,Vallée du Rhône,Hermitage,appellation,Compound auction label contains a unique or hierarchically most specific curated target.
dim_region.csv,Extra-Brut Vintage,4,other,,extra brut vintage,unresolved_requires_review,0,,,,,,No unique legally curated target found.
dim_region.csv,Faro Sicily DOC,4,other,,faro sicily doc,curated_compound_to_specific,0.97,IT-ORI-SICILIA,IT,Sicilia,Sicilia,appellation,Compound auction label contains a unique or hierarchically most specific curated target.
dim_region.csv,Finland,4,other,,finland,unresolved_requires_review,0,,,,,,No unique legally curated target found.
dim_region.csv,Francia - Grappa,4,other,,francia grappa,curated_compound_to_specific,0.97,FR-COUNTRY,FR,,,country,Compound auction label contains a unique or hierarchically most specific curated target.
dim_region.csv,Francia - Madiran,4,other,,francia madiran,curated_compound_to_specific,0.97,FR-ORI-MADIRAN,FR,Sud-Ouest,Madiran,appellation,Compound auction label contains a unique or hierarchically most specific curated target.
dim_region.csv,Friuli-Venezia Giulia - Chardonnay,4,other,,friuli venezia giulia chardonnay,curated_compound_to_specific,0.97,IT-ORI-VENEZIA-GIULIA,IT,Friuli-Venezia Giulia,Venezia Giulia,appellation,Compound auction label contains a unique or hierarchically most specific curated target.
dim_region.csv,Girvan,4,other,,girvan,unresolved_requires_review,0,,,,,,No unique legally curated target found.
dim_region.csv,Grand Vin de Bordeaux,4,other,,grand vin de bordeaux,curated_compound_to_specific,0.97,FR-ORI-BORDEAUX,FR,Bordeaux,Bordeaux,appellation,Compound auction label contains a unique or hierarchically most specific curated target.
dim_region.csv,Greenock,4,other,,greenock,unresolved_requires_review,0,,,,,,No unique legally curated target found.
dim_region.csv,Hakataramea Valley,4,other,,hakataramea valley,unresolved_requires_review,0,,,,,,No unique legally curated target found.
dim_region.csv,Hospice des Beaune cuvee Fouquerand,4,other,,hospice des beaune cuvee fouquerand,curated_compound_to_specific,0.97,FR-ORI-BEAUNE,FR,Bourgogne,Beaune,appellation,Compound auction label contains a unique or hierarchically most specific curated target.
dim_region.csv,India,4,other,,india,unresolved_requires_review,0,,,,,,No unique legally curated target found.
dim_region.csv,Jerez de la Frontera,4,other,,jerez de la frontera,unresolved_requires_review,0,,,,,,No unique legally curated target found.
dim_region.csv,King vally,4,other,,king vally,unresolved_requires_review,0,,,,,,No unique legally curated target found.
dim_region.csv,Kotayk,4,other,,kotayk,unresolved_requires_review,0,,,,,,No unique legally curated target found.
dim_region.csv,Languedoc-Roussillon / Corbières,4,other,,languedoc roussillon corbieres,ambiguous_requires_context,0,,,,,,Compound auction label contains 4 distinct curated targets.
dim_region.csv,Latvia,4,other,,latvia,unresolved_requires_review,0,,,,,,No unique legally curated target found.
dim_region.csv,Liqueur Cognac,4,other,,liqueur cognac,excluded_non_wine_origin,1,,,,,,"Blend placeholder, unknown value, or spirits/non-wine geography outside this wine-origin reference."
dim_region.csv,Loire / Anjou-Saumur,4,other,,loire anjou saumur,ambiguous_requires_context,0,,,,,,Compound auction label contains 3 distinct curated targets.
dim_region.csv,Lombardia - Denominazioni varie,4,other,,lombardia denominazioni varie,curated_compound_to_specific,0.97,IT-ORI-LOMBARDIA,IT,Lombardia,Lombardia,appellation,Compound auction label contains a unique or hierarchically most specific curated target.
dim_region.csv,Lombardia - Sforzato di Valtellina,4,other,,lombardia sforzato di valtellina,curated_compound_to_specific,0.97,IT-ORI-VALTELLINA,IT,Lombardia,Valtellina,appellation,Compound auction label contains a unique or hierarchically most specific curated target.
dim_region.csv,Low sulphur,4,other,,low sulphur,unresolved_requires_review,0,,,,,,No unique legally curated target found.
dim_region.csv,Macon-Ligny,4,other,,macon ligny,unresolved_requires_review,0,,,,,,No unique legally curated target found.
dim_region.csv,Madiera,4,other,,madiera,unresolved_requires_review,0,,,,,,No unique legally curated target found.
dim_region.csv,Maldonado,4,other,,maldonado,normalized_exact,1,UY-REG-MALDONADO,UY,Maldonado,,region,"Accent, punctuation, whitespace and legal suffixes normalized."
dim_region.csv,Marsala Sicily,4,other,,marsala sicily,curated_compound_to_specific,0.97,IT-ORI-MARSALA,IT,Sicilia,Marsala,appellation,Compound auction label contains a unique or hierarchically most specific curated target.
dim_region.csv,Mercurey Blanc,4,other,,mercurey blanc,curated_compound_to_specific,0.97,FR-ORI-MERCUREY,FR,Bourgogne,Mercurey,appellation,Compound auction label contains a unique or hierarchically most specific curated target.
dim_region.csv,Messico - Distillati,4,other,,messico distillati,unresolved_requires_review,0,,,,,,No unique legally curated target found.
dim_region.csv,Meursault Les Tillets,4,other,,meursault les tillets,curated_compound_to_specific,0.97,FR-ORI-MEURSAULT,FR,Bourgogne,Meursault,appellation,Compound auction label contains a unique or hierarchically most specific curated target.
dim_region.csv,Millesime,4,other,,millesime,unresolved_requires_review,0,,,,,,No unique legally curated target found.
dim_region.csv,Moonambel,4,other,,moonambel,unresolved_requires_review,0,,,,,,No unique legally curated target found.
dim_region.csv,Mosel Saar Ruwer,4,other,,mosel saar ruwer,normalized_alias,0.99,DE-ORI-MOSEL,DE,Mosel,Mosel,appellation,Curated alias normalized to canonical value.
dim_region.csv,Mt Richmond,4,other,,mt richmond,unresolved_requires_review,0,,,,,,No unique legally curated target found.
dim_region.csv,Murcia,4,other,,murcia,unresolved_requires_review,0,,,,,,No unique legally curated target found.
dim_region.csv,Napa Valley - Rutherford,4,other,,napa valley rutherford,ambiguous_requires_context,0,,,,,,Compound auction label contains 2 distinct curated targets.
dim_region.csv,New Mexico,4,other,,new mexico,unresolved_requires_review,0,,,,,,No unique legally curated target found.
dim_region.csv,Normandie,4,other,,normandie,unresolved_requires_review,0,,,,,,No unique legally curated target found.
dim_region.csv,North Coast,4,other,,north coast,unresolved_requires_review,0,,,,,,No unique legally curated target found.
dim_region.csv,Noto Rosso DOC,4,other,,noto rosso doc,unresolved_requires_review,0,,,,,,No unique legally curated target found.
dim_region.csv,Oregon / Columbia Valley,4,other,,oregon columbia valley,ambiguous_requires_context,0,,,,,,Compound auction label contains 2 distinct curated targets.
dim_region.csv,PGI Cyclades,4,other,,pgi cyclades,unresolved_requires_review,0,,,,,,No unique legally curated target found.
dim_region.csv,Picpoul de Pinet,4,other,,picpoul de pinet,unresolved_requires_review,0,,,,,,No unique legally curated target found.
dim_region.csv,Piedmont DOC,4,other,,piedmont doc,normalized_alias,0.99,IT-ORI-PIEMONTE,IT,Piemonte,Piemonte,appellation,Curated alias normalized to canonical value.
dim_region.csv,Piedmont Spumante,4,other,,piedmont spumante,curated_compound_to_specific,0.97,IT-ORI-PIEMONTE,IT,Piemonte,Piemonte,appellation,Compound auction label contains a unique or hierarchically most specific curated target.
dim_region.csv,Pinot Noir Northern Tasmania,4,other,,pinot noir northern tasmania,curated_compound_to_specific,0.97,AU-REG-NORTHERN-TASMANIA,AU,Northern Tasmania,,region,Compound auction label contains a unique or hierarchically most specific curated target.
dim_region.csv,Portogallo - Madeira,4,other,,portogallo madeira,curated_compound_to_specific,0.97,PT-ORI-MADEIRA,PT,Madeira,Madeira,appellation,Compound auction label contains a unique or hierarchically most specific curated target.
dim_region.csv,Qualco,4,other,,qualco,unresolved_requires_review,0,,,,,,No unique legally curated target found.
dim_region.csv,Rapture Grenache Blend,4,other,,rapture grenache blend,unresolved_requires_review,0,,,,,,No unique legally curated target found.
dim_region.csv,Rare Muscat,4,other,,rare muscat,unresolved_requires_review,0,,,,,,No unique legally curated target found.
dim_region.csv,Regnie,4,other,,regnie,unresolved_requires_review,0,,,,,,No unique legally curated target found.
dim_region.csv,Rheinland-Pfalz,4,other,,rheinland pfalz,curated_compound_to_specific,0.97,DE-ORI-PFALZ,DE,Pfalz,Pfalz,appellation,Compound auction label contains a unique or hierarchically most specific curated target.
dim_region.csv,Rhine Riesling,4,other,,rhine riesling,unresolved_requires_review,0,,,,,,No unique legally curated target found.
dim_region.csv,Rhône / Côtes du Luberon,4,other,,rhone cotes du luberon,ambiguous_requires_context,0,,,,,,Compound auction label contains 2 distinct curated targets.
dim_region.csv,Rose,4,other,,rose,unresolved_requires_review,0,,,,,,No unique legally curated target found.
dim_region.csv,Rose de Loire,4,other,,rose de loire,curated_compound_to_specific,0.97,FR-REG-LOIRE-VALLEY,FR,Loire Valley,,region,Compound auction label contains a unique or hierarchically most specific curated target.
dim_region.csv,Rosso Di Torino,4,other,,rosso di torino,unresolved_requires_review,0,,,,,,No unique legally curated target found.
dim_region.csv,Rosso Veronese IGT,4,other,,rosso veronese igt,unresolved_requires_review,0,,,,,,No unique legally curated target found.
dim_region.csv,Roussette de Savoie,4,other,,roussette de savoie,curated_compound_to_specific,0.97,FR-ORI-SAVOIE,FR,Savoie,Savoie,appellation,Compound auction label contains a unique or hierarchically most specific curated target.
dim_region.csv,South Australia / Langhorne Creek,4,other,,south australia langhorne creek,curated_compound_to_specific,0.97,AU-ORI-LANGHORNE-CREEK,AU,South Australia,Langhorne Creek,appellation,Compound auction label contains a unique or hierarchically most specific curated target.
dim_region.csv,Sparkling Wine,4,other,,sparkling wine,unresolved_requires_review,0,,,,,,No unique legally curated target found.
dim_region.csv,Sud-Ouest,4,other,,sud ouest,normalized_exact,1,FR-REG-SUD-OUEST,FR,Sud-Ouest,,region,"Accent, punctuation, whitespace and legal suffixes normalized."
dim_region.csv,Svizzera - Distillati,4,other,,svizzera distillati,unresolved_requires_review,0,,,,,,No unique legally curated target found.
dim_region.csv,Südburgenland,4,other,,sudburgenland,unresolved_requires_review,0,,,,,,No unique legally curated target found.
dim_region.csv,Terre di Franciacorta,4,other,,terre di franciacorta,curated_compound_to_specific,0.97,IT-ORI-FRANCIACORTA,IT,Lombardia,Franciacorta,appellation,Compound auction label contains a unique or hierarchically most specific curated target.
dim_region.csv,Thurgau,4,other,,thurgau,normalized_exact,1,CH-ORI-THURGAU,CH,Thurgau,Thurgau,appellation,"Accent, punctuation, whitespace and legal suffixes normalized."
dim_region.csv,Tinta Molle,4,other,,tinta molle,unresolved_requires_review,0,,,,,,No unique legally curated target found.
dim_region.csv,Torino,4,other,,torino,unresolved_requires_review,0,,,,,,No unique legally curated target found.
dim_region.csv,Toscana-Poggio Alla,4,other,,toscana poggio alla,curated_compound_to_specific,0.97,IT-ORI-TOSCANA,IT,Toscana,Toscana,appellation,Compound auction label contains a unique or hierarchically most specific curated target.
dim_region.csv,Treviso DOC,4,other,,treviso doc,unresolved_requires_review,0,,,,,,No unique legally curated target found.
dim_region.csv,Tuscany DO NOT USE - USE CODE: GRBDM,4,other,,tuscany do not use use code grbdm,curated_compound_to_specific,0.97,IT-ORI-TOSCANA,IT,Toscana,Toscana,appellation,Compound auction label contains a unique or hierarchically most specific curated target.
dim_region.csv,Valdobbiadene Prosecco Superiore,4,other,,valdobbiadene prosecco superiore,curated_compound_to_specific,0.97,IT-ORI-PROSECCO,IT,Veneto,Prosecco,appellation,Compound auction label contains a unique or hierarchically most specific curated target.
dim_region.csv,Valle De Curico,4,other,,valle de curico,unresolved_requires_review,0,,,,,,No unique legally curated target found.
dim_region.csv,Valpolicella Valpantena,4,other,,valpolicella valpantena,curated_compound_to_specific,0.97,IT-ORI-VALPOLICELLA,IT,Veneto,Valpolicella,appellation,Compound auction label contains a unique or hierarchically most specific curated target.
dim_region.csv,Var IGP,4,other,,var igp,unresolved_requires_review,0,,,,,,No unique legally curated target found.
dim_region.csv,Veneto - Grappa,4,other,,veneto grappa,curated_compound_to_specific,0.97,IT-ORI-VENETO,IT,Veneto,Veneto,appellation,Compound auction label contains a unique or hierarchically most specific curated target.
dim_region.csv,Verzy,4,other,,verzy,unresolved_requires_review,0,,,,,,No unique legally curated target found.
dim_region.csv,Vin Santo,4,other,,vin santo,unresolved_requires_review,0,,,,,,No unique legally curated target found.
dim_region.csv,Vin de Pays des Bouches Du Rhone,4,other,,vin de pays des bouches du rhone,curated_compound_to_specific,0.97,FR-REG-RHONE-VALLEY,FR,Rhône Valley,,region,Compound auction label contains a unique or hierarchically most specific curated target.
dim_region.csv,Vin des Allobroges,4,other,,vin des allobroges,unresolved_requires_review,0,,,,,,No unique legally curated target found.
dim_region.csv,Vine de France,4,other,,vine de france,curated_compound_to_specific,0.97,FR-COUNTRY,FR,,,country,Compound auction label contains a unique or hierarchically most specific curated target.
dim_region.csv,Vino da Tavola di Toscana,4,other,,vino da tavola di toscana,curated_compound_to_specific,0.97,IT-ORI-TOSCANA,IT,Toscana,Toscana,appellation,Compound auction label contains a unique or hierarchically most specific curated target.
dim_region.csv,Washington Island,4,other,,washington island,curated_compound_to_specific,0.97,US-ORI-WASHINGTON,US,Washington,Washington,appellation,Compound auction label contains a unique or hierarchically most specific curated target.
dim_region.csv,Yallingup,4,other,,yallingup,unresolved_requires_review,0,,,,,,No unique legally curated target found.
dim_region.csv,Yenda,4,other,,yenda,unresolved_requires_review,0,,,,,,No unique legally curated target found.
dim_region.csv,Yorkville Highlands AVA,4,other,,yorkville highlands ava,unresolved_requires_review,0,,,,,,No unique legally curated target found.
dim_region.csv,cuvee Clos des Avaux,4,other,,cuvee clos des avaux,unresolved_requires_review,0,,,,,,No unique legally curated target found.
dim_region.csv, GUATEMALA - Rum,3,other,,guatemala rum,unresolved_requires_review,0,,,,,,No unique legally curated target found.
dim_region.csv, Italia - Aglianico,3,other,,italia aglianico,curated_compound_to_specific,0.97,IT-COUNTRY,IT,,,country,Compound auction label contains a unique or hierarchically most specific curated target.
dim_region.csv, Italia - Etna,3,other,,italia etna,curated_compound_to_specific,0.97,IT-COUNTRY,IT,,,country,Compound auction label contains a unique or hierarchically most specific curated target.
dim_region.csv, Italia - Fiano,3,other,,italia fiano,curated_compound_to_specific,0.97,IT-COUNTRY,IT,,,country,Compound auction label contains a unique or hierarchically most specific curated target.
dim_region.csv, Italia - Isola dei Nuraghi,3,other,,italia isola dei nuraghi,curated_compound_to_specific,0.97,IT-COUNTRY,IT,,,country,Compound auction label contains a unique or hierarchically most specific curated target.
dim_region.csv, Italia - Morellino di Scansano,3,other,,italia morellino di scansano,curated_compound_to_specific,0.97,IT-ORI-MORELLINO-DI-SCANSANO,IT,Toscana,Morellino di Scansano,appellation,Compound auction label contains a unique or hierarchically most specific curated target.
dim_region.csv, Italia - Valle d'Aosta,3,other,,italia valle d aosta,curated_compound_to_specific,0.97,IT-COUNTRY,IT,,,country,Compound auction label contains a unique or hierarchically most specific curated target.
dim_region.csv,1 Shadrach-1 Meshach-1 Abednego Shiraz,3,other,,1 shadrach 1 meshach 1 abednego shiraz,unresolved_requires_review,0,,,,,,No unique legally curated target found.
dim_region.csv,1967-2004 Shiraz,3,other,,1967 2004 shiraz,unresolved_requires_review,0,,,,,,No unique legally curated target found.
dim_region.csv,2016,3,other,,2016,unresolved_requires_review,0,,,,,,No unique legally curated target found.
dim_region.csv,6 vintages 1994-1999 Cabernet Cabernet Franc Merlot,3,other,,6 vintages 1994 1999 cabernet cabernet franc merlot,unresolved_requires_review,0,,,,,,No unique legally curated target found.
dim_region.csv,63.35% ABV,3,other,,63 35 abv,unresolved_requires_review,0,,,,,,No unique legally curated target found.
dim_region.csv,Abruzzo - Denominazioni varie,3,other,,abruzzo denominazioni varie,curated_compound_to_specific,0.97,IT-ORI-ABRUZZO,IT,Abruzzo,Abruzzo,appellation,Compound auction label contains a unique or hierarchically most specific curated target.
dim_region.csv,Aconcagua,3,other,,aconcagua,unresolved_requires_review,0,,,,,,No unique legally curated target found.
dim_region.csv,Adelaide Hills Pinot Noir,3,other,,adelaide hills pinot noir,curated_compound_to_specific,0.97,AU-ORI-ADELAIDE-HILLS,AU,South Australia,Adelaide Hills,appellation,Compound auction label contains a unique or hierarchically most specific curated target.
dim_region.csv,Apulia,3,other,,apulia,unresolved_requires_review,0,,,,,,No unique legally curated target found.
dim_region.csv,Ascend Pinot Noir,3,other,,ascend pinot noir,unresolved_requires_review,0,,,,,,No unique legally curated target found.
dim_region.csv,Asti DOCG,3,other,,asti docg,normalized_alias,0.99,IT-ORI-ASTI,IT,Piemonte,Asti,appellation,Curated alias normalized to canonical value.
dim_region.csv,Auslese Riesling Reichsgraf Von Kesselstatt,3,other,,auslese riesling reichsgraf von kesselstatt,unresolved_requires_review,0,,,,,,No unique legally curated target found.
dim_region.csv,Australia - Syrah,3,other,,australia syrah,curated_compound_to_specific,0.97,AU-COUNTRY,AU,,,country,Compound auction label contains a unique or hierarchically most specific curated target.
dim_region.csv,Azerbagian - Cognac,3,other,,azerbagian cognac,excluded_non_wine_origin,1,,,,,,"Blend placeholder, unknown value, or spirits/non-wine geography outside this wine-origin reference."
dim_region.csv,Banyuls Rouge,3,other,,banyuls rouge,curated_compound_to_specific,0.97,FR-ORI-BANYULS,FR,Languedoc-Roussillon,Banyuls,appellation,Compound auction label contains a unique or hierarchically most specific curated target.
dim_region.csv,Barbagia IGT,3,other,,barbagia igt,unresolved_requires_review,0,,,,,,No unique legally curated target found.
dim_region.csv,Barossa Valley-Adelaide Hills,3,other,,barossa valley adelaide hills,ambiguous_requires_context,0,,,,,,Compound auction label contains 4 distinct curated targets.
dim_region.csv,Barossa Valley-Padthaway,3,other,,barossa valley padthaway,ambiguous_requires_context,0,,,,,,Compound auction label contains 3 distinct curated targets.
dim_region.csv,Basilicata - Aglianico,3,other,,basilicata aglianico,curated_compound_to_specific,0.97,IT-ORI-BASILICATA,IT,Basilicata,Basilicata,appellation,Compound auction label contains a unique or hierarchically most specific curated target.
dim_region.csv,Beaufort,3,other,,beaufort,unresolved_requires_review,0,,,,,,No unique legally curated target found.
dim_region.csv,Bienenberg,3,other,,bienenberg,unresolved_requires_review,0,,,,,,No unique legally curated target found.
dim_region.csv,Bordeaux / Entre-Deux-Mers,3,other,,bordeaux entre deux mers,curated_compound_to_specific,0.97,FR-ORI-ENTRE-DEUX-MERS,FR,Bordeaux,Entre-deux-Mers,appellation,Compound auction label contains a unique or hierarchically most specific curated target.
dim_region.csv,Bordeaux Superieur Blanc Sec,3,other,,bordeaux superieur blanc sec,curated_compound_to_specific,0.97,FR-ORI-BORDEAUX-SUPERIEUR,FR,Bordeaux,Bordeaux Supérieur,appellation,Compound auction label contains a unique or hierarchically most specific curated target.
dim_region.csv,Breganze DOC,3,other,,breganze doc,unresolved_requires_review,0,,,,,,No unique legally curated target found.
dim_region.csv,British Columbia,3,other,,british columbia,unresolved_requires_review,0,,,,,,No unique legally curated target found.
dim_region.csv,Brouilly Vielles Vignes,3,other,,brouilly vielles vignes,unresolved_requires_review,0,,,,,,No unique legally curated target found.
dim_region.csv,Buttrio,3,other,,buttrio,unresolved_requires_review,0,,,,,,No unique legally curated target found.
dim_region.csv,Cabernet Merlot,3,other,,cabernet merlot,unresolved_requires_review,0,,,,,,No unique legally curated target found.
dim_region.csv,Cabernet de Saumur,3,other,,cabernet de saumur,curated_compound_to_specific,0.97,FR-ORI-SAUMUR,FR,Loire Valley,Saumur,appellation,Compound auction label contains a unique or hierarchically most specific curated target.
dim_region.csv,Cachapoal,3,other,,cachapoal,unresolved_requires_review,0,,,,,,No unique legally curated target found.
dim_region.csv,Calvados,3,other,,calvados,unresolved_requires_review,0,,,,,,No unique legally curated target found.
dim_region.csv,Canterbury/Marlborough,3,other,,canterbury marlborough,ambiguous_requires_context,0,,,,,,Compound auction label contains 2 distinct curated targets.
dim_region.csv,Carnuntum,3,other,,carnuntum,normalized_exact,1,AT-ORI-CARNUNTUM,AT,Niederösterreich,Carnuntum,appellation,"Accent, punctuation, whitespace and legal suffixes normalized."
dim_region.csv,Carso,3,other,,carso,unresolved_requires_review,0,,,,,,No unique legally curated target found.
dim_region.csv,Cheverny,3,other,,cheverny,unresolved_requires_review,0,,,,,,No unique legally curated target found.
dim_region.csv,Cilento,3,other,,cilento,unresolved_requires_review,0,,,,,,No unique legally curated target found.
dim_region.csv,Clare Valley(use code CCWR),3,other,,clare valley use code ccwr,curated_compound_to_specific,0.97,AU-ORI-CLARE-VALLEY,AU,South Australia,Clare Valley,appellation,Compound auction label contains a unique or hierarchically most specific curated target.
dim_region.csv,Classico Superiore DOC,3,other,,classico superiore doc,unresolved_requires_review,0,,,,,,No unique legally curated target found.
dim_region.csv,Colli Piacentini Gutturnio,3,other,,colli piacentini gutturnio,unresolved_requires_review,0,,,,,,No unique legally curated target found.
dim_region.csv,Colli di Salerno,3,other,,colli di salerno,unresolved_requires_review,0,,,,,,No unique legally curated target found.
dim_region.csv,Colline Teramane Montepulciano d’Abruzzo,3,other,,colline teramane montepulciano d abruzzo,curated_compound_to_specific,0.97,IT-ORI-MONTEPULCIANO-D-ABRUZZO,IT,Abruzzo,Montepulciano d'Abruzzo,appellation,Compound auction label contains a unique or hierarchically most specific curated target.
dim_region.csv,Coonawarra / Limestone Coast,3,other,,coonawarra limestone coast,ambiguous_requires_context,0,,,,,,Compound auction label contains 2 distinct curated targets.
dim_region.csv,Corton Rognet,3,other,,corton rognet,curated_compound_to_specific,0.97,FR-ORI-CORTON,FR,Bourgogne,Corton,appellation,Compound auction label contains a unique or hierarchically most specific curated target.
dim_region.csv,Cortona DOC,3,other,,cortona doc,unresolved_requires_review,0,,,,,,No unique legally curated target found.
dim_region.csv,Cortona-Montepulciano,3,other,,cortona montepulciano,unresolved_requires_review,0,,,,,,No unique legally curated target found.
dim_region.csv,Coteaux du Layon St Lambert,3,other,,coteaux du layon saint lambert,curated_compound_to_specific,0.97,FR-ORI-COTEAUX-DU-LAYON,FR,Loire Valley,Coteaux du Layon,appellation,Compound auction label contains a unique or hierarchically most specific curated target.
dim_region.csv,Coteaux du Quercy,3,other,,coteaux du quercy,unresolved_requires_review,0,,,,,,No unique legally curated target found.
dim_region.csv,Coteaux du Vendomois AOC,3,other,,coteaux du vendomois aoc,unresolved_requires_review,0,,,,,,No unique legally curated target found.
dim_region.csv,Cotes d'Auvergne AOC,3,other,,cotes d auvergne aoc,unresolved_requires_review,0,,,,,,No unique legally curated target found.
dim_region.csv,Cotes du Tarn,3,other,,cotes du tarn,unresolved_requires_review,0,,,,,,No unique legally curated target found.
dim_region.csv,Cowra-Hunter Valley,3,other,,cowra hunter valley,ambiguous_requires_context,0,,,,,,Compound auction label contains 2 distinct curated targets.
dim_region.csv,Crimea,3,other,,crimea,unresolved_requires_review,0,,,,,,No unique legally curated target found.
dim_region.csv,Cuvee Baudot,3,other,,cuvee baudot,unresolved_requires_review,0,,,,,,No unique legally curated target found.
dim_region.csv,Cuvee de la Chapelle Gewurztraminer,3,other,,cuvee de la chapelle gewurztraminer,unresolved_requires_review,0,,,,,,No unique legally curated target found.
dim_region.csv,Côtes de Castillon,3,other,,cotes de castillon,normalized_alias,0.99,FR-ORI-CASTILLON-COTES-DE-BORDEAUX,FR,Bordeaux,Castillon Côtes de Bordeaux,appellation,Curated alias normalized to canonical value.
dim_region.csv,Danakharuli,3,other,,danakharuli,unresolved_requires_review,0,,,,,,No unique legally curated target found.
dim_region.csv,Del Chianti Classico DOCG,3,other,,del chianti classico docg,curated_compound_to_specific,0.97,IT-ORI-CHIANTI-CLASSICO,IT,Toscana,Chianti Classico,appellation,Compound auction label contains a unique or hierarchically most specific curated target.
dim_region.csv,Dominican Republic,3,other,,dominican republic,unresolved_requires_review,0,,,,,,No unique legally curated target found.
dim_region.csv,Dublin,3,other,,dublin,unresolved_requires_review,0,,,,,,No unique legally curated target found.
dim_region.csv,English bottled Berry Bros & Rudd,3,other,,english bottled berry bros and rudd,unresolved_requires_review,0,,,,,,No unique legally curated target found.
dim_region.csv,English bottled Vintage Port,3,other,,english bottled vintage port,unresolved_requires_review,0,,,,,,No unique legally curated target found.
dim_region.csv,Eola-Amity Hills,3,other,,eola amity hills,normalized_exact,1,US-REG-EOLA-AMITY-HILLS,US,Eola-Amity Hills,,region,"Accent, punctuation, whitespace and legal suffixes normalized."
dim_region.csv,Extra Brut,3,other,,extra brut,unresolved_requires_review,0,,,,,,No unique legally curated target found.
dim_region.csv,Field Blend,3,other,,field blend,unresolved_requires_review,0,,,,,,No unique legally curated target found.
dim_region.csv,Filetta di Lamole,3,other,,filetta di lamole,unresolved_requires_review,0,,,,,,No unique legally curated target found.
dim_region.csv,Fixin en L Olivier,3,other,,fixin en l olivier,curated_compound_to_specific,0.97,FR-ORI-FIXIN,FR,Bourgogne,Fixin,appellation,Compound auction label contains a unique or hierarchically most specific curated target.
dim_region.csv,Fontanazza,3,other,,fontanazza,unresolved_requires_review,0,,,,,,No unique legally curated target found.
dim_region.csv,Fort Ross-Seaview,3,other,,fort ross seaview,normalized_exact,1,US-REG-FORT-ROSS-SEAVIEW,US,Fort Ross-Seaview,,region,"Accent, punctuation, whitespace and legal suffixes normalized."
dim_region.csv,Fortified Wine,3,other,,fortified wine,unresolved_requires_review,0,,,,,,No unique legally curated target found.
dim_region.csv,Francia - Beaujolais,3,other,,francia beaujolais,curated_compound_to_specific,0.97,FR-ORI-BEAUJOLAIS,FR,Beaujolais,Beaujolais,appellation,Compound auction label contains a unique or hierarchically most specific curated target.
dim_region.csv,Francia - Chartreuse,3,other,,francia chartreuse,curated_compound_to_specific,0.97,FR-COUNTRY,FR,,,country,Compound auction label contains a unique or hierarchically most specific curated target.
dim_region.csv,Francia - Francia,3,other,,francia francia,curated_compound_to_specific,0.97,FR-COUNTRY,FR,,,country,Compound auction label contains a unique or hierarchically most specific curated target.
dim_region.csv,Francia - Whisky,3,other,,francia whisky,excluded_non_wine_origin,1,,,,,,"Blend placeholder, unknown value, or spirits/non-wine geography outside this wine-origin reference."
dim_region.csv,Garganega Chardonnay,3,other,,garganega chardonnay,unresolved_requires_review,0,,,,,,No unique legally curated target found.
dim_region.csv,Gembrook,3,other,,gembrook,unresolved_requires_review,0,,,,,,No unique legally curated target found.
dim_region.csv,Geographe W.A,3,other,,geographe w a,normalized_alias,0.99,AU-ORI-GEOGRAPHE,AU,Western Australia,Geographe,appellation,Curated alias normalized to canonical value.
dim_region.csv,Geographe-Margaret River,3,other,,geographe margaret river,ambiguous_requires_context,0,,,,,,Compound auction label contains 2 distinct curated targets.
dim_region.csv,Gladstone,3,other,,gladstone,unresolved_requires_review,0,,,,,,No unique legally curated target found.
dim_region.csv,Graves Superieures,3,other,,graves superieures,curated_compound_to_specific,0.97,FR-ORI-GRAVES,FR,Bordeaux,Graves,appellation,Compound auction label contains a unique or hierarchically most specific curated target.
dim_region.csv,Great Western-Barossa,3,other,,great western barossa,ambiguous_requires_context,0,,,,,,Compound auction label contains 2 distinct curated targets.
dim_region.csv,Hajos-Baja,3,other,,hajos baja,unresolved_requires_review,0,,,,,,No unique legally curated target found.
dim_region.csv,Hampshire,3,other,,hampshire,unresolved_requires_review,0,,,,,,No unique legally curated target found.
dim_region.csv,Heathcote Syrah,3,other,,heathcote syrah,curated_compound_to_specific,0.97,AU-ORI-HEATHCOTE,AU,Victoria,Heathcote,appellation,Compound auction label contains a unique or hierarchically most specific curated target.
dim_region.csv,Highlands / Speyside,3,other,,highlands speyside,unresolved_requires_review,0,,,,,,No unique legally curated target found.
dim_region.csv,Hunter Region,3,other,,hunter region,curated_compound_to_specific,0.97,AU-ORI-HUNTER-VALLEY,AU,New South Wales,Hunter Valley,appellation,Compound auction label contains a unique or hierarchically most specific curated target.
dim_region.csv,Hunter Valley-McLaren Vale,3,other,,hunter valley mclaren vale,ambiguous_requires_context,0,,,,,,Compound auction label contains 2 distinct curated targets.
dim_region.csv,Hunter Valley-SE Auistralia,3,other,,hunter valley se auistralia,curated_compound_to_specific,0.97,AU-ORI-HUNTER-VALLEY,AU,New South Wales,Hunter Valley,appellation,Compound auction label contains a unique or hierarchically most specific curated target.
dim_region.csv,Ile des Vergelesses,3,other,,ile des vergelesses,unresolved_requires_review,0,,,,,,No unique legally curated target found.
dim_region.csv,Inghilterra - Distillati,3,other,,inghilterra distillati,unresolved_requires_review,0,,,,,,No unique legally curated target found.
dim_region.csv,Isle of Jura,3,other,,isle of jura,unresolved_requires_review,0,,,,,,No unique legally curated target found.
dim_region.csv,J. Vandermeulen-Decanniere & Co Bottling,3,other,,j vandermeulen decanniere and co bottling,unresolved_requires_review,0,,,,,,No unique legally curated target found.
dim_region.csv,La Clape AC,3,other,,la clape ac,unresolved_requires_review,0,,,,,,No unique legally curated target found.
dim_region.csv,La Vasee Savagnin,3,other,,la vasee savagnin,unresolved_requires_review,0,,,,,,No unique legally curated target found.
dim_region.csv,Langhorne Creek-Hunter Valley-Orange,3,other,,langhorne creek hunter valley orange,ambiguous_requires_context,0,,,,,,Compound auction label contains 3 distinct curated targets.
dim_region.csv,Langhorne Creek-Yarra Valley,3,other,,langhorne creek yarra valley,ambiguous_requires_context,0,,,,,,Compound auction label contains 2 distinct curated targets.
dim_region.csv,Latakia,3,other,,latakia,unresolved_requires_review,0,,,,,,No unique legally curated target found.
dim_region.csv,Limestone Coast/Langhorne Creek,3,other,,limestone coast langhorne creek,ambiguous_requires_context,0,,,,,,Compound auction label contains 2 distinct curated targets.
dim_region.csv,Lisboa,3,other,,lisboa,normalized_exact,1,PT-ORI-LISBOA,PT,Lisboa,Lisboa,appellation,"Accent, punctuation, whitespace and legal suffixes normalized."
dim_region.csv,Lombardia - Metodo Classico,3,other,,lombardia metodo classico,curated_compound_to_specific,0.97,IT-ORI-LOMBARDIA,IT,Lombardia,Lombardia,appellation,Compound auction label contains a unique or hierarchically most specific curated target.
dim_region.csv,Lombardia - Valtellina,3,other,,lombardia valtellina,curated_compound_to_specific,0.97,IT-ORI-VALTELLINA,IT,Lombardia,Valtellina,appellation,Compound auction label contains a unique or hierarchically most specific curated target.
dim_region.csv,Macedon Ranges-Yarra Valley,3,other,,macedon ranges yarra valley,ambiguous_requires_context,0,,,,,,Compound auction label contains 2 distinct curated targets.
dim_region.csv,Marche,3,other,,marche,normalized_exact,1,IT-ORI-MARCHE,IT,Marche,Marche,appellation,"Accent, punctuation, whitespace and legal suffixes normalized."
dim_region.csv,Matakana,3,other,,matakana,unresolved_requires_review,0,,,,,,No unique legally curated target found.
dim_region.csv,Maule Valley,3,other,,maule valley,normalized_alias,0.99,CL-ORI-VALLE-DEL-MAULE,CL,Valle Central,Valle del Maule,appellation,Curated alias normalized to canonical value.
dim_region.csv,Mauritius,3,other,,mauritius,unresolved_requires_review,0,,,,,,No unique legally curated target found.
dim_region.csv,Messico - Tequila,3,other,,messico tequila,unresolved_requires_review,0,,,,,,No unique legally curated target found.
dim_region.csv,Moncalieri,3,other,,moncalieri,unresolved_requires_review,0,,,,,,No unique legally curated target found.
dim_region.csv,Montefalco Sagrantino DOCG,3,other,,montefalco sagrantino docg,normalized_alias,0.99,IT-ORI-MONTEFALCO-SAGRANTINO,IT,Umbria,Montefalco Sagrantino,appellation,Curated alias normalized to canonical value.
dim_region.csv,Montlouis Sur Loire,3,other,,montlouis sur loire,curated_compound_to_specific,0.97,FR-REG-LOIRE-VALLEY,FR,Loire Valley,,region,Compound auction label contains a unique or hierarchically most specific curated target.
dim_region.csv,Morgon Cote du Py,3,other,,morgon cote du py,curated_compound_to_specific,0.97,FR-ORI-MORGON,FR,Beaujolais,Morgon,appellation,Compound auction label contains a unique or hierarchically most specific curated target.
dim_region.csv,Mudgee/McLaren Vale,3,other,,mudgee mclaren vale,ambiguous_requires_context,0,,,,,,Compound auction label contains 2 distinct curated targets.
dim_region.csv,Muscadet Cotes De Grandlieu,3,other,,muscadet cotes de grandlieu,unresolved_requires_review,0,,,,,,No unique legally curated target found.
dim_region.csv,Muscat de Frontignan,3,other,,muscat de frontignan,unresolved_requires_review,0,,,,,,No unique legally curated target found.
dim_region.csv,Muscat de Rivesaltes,3,other,,muscat de rivesaltes,unresolved_requires_review,0,,,,,,No unique legally curated target found.
dim_region.csv,Naramata Bench-Okanagan Valley,3,other,,naramata bench okanagan valley,curated_compound_to_specific,0.97,CA-ORI-OKANAGAN-VALLEY,CA,British Columbia,Okanagan Valley,appellation,Compound auction label contains a unique or hierarchically most specific curated target.
dim_region.csv,Negre,3,other,,negre,unresolved_requires_review,0,,,,,,No unique legally curated target found.
dim_region.csv,New England-Hunter Valley,3,other,,new england hunter valley,ambiguous_requires_context,0,,,,,,Compound auction label contains 2 distinct curated targets.
dim_region.csv,New Orleans,3,other,,new orleans,unresolved_requires_review,0,,,,,,No unique legally curated target found.
dim_region.csv,Niagra Ontario,3,other,,niagra ontario,unresolved_requires_review,0,,,,,,No unique legally curated target found.
dim_region.csv,Normandy,3,other,,normandy,unresolved_requires_review,0,,,,,,No unique legally curated target found.
dim_region.csv,North West Slopes,3,other,,north west slopes,unresolved_requires_review,0,,,,,,No unique legally curated target found.
dim_region.csv,Oakville,3,other,,oakville,normalized_exact,1,US-REG-OAKVILLE,US,Oakville,,region,"Accent, punctuation, whitespace and legal suffixes normalized."
dim_region.csv,Oaxaca,3,other,,oaxaca,unresolved_requires_review,0,,,,,,No unique legally curated target found.
dim_region.csv,Obaideh,3,other,,obaideh,unresolved_requires_review,0,,,,,,No unique legally curated target found.
dim_region.csv,Pacherenc du Vic Bilh Sec,3,other,,pacherenc du vic bilh sec,unresolved_requires_review,0,,,,,,No unique legally curated target found.
dim_region.csv,Padthaway-Barossa Valley-Coonawarra,3,other,,padthaway barossa valley coonawarra,ambiguous_requires_context,0,,,,,,Compound auction label contains 4 distinct curated targets.
dim_region.csv,Perth,3,other,,perth,unresolved_requires_review,0,,,,,,No unique legally curated target found.
dim_region.csv,Piccadilly Valley Chardonnay,3,other,,piccadilly valley chardonnay,curated_compound_to_specific,0.97,AU-ORI-PICCADILLY-VALLEY,AU,South Australia,Piccadilly Valley,appellation,Compound auction label contains a unique or hierarchically most specific curated target.
dim_region.csv,Piedmont - Barolo,3,other,,piedmont barolo,curated_compound_to_specific,0.97,IT-ORI-BAROLO,IT,Piemonte,Barolo,appellation,Compound auction label contains a unique or hierarchically most specific curated target.
dim_region.csv,Piemonte - Colli Tortonesi,3,other,,piemonte colli tortonesi,curated_compound_to_specific,0.97,IT-ORI-PIEMONTE,IT,Piemonte,Piemonte,appellation,Compound auction label contains a unique or hierarchically most specific curated target.
dim_region.csv,Pommard - Borgogna,3,other,,pommard borgogna,curated_compound_to_specific,0.97,FR-ORI-POMMARD,FR,Bourgogne,Pommard,appellation,Compound auction label contains a unique or hierarchically most specific curated target.
dim_region.csv,Priorat D.O.Q,3,other,,priorat d o q,curated_compound_to_specific,0.97,ES-ORI-PRIORAT,ES,Catalunya,Priorat,appellation,Compound auction label contains a unique or hierarchically most specific curated target.
dim_region.csv,Pur Mesnil and Pur Avize 3 Bottles Set,3,other,,pur mesnil and pur avize 3 bottles set,unresolved_requires_review,0,,,,,,No unique legally curated target found.
dim_region.csv,Rectificando Invenies,3,other,,rectificando invenies,unresolved_requires_review,0,,,,,,No unique legally curated target found.
dim_region.csv,Red Mountain Columbia Valley Washington,3,other,,red mountain columbia valley washington,ambiguous_requires_context,0,,,,,,Compound auction label contains 3 distinct curated targets.
dim_region.csv,Región Metropolitana,3,other,,region metropolitana,unresolved_requires_review,0,,,,,,No unique legally curated target found.
dim_region.csv,Rhône / Gigondas,3,other,,rhone gigondas,ambiguous_requires_context,0,,,,,,Compound auction label contains 2 distinct curated targets.
dim_region.csv,Ribeiro,3,other,,ribeiro,unresolved_requires_review,0,,,,,,No unique legally curated target found.
dim_region.csv,Rosso del Veronese IGT,3,other,,rosso del veronese igt,unresolved_requires_review,0,,,,,,No unique legally curated target found.
dim_region.csv,Rubicone,3,other,,rubicone,unresolved_requires_review,0,,,,,,No unique legally curated target found.
dim_region.csv,Saint-Bris,3,other,,saint bris,unresolved_requires_review,0,,,,,,No unique legally curated target found.
dim_region.csv,Salento(use code LCRS),3,other,,salento use code lcrs,curated_compound_to_specific,0.97,IT-ORI-SALENTO,IT,Puglia,Salento,appellation,Compound auction label contains a unique or hierarchically most specific curated target.
dim_region.csv,Samos,3,other,,samos,unresolved_requires_review,0,,,,,,No unique legally curated target found.
dim_region.csv,San Juan,3,other,,san juan,unresolved_requires_review,0,,,,,,No unique legally curated target found.
dim_region.csv,San Lucar,3,other,,san lucar,unresolved_requires_review,0,,,,,,No unique legally curated target found.
dim_region.csv,Santa Rosa,3,other,,santa rosa,unresolved_requires_review,0,,,,,,No unique legally curated target found.
dim_region.csv,Santenay-Gravieres,3,other,,santenay gravieres,curated_compound_to_specific,0.97,FR-ORI-SANTENAY,FR,Bourgogne,Santenay,appellation,Compound auction label contains a unique or hierarchically most specific curated target.
dim_region.csv,"Sardegna, Sicilia ",3,other,,sardegna sicilia,ambiguous_requires_context,0,,,,,,Compound auction label contains 2 distinct curated targets.
dim_region.csv,Scenic Rim,3,other,,scenic rim,unresolved_requires_review,0,,,,,,No unique legally curated target found.
dim_region.csv,Serra Llarga,3,other,,serra llarga,unresolved_requires_review,0,,,,,,No unique legally curated target found.
dim_region.csv,Shimamoto,3,other,,shimamoto,unresolved_requires_review,0,,,,,,No unique legally curated target found.
dim_region.csv,Sigolsheim,3,other,,sigolsheim,unresolved_requires_review,0,,,,,,No unique legally curated target found.
dim_region.csv,Singapore,3,other,,singapore,unresolved_requires_review,0,,,,,,No unique legally curated target found.
dim_region.csv,Single Islay Malt Whisky,3,other,,single islay malt whisky,excluded_non_wine_origin,1,,,,,,"Blend placeholder, unknown value, or spirits/non-wine geography outside this wine-origin reference."
dim_region.csv,Somlo,3,other,,somlo,unresolved_requires_review,0,,,,,,No unique legally curated target found.
dim_region.csv,Sonoma Coast - California,3,other,,sonoma coast california,curated_compound_to_specific,0.97,US-ORI-SONOMA-COUNTY,US,California,Sonoma County,appellation,Compound auction label contains a unique or hierarchically most specific curated target.
dim_region.csv,Sonoma-Napa Valley,3,other,,sonoma napa valley,ambiguous_requires_context,0,,,,,,Compound auction label contains 2 distinct curated targets.
dim_region.csv,Southern Vales,3,other,,southern vales,unresolved_requires_review,0,,,,,,No unique legally curated target found.
dim_region.csv,Spagna - Sherry,3,other,,spagna sherry,unresolved_requires_review,0,,,,,,No unique legally curated target found.
dim_region.csv,Spagna - Spagna,3,other,,spagna spagna,unresolved_requires_review,0,,,,,,No unique legally curated target found.
dim_region.csv,Spagna - VINI LIQUOROSI,3,other,,spagna vini liquorosi,unresolved_requires_review,0,,,,,,No unique legally curated target found.
dim_region.csv,Sta. Rita Hills,3,other,,sta rita hills,normalized_exact,1,US-REG-STA-RITA-HILLS,US,Sta. Rita Hills,,region,"Accent, punctuation, whitespace and legal suffixes normalized."
dim_region.csv,Terrasses du Larzac AOC,3,other,,terrasses du larzac aoc,normalized_alias,0.99,FR-ORI-TERRASSES-DU-LARZAC,FR,Languedoc-Roussillon,Terrasses du Larzac,appellation,Curated alias normalized to canonical value.
dim_region.csv,Terre Siciliane Rosso IGT,3,other,,terre siciliane rosso igt,curated_compound_to_specific,0.97,IT-ORI-TERRE-SICILIANE,IT,Sicilia,Terre Siciliane,appellation,Compound auction label contains a unique or hierarchically most specific curated target.
dim_region.csv,Three Oaks,3,other,,three oaks,unresolved_requires_review,0,,,,,,No unique legally curated target found.
dim_region.csv,Tierras de Lastra,3,other,,tierras de lastra,unresolved_requires_review,0,,,,,,No unique legally curated target found.
dim_region.csv,Toscana  - Vin Santo,3,other,,toscana vin santo,curated_compound_to_specific,0.97,IT-ORI-TOSCANA,IT,Toscana,Toscana,appellation,Compound auction label contains a unique or hierarchically most specific curated target.
dim_region.csv,Toscana / Vino Nobile di Montepulciano,3,other,,toscana vino nobile di montepulciano,curated_compound_to_specific,0.97,IT-ORI-VINO-NOBILE-DI-MONTEPULCIANO,IT,Toscana,Vino Nobile di Montepulciano,appellation,Compound auction label contains a unique or hierarchically most specific curated target.
dim_region.csv,Trebbiano D'abruzzo,3,other,,trebbiano d abruzzo,curated_compound_to_specific,0.97,IT-ORI-ABRUZZO,IT,Abruzzo,Abruzzo,appellation,Compound auction label contains a unique or hierarchically most specific curated target.
dim_region.csv,Trentino - Alto Adige - Vigneti delle Dolomiti,3,other,,trentino alto adige vigneti delle dolomiti,ambiguous_requires_context,0,,,,,,Compound auction label contains 3 distinct curated targets.
dim_region.csv,Ungheria - Distillati,3,other,,ungheria distillati,unresolved_requires_review,0,,,,,,No unique legally curated target found.
dim_region.csv,Vallagarina,3,other,,vallagarina,unresolved_requires_review,0,,,,,,No unique legally curated target found.
dim_region.csv,Verdicchio dei Castelli di Jesi Classico,3,other,,verdicchio dei castelli di jesi classico,curated_compound_to_specific,0.97,IT-ORI-VERDICCHIO-DEI-CASTELLI-DI-JESI,IT,Marche,Verdicchio dei Castelli di Jesi,appellation,Compound auction label contains a unique or hierarchically most specific curated target.
dim_region.csv,Victoria / Henty,3,other,,victoria henty,curated_compound_to_specific,0.97,AU-ORI-HENTY,AU,Victoria,Henty,appellation,Compound auction label contains a unique or hierarchically most specific curated target.
dim_region.csv,Vigna Valmaggiore Nebbiolo d'alba DOC,3,other,,vigna valmaggiore nebbiolo d alba doc,curated_compound_to_specific,0.97,IT-ORI-NEBBIOLO-D-ALBA,IT,Piemonte,Nebbiolo d'Alba,appellation,Compound auction label contains a unique or hierarchically most specific curated target.
dim_region.csv,Vigneti Delle Dolomiti,3,other,,vigneti delle dolomiti,normalized_exact,1,IT-ORI-VIGNETI-DELLE-DOLOMITI,IT,Trentino-Alto Adige,Vigneti delle Dolomiti,appellation,"Accent, punctuation, whitespace and legal suffixes normalized."
dim_region.csv,Vigneti Monte Foscarino,3,other,,vigneti monte foscarino,unresolved_requires_review,0,,,,,,No unique legally curated target found.
dim_region.csv,Vini Dolci,3,other,,vini dolci,unresolved_requires_review,0,,,,,,No unique legally curated target found.
dim_region.csv,Vintage Cuvee,3,other,,vintage cuvee,unresolved_requires_review,0,,,,,,No unique legally curated target found.
dim_region.csv,Von Doussa) Collectors Tawny Port,3,other,,von doussa collectors tawny port,unresolved_requires_review,0,,,,,,No unique legally curated target found.
dim_region.csv,Waadt / Lavaux,3,other,,waadt lavaux,ambiguous_requires_context,0,,,,,,Compound auction label contains 2 distinct curated targets.
dim_region.csv,Winery & History Tour,3,other,,winery and history tour,unresolved_requires_review,0,,,,,,No unique legally curated target found.
dim_region.csv,Yarra Valley/Heathcote,3,other,,yarra valley heathcote,ambiguous_requires_context,0,,,,,,Compound auction label contains 2 distinct curated targets.
dim_region.csv,d'Alba,3,other,,d alba,unresolved_requires_review,0,,,,,,No unique legally curated target found.
dim_region.csv,third wine of Chateau Belair-Monanage,3,other,,third wine of chateau belair monanage,unresolved_requires_review,0,,,,,,No unique legally curated target found.
dim_region.csv,Ștefan Vodă / Purcari,3,other,,stefan voda purcari,unresolved_requires_review,0,,,,,,No unique legally curated target found.
dim_region.csv, Antigua - Rum,2,other,,antigua rum,unresolved_requires_review,0,,,,,,No unique legally curated target found.
dim_region.csv," Italia - Aglianico, Piedirosso",2,other,,italia aglianico piedirosso,curated_compound_to_specific,0.97,IT-COUNTRY,IT,,,country,Compound auction label contains a unique or hierarchically most specific curated target.
dim_region.csv," Italia - Cabernet, Merlot, Aglianico",2,other,,italia cabernet merlot aglianico,curated_compound_to_specific,0.97,IT-COUNTRY,IT,,,country,Compound auction label contains a unique or hierarchically most specific curated target.
dim_region.csv, Italia - Champagne,2,other,,italia champagne,curated_compound_to_specific,0.97,FR-ORI-CHAMPAGNE,FR,Champagne,Champagne,appellation,Compound auction label contains a unique or hierarchically most specific curated target.
dim_region.csv, Italia - Derthona,2,other,,italia derthona,curated_compound_to_specific,0.97,IT-COUNTRY,IT,,,country,Compound auction label contains a unique or hierarchically most specific curated target.
dim_region.csv, Italia - Emilia Romagna,2,other,,italia emilia romagna,curated_compound_to_specific,0.97,IT-REG-EMILIA-ROMAGNA,IT,Emilia-Romagna,,region,Compound auction label contains a unique or hierarchically most specific curated target.
dim_region.csv, Italia - Merlot,2,other,,italia merlot,curated_compound_to_specific,0.97,IT-COUNTRY,IT,,,country,Compound auction label contains a unique or hierarchically most specific curated target.
dim_region.csv, Italia - Nobile di Montepulciano,2,other,,italia nobile di montepulciano,curated_compound_to_specific,0.97,IT-COUNTRY,IT,,,country,Compound auction label contains a unique or hierarchically most specific curated target.
dim_region.csv, Italia - Passito,2,other,,italia passito,curated_compound_to_specific,0.97,IT-COUNTRY,IT,,,country,Compound auction label contains a unique or hierarchically most specific curated target.
dim_region.csv, Italia - Spumante,2,other,,italia spumante,curated_compound_to_specific,0.97,IT-COUNTRY,IT,,,country,Compound auction label contains a unique or hierarchically most specific curated target.
dim_region.csv, Italia - Tokaji,2,other,,italia tokaji,curated_compound_to_specific,0.97,IT-COUNTRY,IT,,,country,Compound auction label contains a unique or hierarchically most specific curated target.
dim_region.csv, Nuova Zelanda - Denominazioni varie,2,other,,nuova zelanda denominazioni varie,unresolved_requires_review,0,,,,,,No unique legally curated target found.
dim_region.csv,'98 The Factor,2,other,,98 the factor,unresolved_requires_review,0,,,,,,No unique legally curated target found.
dim_region.csv,(Made in co-operation with Mildara Blass),2,other,,made in co operation with mildara blass,unresolved_requires_review,0,,,,,,No unique legally curated target found.
dim_region.csv,07,2,other,,07,unresolved_requires_review,0,,,,,,No unique legally curated target found.
dim_region.csv,2 Glass Boxed SET,2,other,,2 glass boxed set,unresolved_requires_review,0,,,,,,No unique legally curated target found.
dim_region.csv,2005,2,other,,2005,unresolved_requires_review,0,,,,,,No unique legally curated target found.
dim_region.csv,2007 & 2008,2,other,,2007 and 2008,unresolved_requires_review,0,,,,,,No unique legally curated target found.
dim_region.csv,2008 and 2018 Shiraz,2,other,,2008 and 2018 shiraz,unresolved_requires_review,0,,,,,,No unique legally curated target found.
dim_region.csv,2018,2,other,,2018,unresolved_requires_review,0,,,,,,No unique legally curated target found.
dim_region.csv,40% ABV Iceland,2,other,,40 abv iceland,unresolved_requires_review,0,,,,,,No unique legally curated target found.
dim_region.csv,6 Times Distilled,2,other,,6 times distilled,unresolved_requires_review,0,,,,,,No unique legally curated target found.
dim_region.csv,A Buck Short Muscat,2,other,,a buck short muscat,unresolved_requires_review,0,,,,,,No unique legally curated target found.
dim_region.csv,Abruzzo / Montepulciano d'Abruzzo Colline Teramane,2,other,,abruzzo montepulciano d abruzzo colline teramane,curated_compound_to_specific,0.97,IT-ORI-MONTEPULCIANO-D-ABRUZZO,IT,Abruzzo,Montepulciano d'Abruzzo,appellation,Compound auction label contains a unique or hierarchically most specific curated target.
dim_region.csv,Adelaide Hills/Clare Valley,2,other,,adelaide hills clare valley,ambiguous_requires_context,0,,,,,,Compound auction label contains 3 distinct curated targets.
dim_region.csv,Alpes de Haute Provence,2,other,,alpes de haute provence,curated_compound_to_specific,0.97,FR-REG-PROVENCE,FR,Provence,,region,Compound auction label contains a unique or hierarchically most specific curated target.
dim_region.csv,Alto-Adige,2,other,,alto adige,normalized_exact,1,IT-ORI-ALTO-ADIGE,IT,Trentino-Alto Adige,Alto Adige,appellation,"Accent, punctuation, whitespace and legal suffixes normalized."
dim_region.csv,Amoureuses,2,other,,amoureuses,unresolved_requires_review,0,,,,,,No unique legally curated target found.
dim_region.csv,Angaston (Hermitage) Shiraz,2,other,,angaston hermitage shiraz,curated_compound_to_specific,0.97,FR-ORI-HERMITAGE,FR,Vallée du Rhône,Hermitage,appellation,Compound auction label contains a unique or hierarchically most specific curated target.
dim_region.csv,Applegate Valley,2,other,,applegate valley,unresolved_requires_review,0,,,,,,No unique legally curated target found.
dim_region.csv,Arkansas,2,other,,arkansas,unresolved_requires_review,0,,,,,,No unique legally curated target found.
dim_region.csv,Armagnac - Distillati,2,other,,armagnac distillati,excluded_non_wine_origin,1,,,,,,"Blend placeholder, unknown value, or spirits/non-wine geography outside this wine-origin reference."
dim_region.csv,Armenia,2,other,,armenia,unresolved_requires_review,0,,,,,,No unique legally curated target found.
dim_region.csv,Atlantida,2,other,,atlantida,unresolved_requires_review,0,,,,,,No unique legally curated target found.
dim_region.csv,Attika,2,other,,attika,unresolved_requires_review,0,,,,,,No unique legally curated target found.
dim_region.csv,BRUNELLO DI MONTALCINO 'RISERVA'  Riserva (use code MASTRIS),2,other,,brunello di montalcino riserva riserva use code mastris,curated_compound_to_specific,0.97,IT-ORI-BRUNELLO-DI-MONTALCINO,IT,Toscana,Brunello di Montalcino,appellation,Compound auction label contains a unique or hierarchically most specific curated target.
dim_region.csv,Barbera D'Alba,2,other,,barbera d alba,normalized_exact,1,IT-ORI-BARBERA-D-ALBA,IT,Piemonte,Barbera d'Alba,appellation,"Accent, punctuation, whitespace and legal suffixes normalized."
dim_region.csv,Barbera d'Alba Superiore,2,other,,barbera d alba superiore,curated_compound_to_specific,0.97,IT-ORI-BARBERA-D-ALBA,IT,Piemonte,Barbera d'Alba,appellation,Compound auction label contains a unique or hierarchically most specific curated target.
dim_region.csv,Barbera d'Asti Superiore,2,other,,barbera d asti superiore,curated_compound_to_specific,0.97,IT-ORI-BARBERA-D-ASTI,IT,Piemonte,Barbera d'Asti,appellation,Compound auction label contains a unique or hierarchically most specific curated target.
dim_region.csv,Basilicata IGT,2,other,,basilicata igt,normalized_alias,0.99,IT-ORI-BASILICATA,IT,Basilicata,Basilicata,appellation,Curated alias normalized to canonical value.
dim_region.csv,Basilicata Italy,2,other,,basilicata italy,curated_compound_to_specific,0.97,IT-ORI-BASILICATA,IT,Basilicata,Basilicata,appellation,Compound auction label contains a unique or hierarchically most specific curated target.
dim_region.csv,Bass Coast,2,other,,bass coast,unresolved_requires_review,0,,,,,,No unique legally curated target found.
dim_region.csv,Beaujolais-Villages Rouge,2,other,,beaujolais villages rouge,curated_compound_to_specific,0.97,FR-ORI-BEAUJOLAIS-VILLAGES,FR,Beaujolais,Beaujolais-Villages,appellation,Compound auction label contains a unique or hierarchically most specific curated target.
dim_region.csv,Beaune-Aigrots,2,other,,beaune aigrots,curated_compound_to_specific,0.97,FR-ORI-BEAUNE,FR,Bourgogne,Beaune,appellation,Compound auction label contains a unique or hierarchically most specific curated target.
dim_region.csv,Bendigo/Grampians,2,other,,bendigo grampians,ambiguous_requires_context,0,,,,,,Compound auction label contains 2 distinct curated targets.
dim_region.csv,Berrima,2,other,,berrima,unresolved_requires_review,0,,,,,,No unique legally curated target found.
dim_region.csv,Bicentenary Limoges Porcelain Book Decanter,2,other,,bicentenary limoges porcelain book decanter,unresolved_requires_review,0,,,,,,No unique legally curated target found.
dim_region.csv,Blaufrankisch - Kekfrankos,2,other,,blaufrankisch kekfrankos,unresolved_requires_review,0,,,,,,No unique legally curated target found.
dim_region.csv,Blue Mountains,2,other,,blue mountains,unresolved_requires_review,0,,,,,,No unique legally curated target found.
dim_region.csv,Bordeaux - Bordeaux,2,other,,bordeaux bordeaux,curated_compound_to_specific,0.97,FR-ORI-BORDEAUX,FR,Bordeaux,Bordeaux,appellation,Compound auction label contains a unique or hierarchically most specific curated target.
dim_region.csv,Bordeaux Blanc AOC,2,other,,bordeaux blanc aoc,curated_compound_to_specific,0.97,FR-ORI-BORDEAUX,FR,Bordeaux,Bordeaux,appellation,Compound auction label contains a unique or hierarchically most specific curated target.
dim_region.csv,Bordeaux et Entre-Deux-Mers-Haut-Benauge,2,other,,bordeaux et entre deux mers haut benauge,curated_compound_to_specific,0.97,FR-ORI-ENTRE-DEUX-MERS,FR,Bordeaux,Entre-deux-Mers,appellation,Compound auction label contains a unique or hierarchically most specific curated target.
dim_region.csv,Botrytis Semillon,2,other,,botrytis semillon,unresolved_requires_review,0,,,,,,No unique legally curated target found.
dim_region.csv,Bourgogne Hautes Cotes de Nuits,2,other,,bourgogne hautes cotes de nuits,normalized_exact,1,FR-ORI-BOURGOGNE-HAUTES-COTES-DE-NUITS,FR,Bourgogne,Bourgogne Hautes Côtes de Nuits,appellation,"Accent, punctuation, whitespace and legal suffixes normalized."
dim_region.csv,Bourgogne Rose-Clairet,2,other,,bourgogne rose clairet,curated_compound_to_specific,0.97,FR-ORI-BOURGOGNE,FR,Bourgogne,Bourgogne,appellation,Compound auction label contains a unique or hierarchically most specific curated target.
dim_region.csv,Brachetto d'Acqui,2,other,,brachetto d acqui,unresolved_requires_review,0,,,,,,No unique legally curated target found.
dim_region.csv,Braide Alte,2,other,,braide alte,unresolved_requires_review,0,,,,,,No unique legally curated target found.
dim_region.csv,Brut Sparkling,2,other,,brut sparkling,unresolved_requires_review,0,,,,,,No unique legally curated target found.
dim_region.csv,Bulgaria,2,other,,bulgaria,unresolved_requires_review,0,,,,,,No unique legally curated target found.
dim_region.csv,CACHAPOAL VALLEY,2,other,,cachapoal valley,unresolved_requires_review,0,,,,,,No unique legally curated target found.
dim_region.csv,Cadillac Cotes de Bordeaux,2,other,,cadillac cotes de bordeaux,ambiguous_requires_context,0,,,,,,Compound auction label contains 3 distinct curated targets.
dim_region.csv,Calaveras County,2,other,,calaveras county,unresolved_requires_review,0,,,,,,No unique legally curated target found.
dim_region.csv,California - Napa Valley,2,other,,california napa valley,ambiguous_requires_context,0,,,,,,Compound auction label contains 2 distinct curated targets.
dim_region.csv,California / Paso Robles,2,other,,california paso robles,ambiguous_requires_context,0,,,,,,Compound auction label contains 2 distinct curated targets.
dim_region.csv,Calvados AOC,2,other,,calvados aoc,unresolved_requires_review,0,,,,,,No unique legally curated target found.
dim_region.csv,Canada - Vini Dolci,2,other,,canada vini dolci,curated_compound_to_specific,0.97,CA-COUNTRY,CA,,,country,Compound auction label contains a unique or hierarchically most specific curated target.
dim_region.csv,Canberra,2,other,,canberra,unresolved_requires_review,0,,,,,,No unique legally curated target found.
dim_region.csv,Cassis,2,other,,cassis,normalized_exact,1,FR-ORI-CASSIS,FR,Provence,Cassis,appellation,"Accent, punctuation, whitespace and legal suffixes normalized."
dim_region.csv,Cataño,2,other,,catano,unresolved_requires_review,0,,,,,,No unique legally curated target found.
dim_region.csv,Caversham,2,other,,caversham,unresolved_requires_review,0,,,,,,No unique legally curated target found.
dim_region.csv,Central Victoria/Macedon Ranges,2,other,,central victoria macedon ranges,ambiguous_requires_context,0,,,,,,Compound auction label contains 3 distinct curated targets.
dim_region.csv,Cerasuolo di Vittoria,2,other,,cerasuolo di vittoria,normalized_exact,1,IT-ORI-CERASUOLO-DI-VITTORIA,IT,Sicilia,Cerasuolo di Vittoria,appellation,"Accent, punctuation, whitespace and legal suffixes normalized."
dim_region.csv,Charentais (IGP),2,other,,charentais igp,unresolved_requires_review,0,,,,,,No unique legally curated target found.
dim_region.csv,Chianti Colli Fiorentini DOCG,2,other,,chianti colli fiorentini docg,curated_compound_to_specific,0.97,IT-ORI-CHIANTI,IT,Toscana,Chianti,appellation,Compound auction label contains a unique or hierarchically most specific curated target.
dim_region.csv,Clare-Coonawarra-Barossa - South Australia,2,other,,clare coonawarra barossa south australia,ambiguous_requires_context,0,,,,,,Compound auction label contains 4 distinct curated targets.
dim_region.csv,Clarksburg AVA,2,other,,clarksburg ava,unresolved_requires_review,0,,,,,,No unique legally curated target found.
dim_region.csv,Cognac Grande Champagne,2,other,,cognac grande champagne,excluded_non_wine_origin,1,,,,,,"Blend placeholder, unknown value, or spirits/non-wine geography outside this wine-origin reference."
dim_region.csv,Colli Martani,2,other,,colli martani,unresolved_requires_review,0,,,,,,No unique legally curated target found.
dim_region.csv,Colli Tortonesi DOC Superiore,2,other,,colli tortonesi doc superiore,unresolved_requires_review,0,,,,,,No unique legally curated target found.
dim_region.csv,Colline Lucchesi & Montecarlo,2,other,,colline lucchesi and montecarlo,unresolved_requires_review,0,,,,,,No unique legally curated target found.
dim_region.csv,Colline Teatine IGT,2,other,,colline teatine igt,unresolved_requires_review,0,,,,,,No unique legally curated target found.
dim_region.csv,Cordon Argent Cognac,2,other,,cordon argent cognac,excluded_non_wine_origin,1,,,,,,"Blend placeholder, unknown value, or spirits/non-wine geography outside this wine-origin reference."
dim_region.csv,Cote de Bourg AOC,2,other,,cote de bourg aoc,suggested_review,0.929,FR-ORI-COTES-DE-BOURG,FR,Bordeaux,Côtes de Bourg,appellation,String-similarity suggestion only; not accepted as a confirmed mapping.
dim_region.csv,Cote de Castillon,2,other,,cote de castillon,unresolved_requires_review,0,,,,,,No unique legally curated target found.
dim_region.csv,Cote de Nuits,2,other,,cote de nuits,normalized_exact,1,FR-REG-COTE-DE-NUITS,FR,Côte de Nuits,,region,"Accent, punctuation, whitespace and legal suffixes normalized."
dim_region.csv,Coteaux D'Ancenis,2,other,,coteaux d ancenis,unresolved_requires_review,0,,,,,,No unique legally curated target found.
dim_region.csv,Coteaux du Loir,2,other,,coteaux du loir,unresolved_requires_review,0,,,,,,No unique legally curated target found.
dim_region.csv,Cotes De Saint-Mont,2,other,,cotes de saint mont,unresolved_requires_review,0,,,,,,No unique legally curated target found.
dim_region.csv,Cotes Du Marmandais,2,other,,cotes du marmandais,unresolved_requires_review,0,,,,,,No unique legally curated target found.
dim_region.csv,Cour-Cheverny,2,other,,cour cheverny,unresolved_requires_review,0,,,,,,No unique legally curated target found.
dim_region.csv,Crepy,2,other,,crepy,unresolved_requires_review,0,,,,,,No unique legally curated target found.
dim_region.csv,Crianza,2,other,,crianza,unresolved_requires_review,0,,,,,,No unique legally curated target found.
dim_region.csv,Curra Barbaresco,2,other,,curra barbaresco,curated_compound_to_specific,0.97,IT-ORI-BARBARESCO,IT,Piemonte,Barbaresco,appellation,Compound auction label contains a unique or hierarchically most specific curated target.
dim_region.csv,D O Arlanza,2,other,,d o arlanza,unresolved_requires_review,0,,,,,,No unique legally curated target found.
dim_region.csv,DOC,2,other,,doc,unresolved_requires_review,0,,,,,,No unique legally curated target found.
dim_region.csv,DOCG,2,other,,docg,unresolved_requires_review,0,,,,,,No unique legally curated target found.
dim_region.csv,Dafnes,2,other,,dafnes,unresolved_requires_review,0,,,,,,No unique legally curated target found.
dim_region.csv,Del Montello E Dei Colli Asolani,2,other,,del montello e dei colli asolani,unresolved_requires_review,0,,,,,,No unique legally curated target found.
dim_region.csv,Dijon,2,other,,dijon,unresolved_requires_review,0,,,,,,No unique legally curated target found.
dim_region.csv,Dolcetto di Dogliani DOCG,2,other,,dolcetto di dogliani docg,normalized_alias,0.99,IT-ORI-DOGLIANI,IT,Piemonte,Dogliani,appellation,Curated alias normalized to canonical value.
dim_region.csv,Donegal,2,other,,donegal,unresolved_requires_review,0,,,,,,No unique legally curated target found.
dim_region.csv,Douro D.O.C.,2,other,,douro d o c,curated_compound_to_specific,0.97,PT-ORI-DOURO,PT,Douro,Douro,appellation,Compound auction label contains a unique or hierarchically most specific curated target.
dim_region.csv,Drumborg-Tumbarumba,2,other,,drumborg tumbarumba,curated_compound_to_specific,0.97,AU-ORI-TUMBARUMBA,AU,New South Wales,Tumbarumba,appellation,Compound auction label contains a unique or hierarchically most specific curated target.
dim_region.csv,Dry Red Penedes,2,other,,dry red penedes,curated_compound_to_specific,0.97,ES-ORI-PENEDES,ES,Catalunya,Penedès,appellation,Compound auction label contains a unique or hierarchically most specific curated target.
dim_region.csv,Dry Vine Shiraz,2,other,,dry vine shiraz,unresolved_requires_review,0,,,,,,No unique legally curated target found.
dim_region.csv,Dão,2,other,,dao,normalized_exact,1,PT-ORI-DAO,PT,Dão,Dão,appellation,"Accent, punctuation, whitespace and legal suffixes normalized."
dim_region.csv,ELTVILLE Rauenthaler Wulfen Riesling-Spatlese,2,other,,eltville rauenthaler wulfen riesling spatlese,unresolved_requires_review,0,,,,,,No unique legally curated target found.
dim_region.csv,ELTVILLE Steinberger Riesling-Spatlese,2,other,,eltville steinberger riesling spatlese,unresolved_requires_review,0,,,,,,No unique legally curated target found.
dim_region.csv,East Coast Tasmania,2,other,,east coast tasmania,curated_compound_to_specific,0.97,AU-ORI-TASMANIA,AU,Tasmania,Tasmania,appellation,Compound auction label contains a unique or hierarchically most specific curated target.
dim_region.csv,Eden Valley 1978 - 1988 Collection,2,other,,eden valley 1978 1988 collection,curated_compound_to_specific,0.97,AU-ORI-EDEN-VALLEY,AU,South Australia,Eden Valley,appellation,Compound auction label contains a unique or hierarchically most specific curated target.
dim_region.csv,Eden Valley-Adelaide Hills,2,other,,eden valley adelaide hills,ambiguous_requires_context,0,,,,,,Compound auction label contains 3 distinct curated targets.
dim_region.csv,Edna Valley,2,other,,edna valley,unresolved_requires_review,0,,,,,,No unique legally curated target found.
dim_region.csv,Eger,2,other,,eger,unresolved_requires_review,0,,,,,,No unique legally curated target found.
dim_region.csv,Elqui Valley,2,other,,elqui valley,unresolved_requires_review,0,,,,,,No unique legally curated target found.
dim_region.csv,Epernay,2,other,,epernay,unresolved_requires_review,0,,,,,,No unique legally curated target found.
dim_region.csv,Etschtal/Valdadige,2,other,,etschtal valdadige,curated_compound_to_specific,0.97,IT-ORI-VALDADIGE,IT,Trentino-Alto Adige,Valdadige,appellation,Compound auction label contains a unique or hierarchically most specific curated target.
dim_region.csv,FLORIAN),2,other,,florian,unresolved_requires_review,0,,,,,,No unique legally curated target found.
dim_region.csv,FLORIAN) Roc de l'Abbaye,2,other,,florian roc de l abbaye,unresolved_requires_review,0,,,,,,No unique legally curated target found.
dim_region.csv,Fara,2,other,,fara,unresolved_requires_review,0,,,,,,No unique legally curated target found.
dim_region.csv,Fiano di Avellino,2,other,,fiano di avellino,normalized_exact,1,IT-ORI-FIANO-DI-AVELLINO,IT,Campania,Fiano di Avellino,appellation,"Accent, punctuation, whitespace and legal suffixes normalized."
dim_region.csv,Fino en Rama Jerez de la Frontera,2,other,,fino en rama jerez de la frontera,unresolved_requires_review,0,,,,,,No unique legally curated target found.
dim_region.csv,Flasch,2,other,,flasch,unresolved_requires_review,0,,,,,,No unique legally curated target found.
dim_region.csv,Flinders Island,2,other,,flinders island,unresolved_requires_review,0,,,,,,No unique legally curated target found.
dim_region.csv,Fossoy,2,other,,fossoy,unresolved_requires_review,0,,,,,,No unique legally curated target found.
dim_region.csv,Francia - Langhe,2,other,,francia langhe,curated_compound_to_specific,0.97,IT-ORI-LANGHE,IT,Piemonte,Langhe,appellation,Compound auction label contains a unique or hierarchically most specific curated target.
dim_region.csv,Francia - Margaux,2,other,,francia margaux,curated_compound_to_specific,0.97,FR-ORI-MARGAUX,FR,Bordeaux,Margaux,appellation,Compound auction label contains a unique or hierarchically most specific curated target.
dim_region.csv,Francia - Pineau des Charentes,2,other,,francia pineau des charentes,curated_compound_to_specific,0.97,FR-COUNTRY,FR,,,country,Compound auction label contains a unique or hierarchically most specific curated target.
dim_region.csv,Francia - Pouilly-Fumé,2,other,,francia pouilly fume,curated_compound_to_specific,0.97,FR-ORI-POUILLY-FUME,FR,Loire Valley,Pouilly-Fumé,appellation,Compound auction label contains a unique or hierarchically most specific curated target.
dim_region.csv,Freycinet Coast,2,other,,freycinet coast,unresolved_requires_review,0,,,,,,No unique legally curated target found.
dim_region.csv,GRAND BOURGEOIS EXCEPTIONAL Cabernet blend,2,other,,grand bourgeois exceptional cabernet blend,unresolved_requires_review,0,,,,,,No unique legally curated target found.
dim_region.csv,Georgia,2,other,,georgia,normalized_alias,0.99,GE-COUNTRY,GE,,,country,Curated alias normalized to canonical value.
dim_region.csv,Germania - Nahe,2,other,,germania nahe,unresolved_requires_review,0,,,,,,No unique legally curated target found.
dim_region.csv,Germania - Vini Dolci,2,other,,germania vini dolci,unresolved_requires_review,0,,,,,,No unique legally curated target found.
dim_region.csv,Gold Coast,2,other,,gold coast,unresolved_requires_review,0,,,,,,No unique legally curated target found.
dim_region.csv,Golding Vineyard/ Adelaide Hills,2,other,,golding vineyard adelaide hills,curated_compound_to_specific,0.97,AU-ORI-ADELAIDE-HILLS,AU,South Australia,Adelaide Hills,appellation,Compound auction label contains a unique or hierarchically most specific curated target.
dim_region.csv,Grappa,2,other,,grappa,unresolved_requires_review,0,,,,,,No unique legally curated target found.
dim_region.csv,Graves blanc,2,other,,graves blanc,curated_compound_to_specific,0.97,FR-ORI-GRAVES,FR,Bordeaux,Graves,appellation,Compound auction label contains a unique or hierarchically most specific curated target.
dim_region.csv,Grignolino d'Asti DOC,2,other,,grignolino d asti doc,unresolved_requires_review,0,,,,,,No unique legally curated target found.
dim_region.csv,Guyana,2,other,,guyana,unresolved_requires_review,0,,,,,,No unique legally curated target found.
dim_region.csv,Happy Valley,2,other,,happy valley,unresolved_requires_review,0,,,,,,No unique legally curated target found.
dim_region.csv,Haut Armagnac,2,other,,haut armagnac,excluded_non_wine_origin,1,,,,,,"Blend placeholder, unknown value, or spirits/non-wine geography outside this wine-origin reference."
dim_region.csv,Herault,2,other,,herault,normalized_exact,1,FR-ORI-HERAULT,FR,Languedoc-Roussillon,Hérault,appellation,"Accent, punctuation, whitespace and legal suffixes normalized."
dim_region.csv,Highland Single Malt Whisky,2,other,,highland single malt whisky,excluded_non_wine_origin,1,,,,,,"Blend placeholder, unknown value, or spirits/non-wine geography outside this wine-origin reference."
dim_region.csv,Horse Heaven Hills Columbia Valley Washington,2,other,,horse heaven hills columbia valley washington,ambiguous_requires_context,0,,,,,,Compound auction label contains 2 distinct curated targets.
dim_region.csv,Hunter River-Clare Valley,2,other,,hunter river clare valley,ambiguous_requires_context,0,,,,,,Compound auction label contains 2 distinct curated targets.
dim_region.csv,Hunter Valley-McLaren Vale-Mudgee,2,other,,hunter valley mclaren vale mudgee,ambiguous_requires_context,0,,,,,,Compound auction label contains 3 distinct curated targets.
dim_region.csv,ISLAY 12 Year Old Single Malt 43% ABV,2,other,,islay 12 year old single malt 43 abv,unresolved_requires_review,0,,,,,,No unique legally curated target found.
dim_region.csv,ISLAY Black Bowmore Distilled 1964 Malt,2,other,,islay black bowmore distilled 1964 malt,unresolved_requires_review,0,,,,,,No unique legally curated target found.
dim_region.csv,ISLAY Single Malt,2,other,,islay single malt,unresolved_requires_review,0,,,,,,No unique legally curated target found.
dim_region.csv,Intense,2,other,,intense,unresolved_requires_review,0,,,,,,No unique legally curated target found.
dim_region.csv,Isle of Arran,2,other,,isle of arran,unresolved_requires_review,0,,,,,,No unique legally curated target found.
dim_region.csv,Isle of Skye,2,other,,isle of skye,unresolved_requires_review,0,,,,,,No unique legally curated target found.
dim_region.csv,Isonzo DOC,2,other,,isonzo doc,unresolved_requires_review,0,,,,,,No unique legally curated target found.
dim_region.csv,Jaspers Brush NSW,2,other,,jaspers brush nsw,unresolved_requires_review,0,,,,,,No unique legally curated target found.
dim_region.csv,Jura / Côtes du Jura,2,other,,jura cotes du jura,curated_compound_to_specific,0.97,FR-ORI-COTES-DU-JURA,FR,Jura,Côtes du Jura,appellation,Compound auction label contains a unique or hierarchically most specific curated target.
dim_region.csv,Kaiserstuhl,2,other,,kaiserstuhl,unresolved_requires_review,0,,,,,,No unique legally curated target found.
dim_region.csv,Katzenthal/Ammerschwihr,2,other,,katzenthal ammerschwihr,unresolved_requires_review,0,,,,,,No unique legally curated target found.
dim_region.csv,Kiraly,2,other,,kiraly,unresolved_requires_review,0,,,,,,No unique legally curated target found.
dim_region.csv,Kowalski Vineyard Shiraz,2,other,,kowalski vineyard shiraz,unresolved_requires_review,0,,,,,,No unique legally curated target found.
dim_region.csv,Kriti,2,other,,kriti,unresolved_requires_review,0,,,,,,No unique legally curated target found.
dim_region.csv,L'Etoile,2,other,,l etoile,unresolved_requires_review,0,,,,,,No unique legally curated target found.
dim_region.csv,LTD Mars Maltage Cosmo Blended Malt Whisky 43% ABV Japan,2,other,,ltd mars maltage cosmo blended malt whisky 43 abv japan,excluded_non_wine_origin,1,,,,,,"Blend placeholder, unknown value, or spirits/non-wine geography outside this wine-origin reference."
dim_region.csv,La Martinique,2,other,,la martinique,unresolved_requires_review,0,,,,,,No unique legally curated target found.
dim_region.csv,Lambrusco dell'Emilia,2,other,,lambrusco dell emilia,unresolved_requires_review,0,,,,,,No unique legally curated target found.
dim_region.csv,Langhorne Creek-Barossa Valley,2,other,,langhorne creek barossa valley,ambiguous_requires_context,0,,,,,,Compound auction label contains 3 distinct curated targets.
dim_region.csv,Languedoc,2,other,,languedoc,normalized_exact,1,FR-ORI-LANGUEDOC,FR,Languedoc-Roussillon,Languedoc,appellation,"Accent, punctuation, whitespace and legal suffixes normalized."
dim_region.csv,Languedoc-Roussillon - Provence,2,other,,languedoc roussillon provence,curated_compound_to_specific,0.97,FR-ORI-LANGUEDOC,FR,Languedoc-Roussillon,Languedoc,appellation,Compound auction label contains a unique or hierarchically most specific curated target.
dim_region.csv,Lemnos,2,other,,lemnos,unresolved_requires_review,0,,,,,,No unique legally curated target found.
dim_region.csv,Les Coulmets,2,other,,les coulmets,unresolved_requires_review,0,,,,,,No unique legally curated target found.
dim_region.csv,Les Didiers St. Georges cuvee Cabet,2,other,,les didiers saint georges cuvee cabet,unresolved_requires_review,0,,,,,,No unique legally curated target found.
dim_region.csv,Les Elotins,2,other,,les elotins,unresolved_requires_review,0,,,,,,No unique legally curated target found.
dim_region.csv,Les Matines Rouge,2,other,,les matines rouge,unresolved_requires_review,0,,,,,,No unique legally curated target found.
dim_region.csv,Les Petits Cailloux,2,other,,les petits cailloux,unresolved_requires_review,0,,,,,,No unique legally curated target found.
dim_region.csv,Les Vireuils,2,other,,les vireuils,unresolved_requires_review,0,,,,,,No unique legally curated target found.
dim_region.csv,Lessona,2,other,,lessona,unresolved_requires_review,0,,,,,,No unique legally curated target found.
dim_region.csv,Liebfraumilch,2,other,,liebfraumilch,unresolved_requires_review,0,,,,,,No unique legally curated target found.
dim_region.csv,Lodi,2,other,,lodi,unresolved_requires_review,0,,,,,,No unique legally curated target found.
dim_region.csv,Loire / Sancerre,2,other,,loire sancerre,curated_compound_to_specific,0.97,FR-ORI-SANCERRE,FR,Loire Valley,Sancerre,appellation,Compound auction label contains a unique or hierarchically most specific curated target.
dim_region.csv,Loire Valley,2,other,,loire valley,normalized_exact,1,FR-REG-LOIRE-VALLEY,FR,Loire Valley,,region,"Accent, punctuation, whitespace and legal suffixes normalized."
dim_region.csv,Lombardy,2,other,,lombardy,unresolved_requires_review,0,,,,,,No unique legally curated target found.
dim_region.csv,Long Island,2,other,,long island,unresolved_requires_review,0,,,,,,No unique legally curated target found.
dim_region.csv,Lorch,2,other,,lorch,unresolved_requires_review,0,,,,,,No unique legally curated target found.
dim_region.csv,Mamertino di Milazzo Rosso,2,other,,mamertino di milazzo rosso,unresolved_requires_review,0,,,,,,No unique legally curated target found.
dim_region.csv,Margoa,2,other,,margoa,unresolved_requires_review,0,,,,,,No unique legally curated target found.
dim_region.csv,Martinborough 4 Pack,2,other,,martinborough 4 pack,curated_compound_to_specific,0.97,NZ-ORI-MARTINBOROUGH,NZ,Wairarapa,Martinborough,appellation,Compound auction label contains a unique or hierarchically most specific curated target.
dim_region.csv,Matra Foothills - Northern Massif,2,other,,matra foothills northern massif,unresolved_requires_review,0,,,,,,No unique legally curated target found.
dim_region.csv,McLaren Vale - Eden Valley,2,other,,mclaren vale eden valley,ambiguous_requires_context,0,,,,,,Compound auction label contains 2 distinct curated targets.
dim_region.csv,McLaren Vale-Barossa,2,other,,mclaren vale barossa,ambiguous_requires_context,0,,,,,,Compound auction label contains 2 distinct curated targets.
dim_region.csv,McLaren Vale/Coonawarra,2,other,,mclaren vale coonawarra,ambiguous_requires_context,0,,,,,,Compound auction label contains 2 distinct curated targets.
dim_region.csv,McLaren Vale/Hunter Valley,2,other,,mclaren vale hunter valley,ambiguous_requires_context,0,,,,,,Compound auction label contains 2 distinct curated targets.
dim_region.csv,Milan,2,other,,milan,unresolved_requires_review,0,,,,,,No unique legally curated target found.
dim_region.csv,Montefalco Sagrantino,2,other,,montefalco sagrantino,normalized_exact,1,IT-ORI-MONTEFALCO-SAGRANTINO,IT,Umbria,Montefalco Sagrantino,appellation,"Accent, punctuation, whitespace and legal suffixes normalized."
dim_region.csv,Montpeyroux,2,other,,montpeyroux,unresolved_requires_review,0,,,,,,No unique legally curated target found.
dim_region.csv,Mornington Peninsula/King Valley,2,other,,mornington peninsula king valley,ambiguous_requires_context,0,,,,,,Compound auction label contains 2 distinct curated targets.
dim_region.csv,Mount Everton,2,other,,mount everton,unresolved_requires_review,0,,,,,,No unique legally curated target found.
dim_region.csv,Nebbiolo dAlba,2,other,,nebbiolo dalba,suggested_review,0.933,IT-ORI-NEBBIOLO-D-ALBA,IT,Piemonte,Nebbiolo d'Alba,appellation,String-similarity suggestion only; not accepted as a confirmed mapping.
dim_region.csv,New South Wales / Hasting River,2,other,,new south wales hasting river,curated_compound_to_specific,0.97,AU-ORI-NEW-SOUTH-WALES,AU,New South Wales,New South Wales,appellation,Compound auction label contains a unique or hierarchically most specific curated target.
dim_region.csv,Nicaragua,2,other,,nicaragua,unresolved_requires_review,0,,,,,,No unique legally curated target found.
dim_region.csv,Nicaragua - Rum,2,other,,nicaragua rum,unresolved_requires_review,0,,,,,,No unique legally curated target found.
dim_region.csv,Ningxia,2,other,,ningxia,unresolved_requires_review,0,,,,,,No unique legally curated target found.
dim_region.csv,Northern Rhone,2,other,,northern rhone,curated_compound_to_specific,0.97,FR-REG-RHONE-VALLEY,FR,Rhône Valley,,region,Compound auction label contains a unique or hierarchically most specific curated target.
dim_region.csv,Obidos,2,other,,obidos,unresolved_requires_review,0,,,,,,No unique legally curated target found.
dim_region.csv,Okanagan Falls,2,other,,okanagan falls,unresolved_requires_review,0,,,,,,No unique legally curated target found.
dim_region.csv,Orange - Coonawarra,2,other,,orange coonawarra,ambiguous_requires_context,0,,,,,,Compound auction label contains 2 distinct curated targets.
dim_region.csv,Orange-Mudgee,2,other,,orange mudgee,ambiguous_requires_context,0,,,,,,Compound auction label contains 2 distinct curated targets.
dim_region.csv,Orange-Nowra,2,other,,orange nowra,curated_compound_to_specific,0.97,AU-ORI-ORANGE,AU,New South Wales,Orange,appellation,Compound auction label contains a unique or hierarchically most specific curated target.
dim_region.csv,Orvieto DOC,2,other,,orvieto doc,unresolved_requires_review,0,,,,,,No unique legally curated target found.
dim_region.csv,Osterreich Neusiedlersee,2,other,,osterreich neusiedlersee,curated_compound_to_specific,0.97,AT-ORI-NEUSIEDLERSEE,AT,Burgenland,Neusiedlersee,appellation,Compound auction label contains a unique or hierarchically most specific curated target.
dim_region.csv,PIEMONTE,2,other,,piemonte,normalized_exact,1,IT-ORI-PIEMONTE,IT,Piemonte,Piemonte,appellation,"Accent, punctuation, whitespace and legal suffixes normalized."
dim_region.csv,Padthaway - South Australia,2,other,,padthaway south australia,curated_compound_to_specific,0.97,AU-ORI-PADTHAWAY,AU,South Australia,Padthaway,appellation,Compound auction label contains a unique or hierarchically most specific curated target.
dim_region.csv,Patrick Ducournau,2,other,,patrick ducournau,unresolved_requires_review,0,,,,,,No unique legally curated target found.
dim_region.csv,Pavillon de Leoville Poyferre(second wine of Leoville Poyferre),2,other,,pavillon de leoville poyferre second wine of leoville poyferre,unresolved_requires_review,0,,,,,,No unique legally curated target found.
dim_region.csv,Piccadilly Valley-Adelaide Hills,2,other,,piccadilly valley adelaide hills,ambiguous_requires_context,0,,,,,,Compound auction label contains 3 distinct curated targets.
dim_region.csv,Piglio,2,other,,piglio,unresolved_requires_review,0,,,,,,No unique legally curated target found.
dim_region.csv,Polonia - Vodka,2,other,,polonia vodka,unresolved_requires_review,0,,,,,,No unique legally curated target found.
dim_region.csv,Pomerol - Bordeaux,2,other,,pomerol bordeaux,curated_compound_to_specific,0.97,FR-ORI-POMEROL,FR,Bordeaux,Pomerol,appellation,Compound auction label contains a unique or hierarchically most specific curated target.
dim_region.csv,Pomino,2,other,,pomino,unresolved_requires_review,0,,,,,,No unique legally curated target found.
dim_region.csv,Ponui Island,2,other,,ponui island,unresolved_requires_review,0,,,,,,No unique legally curated target found.
dim_region.csv,Portogallo - Spagna,2,other,,portogallo spagna,unresolved_requires_review,0,,,,,,No unique legally curated target found.
dim_region.csv,Provence / Coteaux de Pierrevert,2,other,,provence coteaux de pierrevert,curated_compound_to_specific,0.97,FR-REG-PROVENCE,FR,Provence,,region,Compound auction label contains a unique or hierarchically most specific curated target.
dim_region.csv,Puerto Rican Rum,2,other,,puerto rican rum,unresolved_requires_review,0,,,,,,No unique legally curated target found.
dim_region.csv,Puerto Rico - Rum,2,other,,puerto rico rum,unresolved_requires_review,0,,,,,,No unique legally curated target found.
dim_region.csv,QLD,2,other,,qld,unresolved_requires_review,0,,,,,,No unique legally curated target found.
dim_region.csv,Recioto di Soave DOCG,2,other,,recioto di soave docg,curated_compound_to_specific,0.97,IT-ORI-SOAVE,IT,Veneto,Soave,appellation,Compound auction label contains a unique or hierarchically most specific curated target.
dim_region.csv,Reggiano DOC,2,other,,reggiano doc,unresolved_requires_review,0,,,,,,No unique legally curated target found.
dim_region.csv,Rhône / Côtes du Ventoux,2,other,,rhone cotes du ventoux,ambiguous_requires_context,0,,,,,,Compound auction label contains 2 distinct curated targets.
dim_region.csv,Rhône / Lirac,2,other,,rhone lirac,ambiguous_requires_context,0,,,,,,Compound auction label contains 2 distinct curated targets.
dim_region.csv,Riesling Beerenauslese,2,other,,riesling beerenauslese,unresolved_requires_review,0,,,,,,No unique legally curated target found.
dim_region.csv,Riesling-Auslese,2,other,,riesling auslese,unresolved_requires_review,0,,,,,,No unique legally curated target found.
dim_region.csv,Rosso Terre Aquilane IGT,2,other,,rosso terre aquilane igt,unresolved_requires_review,0,,,,,,No unique legally curated target found.
dim_region.csv,Rosso Veneto IGT,2,other,,rosso veneto igt,curated_compound_to_specific,0.97,IT-ORI-VENETO,IT,Veneto,Veneto,appellation,Compound auction label contains a unique or hierarchically most specific curated target.
dim_region.csv,Russia - Distillati,2,other,,russia distillati,unresolved_requires_review,0,,,,,,No unique legally curated target found.
dim_region.csv,Rutherglen-Mclaren Vale,2,other,,rutherglen mclaren vale,ambiguous_requires_context,0,,,,,,Compound auction label contains 2 distinct curated targets.
dim_region.csv,SIERRA CANTABRIA,2,other,,sierra cantabria,unresolved_requires_review,0,,,,,,No unique legally curated target found.
dim_region.csv,Sagrantino di Montefalco,2,other,,sagrantino di montefalco,normalized_alias,0.99,IT-ORI-MONTEFALCO-SAGRANTINO,IT,Umbria,Montefalco Sagrantino,appellation,Curated alias normalized to canonical value.
dim_region.csv,Saint-Guilhem-le-Desert IGP,2,other,,saint guilhem le desert igp,unresolved_requires_review,0,,,,,,No unique legally curated target found.
dim_region.csv,Sainte-Croix-du-Mont,2,other,,sainte croix du mont,unresolved_requires_review,0,,,,,,No unique legally curated target found.
dim_region.csv,Salina,2,other,,salina,unresolved_requires_review,0,,,,,,No unique legally curated target found.
dim_region.csv,Salzburg,2,other,,salzburg,unresolved_requires_review,0,,,,,,No unique legally curated target found.
dim_region.csv,San Francisco,2,other,,san francisco,unresolved_requires_review,0,,,,,,No unique legally curated target found.
dim_region.csv,San Pedro de Macorís,2,other,,san pedro de macoris,unresolved_requires_review,0,,,,,,No unique legally curated target found.
dim_region.csv,Santa Lucia Highlands,2,other,,santa lucia highlands,unresolved_requires_review,0,,,,,,No unique legally curated target found.
dim_region.csv,Santa Rosa CA,2,other,,santa rosa ca,unresolved_requires_review,0,,,,,,No unique legally curated target found.
dim_region.csv,Santenay Vieilles Vignes,2,other,,santenay vieilles vignes,curated_compound_to_specific,0.97,FR-ORI-SANTENAY,FR,Bourgogne,Santenay,appellation,Compound auction label contains a unique or hierarchically most specific curated target.
dim_region.csv,"Sardegna, Sicilia  - Isola dei Nuraghi",2,other,,sardegna sicilia isola dei nuraghi,ambiguous_requires_context,0,,,,,,Compound auction label contains 2 distinct curated targets.
dim_region.csv,Saumur (Blanc),2,other,,saumur blanc,curated_compound_to_specific,0.97,FR-ORI-SAUMUR,FR,Loire Valley,Saumur,appellation,Compound auction label contains a unique or hierarchically most specific curated target.
dim_region.csv,Scotch Whisky,2,other,,scotch whisky,excluded_non_wine_origin,1,,,,,,"Blend placeholder, unknown value, or spirits/non-wine geography outside this wine-origin reference."
dim_region.csv,Setubal DOC,2,other,,setubal doc,unresolved_requires_review,0,,,,,,No unique legally curated target found.
dim_region.csv,Sicilia  - Denominazioni varie,2,other,,sicilia denominazioni varie,curated_compound_to_specific,0.97,IT-ORI-SICILIA,IT,Sicilia,Sicilia,appellation,Compound auction label contains a unique or hierarchically most specific curated target.
dim_region.csv,Single Malt Sctoch Whisky Islay,2,other,,single malt sctoch whisky islay,excluded_non_wine_origin,1,,,,,,"Blend placeholder, unknown value, or spirits/non-wine geography outside this wine-origin reference."
dim_region.csv,Single Malt Whisky Highland,2,other,,single malt whisky highland,excluded_non_wine_origin,1,,,,,,"Blend placeholder, unknown value, or spirits/non-wine geography outside this wine-origin reference."
dim_region.csv,Sitia,2,other,,sitia,unresolved_requires_review,0,,,,,,No unique legally curated target found.
dim_region.csv,South Australia / Adelaide Plains,2,other,,south australia adelaide plains,curated_compound_to_specific,0.97,AU-ORI-ADELAIDE-PLAINS,AU,South Australia,Adelaide Plains,appellation,Compound auction label contains a unique or hierarchically most specific curated target.
dim_region.csv,Spagna - Cognac,2,other,,spagna cognac,excluded_non_wine_origin,1,,,,,,"Blend placeholder, unknown value, or spirits/non-wine geography outside this wine-origin reference."
dim_region.csv,Spagna - Denominazioni varie,2,other,,spagna denominazioni varie,unresolved_requires_review,0,,,,,,No unique legally curated target found.
dim_region.csv,Special Burgundy,2,other,,special burgundy,curated_compound_to_specific,0.97,FR-ORI-BOURGOGNE,FR,Bourgogne,Bourgogne,appellation,Compound auction label contains a unique or hierarchically most specific curated target.
dim_region.csv,St-Joseph Rouge,2,other,,saint joseph rouge,curated_compound_to_specific,0.97,FR-ORI-SAINT-JOSEPH,FR,Vallée du Rhône,Saint-Joseph,appellation,Compound auction label contains a unique or hierarchically most specific curated target.
dim_region.csv,Stewart Island,2,other,,stewart island,unresolved_requires_review,0,,,,,,No unique legally curated target found.
dim_region.csv,Sudburgenland,2,other,,sudburgenland,unresolved_requires_review,0,,,,,,No unique legally curated target found.
dim_region.csv,Sudtirol - Alto-Adige,2,other,,sudtirol alto adige,curated_compound_to_specific,0.97,IT-ORI-ALTO-ADIGE,IT,Trentino-Alto Adige,Alto Adige,appellation,Compound auction label contains a unique or hierarchically most specific curated target.
dim_region.csv,Sunshine Coast,2,other,,sunshine coast,unresolved_requires_review,0,,,,,,No unique legally curated target found.
dim_region.csv,Sydney NSW,2,other,,sydney nsw,curated_compound_to_specific,0.97,AU-REG-SYDNEY,AU,Sydney,,region,Compound auction label contains a unique or hierarchically most specific curated target.
dim_region.csv,Szekszardi,2,other,,szekszardi,unresolved_requires_review,0,,,,,,No unique legally curated target found.
dim_region.csv,TAS,2,other,,tas,unresolved_requires_review,0,,,,,,No unique legally curated target found.
dim_region.csv,Talca,2,other,,talca,unresolved_requires_review,0,,,,,,No unique legally curated target found.
dim_region.csv,Tasmania-East Coast,2,other,,tasmania east coast,curated_compound_to_specific,0.97,AU-ORI-TASMANIA,AU,Tasmania,Tasmania,appellation,Compound auction label contains a unique or hierarchically most specific curated target.
dim_region.csv,Thailand,2,other,,thailand,unresolved_requires_review,0,,,,,,No unique legally curated target found.
dim_region.csv,Tokaji Esszencia,2,other,,tokaji esszencia,unresolved_requires_review,0,,,,,,No unique legally curated target found.
dim_region.csv,Toscana  - Maremma,2,other,,toscana maremma,curated_compound_to_specific,0.97,IT-ORI-TOSCANA,IT,Toscana,Toscana,appellation,Compound auction label contains a unique or hierarchically most specific curated target.
dim_region.csv,"Toscana , Sicilia , Francia",2,other,,toscana sicilia francia,ambiguous_requires_context,0,,,,,,Compound auction label contains 3 distinct curated targets.
dim_region.csv,Transdanubia,2,other,,transdanubia,unresolved_requires_review,0,,,,,,No unique legally curated target found.
dim_region.csv,USA - Denominazioni varie,2,other,,usa denominazioni varie,unresolved_requires_review,0,,,,,,No unique legally curated target found.
dim_region.csv,Upper Goulburn Valley,2,other,,upper goulburn valley,ambiguous_requires_context,0,,,,,,Compound auction label contains 2 distinct curated targets.
dim_region.csv,VT Cadiz,2,other,,vt cadiz,unresolved_requires_review,0,,,,,,No unique legally curated target found.
dim_region.csv,Val Di Neto IGT,2,other,,val di neto igt,unresolved_requires_review,0,,,,,,No unique legally curated target found.
dim_region.csv,Valais,2,other,,valais,normalized_exact,1,CH-ORI-VALAIS,CH,Valais,Valais,appellation,"Accent, punctuation, whitespace and legal suffixes normalized."
dim_region.csv,Valladolid,2,other,,valladolid,unresolved_requires_review,0,,,,,,No unique legally curated target found.
dim_region.csv,Valle Central / Valle de Curicó,2,other,,valle central valle de curico,unresolved_requires_review,0,,,,,,No unique legally curated target found.
dim_region.csv,Valle de Famatina,2,other,,valle de famatina,unresolved_requires_review,0,,,,,,No unique legally curated target found.
dim_region.csv,Valle de Yerri,2,other,,valle de yerri,unresolved_requires_review,0,,,,,,No unique legally curated target found.
dim_region.csv,Valli di Porto Pino IGT,2,other,,valli di porto pino igt,curated_compound_to_specific,0.97,PT-ORI-PORTO,PT,Porto,Porto,appellation,Compound auction label contains a unique or hierarchically most specific curated target.
dim_region.csv,Valpolicella - Valpolicella,2,other,,valpolicella valpolicella,curated_compound_to_specific,0.97,IT-ORI-VALPOLICELLA,IT,Veneto,Valpolicella,appellation,Compound auction label contains a unique or hierarchically most specific curated target.
dim_region.csv,Vayots Dzor,2,other,,vayots dzor,unresolved_requires_review,0,,,,,,No unique legally curated target found.
dim_region.csv,Venus de Pinchinat Rose,2,other,,venus de pinchinat rose,unresolved_requires_review,0,,,,,,No unique legally curated target found.
dim_region.csv,Verdicchio Classico,2,other,,verdicchio classico,unresolved_requires_review,0,,,,,,No unique legally curated target found.
dim_region.csv,Very Old Circa 1960s Bottling,2,other,,very old circa 1960s bottling,unresolved_requires_review,0,,,,,,No unique legally curated target found.
dim_region.csv,Very Old Circa 1980s Bottling,2,other,,very old circa 1980s bottling,unresolved_requires_review,0,,,,,,No unique legally curated target found.
dim_region.csv,Vietnam,2,other,,vietnam,unresolved_requires_review,0,,,,,,No unique legally curated target found.
dim_region.csv,Vin De Pays Du Lot,2,other,,vin de pays du lot,unresolved_requires_review,0,,,,,,No unique legally curated target found.
dim_region.csv,Vin De Savoie,2,other,,vin de savoie,curated_compound_to_specific,0.97,FR-ORI-SAVOIE,FR,Savoie,Savoie,appellation,Compound auction label contains a unique or hierarchically most specific curated target.
dim_region.csv,Vin Sec,2,other,,vin sec,unresolved_requires_review,0,,,,,,No unique legally curated target found.
dim_region.csv,Vin de Pays d'Oc Herault,2,other,,vin de pays d oc herault,ambiguous_requires_context,0,,,,,,Compound auction label contains 2 distinct curated targets.
dim_region.csv,Vin de Pays des Collines Rhodanienn,2,other,,vin de pays des collines rhodanienn,unresolved_requires_review,0,,,,,,No unique legally curated target found.
dim_region.csv,Vinos de Madrid,2,other,,vinos de madrid,unresolved_requires_review,0,,,,,,No unique legally curated target found.
dim_region.csv,Vintage Sherry,2,other,,vintage sherry,unresolved_requires_review,0,,,,,,No unique legally curated target found.
dim_region.csv,Vita Aeterna 2018,2,other,,vita aeterna 2018,unresolved_requires_review,0,,,,,,No unique legally curated target found.
dim_region.csv,Vittoria DOC,2,other,,vittoria doc,unresolved_requires_review,0,,,,,,No unique legally curated target found.
dim_region.csv,Vodka,2,other,,vodka,unresolved_requires_review,0,,,,,,No unique legally curated target found.
dim_region.csv,Volnay-Mitans,2,other,,volnay mitans,curated_compound_to_specific,0.97,FR-ORI-VOLNAY,FR,Bourgogne,Volnay,appellation,Compound auction label contains a unique or hierarchically most specific curated target.
dim_region.csv,W. A.,2,other,,w a,unresolved_requires_review,0,,,,,,No unique legally curated target found.
dim_region.csv,Wade Ceramic Decanter,2,other,,wade ceramic decanter,unresolved_requires_review,0,,,,,,No unique legally curated target found.
dim_region.csv,Wagram,2,other,,wagram,normalized_exact,1,AT-ORI-WAGRAM,AT,Niederösterreich,Wagram,appellation,"Accent, punctuation, whitespace and legal suffixes normalized."
dim_region.csv,Waipara Valley,2,other,,waipara valley,normalized_exact,1,NZ-ORI-WAIPARA-VALLEY,NZ,Canterbury,Waipara Valley,appellation,"Accent, punctuation, whitespace and legal suffixes normalized."
dim_region.csv,Wales,2,other,,wales,unresolved_requires_review,0,,,,,,No unique legally curated target found.
dim_region.csv,Wallis / Sierre,2,other,,wallis sierre,curated_compound_to_specific,0.97,CH-ORI-VALAIS,CH,Valais,Valais,appellation,Compound auction label contains a unique or hierarchically most specific curated target.
dim_region.csv,Watervale Clare Valley,2,other,,watervale clare valley,curated_compound_to_specific,0.97,AU-ORI-CLARE-VALLEY,AU,South Australia,Clare Valley,appellation,Compound auction label contains a unique or hierarchically most specific curated target.
dim_region.csv,Weinland  Austria,2,other,,weinland austria,curated_compound_to_specific,0.97,AT-COUNTRY,AT,,,country,Compound auction label contains a unique or hierarchically most specific curated target.
dim_region.csv,Weinviertel,2,other,,weinviertel,normalized_exact,1,AT-ORI-WEINVIERTEL,AT,Niederösterreich,Weinviertel,appellation,"Accent, punctuation, whitespace and legal suffixes normalized."
dim_region.csv,West Auckland,2,other,,west auckland,curated_compound_to_specific,0.97,NZ-ORI-AUCKLAND,NZ,Auckland,Auckland,appellation,Compound auction label contains a unique or hierarchically most specific curated target.
dim_region.csv,Whiskey Canada,2,other,,whiskey canada,excluded_non_wine_origin,1,,,,,,"Blend placeholder, unknown value, or spirits/non-wine geography outside this wine-origin reference."
dim_region.csv,White,2,other,,white,unresolved_requires_review,0,,,,,,No unique legally curated target found.
dim_region.csv,Wien,2,other,,wien,normalized_exact,1,AT-ORI-WIEN,AT,Wien,Wien,appellation,"Accent, punctuation, whitespace and legal suffixes normalized."
dim_region.csv,Wonnegau,2,other,,wonnegau,unresolved_requires_review,0,,,,,,No unique legally curated target found.
dim_region.csv,Yakima Valley,2,other,,yakima valley,normalized_exact,1,US-REG-YAKIMA-VALLEY,US,Yakima Valley,,region,"Accent, punctuation, whitespace and legal suffixes normalized."
dim_region.csv,Yarra Valley-Heathcote,2,other,,yarra valley heathcote,ambiguous_requires_context,0,,,,,,Compound auction label contains 2 distinct curated targets.
dim_region.csv,Yarra Valley-Tasmania,2,other,,yarra valley tasmania,ambiguous_requires_context,0,,,,,,Compound auction label contains 2 distinct curated targets.
dim_region.csv,Yorke Peninsula,2,other,,yorke peninsula,unresolved_requires_review,0,,,,,,No unique legally curated target found.
dim_region.csv,burgundy coloured cellar rack,2,other,,burgundy coloured cellar rack,curated_compound_to_specific,0.97,FR-ORI-BOURGOGNE,FR,Bourgogne,Bourgogne,appellation,Compound auction label contains a unique or hierarchically most specific curated target.
dim_region.csv,with a day of behind the scenes tastings and tours,2,other,,with a day of behind the scenes tastings and tours,unresolved_requires_review,0,,,,,,No unique legally curated target found.
dim_region.csv, Israele - Toscana,1,other,,israele toscana,curated_compound_to_specific,0.97,IT-ORI-TOSCANA,IT,Toscana,Toscana,appellation,Compound auction label contains a unique or hierarchically most specific curated target.
dim_region.csv, Italia - Bordeaux,1,other,,italia bordeaux,curated_compound_to_specific,0.97,FR-ORI-BORDEAUX,FR,Bordeaux,Bordeaux,appellation,Compound auction label contains a unique or hierarchically most specific curated target.
dim_region.csv, Italia - Borgogna,1,other,,italia borgogna,curated_compound_to_specific,0.97,FR-ORI-BOURGOGNE,FR,Bourgogne,Bourgogne,appellation,Compound auction label contains a unique or hierarchically most specific curated target.
dim_region.csv, Italia - Cognac,1,other,,italia cognac,excluded_non_wine_origin,1,,,,,,"Blend placeholder, unknown value, or spirits/non-wine geography outside this wine-origin reference."
dim_region.csv, Italia - Falanghina,1,other,,italia falanghina,curated_compound_to_specific,0.97,IT-COUNTRY,IT,,,country,Compound auction label contains a unique or hierarchically most specific curated target.
dim_region.csv, Italia - Francia,1,other,,italia francia,ambiguous_requires_context,0,,,,,,Compound auction label contains 2 distinct curated targets.
dim_region.csv, Italia - Iesi,1,other,,italia iesi,curated_compound_to_specific,0.97,IT-COUNTRY,IT,,,country,Compound auction label contains a unique or hierarchically most specific curated target.
dim_region.csv, Italia - Lugana,1,other,,italia lugana,curated_compound_to_specific,0.97,IT-COUNTRY,IT,,,country,Compound auction label contains a unique or hierarchically most specific curated target.
dim_region.csv, Italia - Riesling,1,other,,italia riesling,curated_compound_to_specific,0.97,IT-COUNTRY,IT,,,country,Compound auction label contains a unique or hierarchically most specific curated target.
dim_region.csv, Italia - Roero,1,other,,italia roero,curated_compound_to_specific,0.97,IT-ORI-ROERO,IT,Piemonte,Roero,appellation,Compound auction label contains a unique or hierarchically most specific curated target.
dim_region.csv, Italia - Valle Isarco,1,other,,italia valle isarco,curated_compound_to_specific,0.97,IT-COUNTRY,IT,,,country,Compound auction label contains a unique or hierarchically most specific curated target.
dim_region.csv, Italia - Whisky,1,other,,italia whisky,excluded_non_wine_origin,1,,,,,,"Blend placeholder, unknown value, or spirits/non-wine geography outside this wine-origin reference."
dim_region.csv,000 Gift Voucher,1,other,,000 gift voucher,unresolved_requires_review,0,,,,,,No unique legally curated target found.
dim_region.csv,000 SCOVILLES NAGA CHILLI 40% ABV Vodka,1,other,,000 scovilles naga chilli 40 abv vodka,unresolved_requires_review,0,,,,,,No unique legally curated target found.
dim_region.csv,000 gift voucher to Sydney's Baubridge and Kay - A label synonymous with corporate style,1,other,,000 gift voucher to sydney s baubridge and kay a label synonymous with corporate style,curated_compound_to_specific,0.97,AU-REG-SYDNEY,AU,Sydney,,region,Compound auction label contains a unique or hierarchically most specific curated target.
dim_region.csv,09,1,other,,09,unresolved_requires_review,0,,,,,,No unique legally curated target found.
dim_region.csv,1 x Splash Label,1,other,,1 x splash label,unresolved_requires_review,0,,,,,,No unique legally curated target found.
dim_region.csv,10 Shelves x 190cm Holding 210 bottles,1,other,,10 shelves x 190cm holding 210 bottles,unresolved_requires_review,0,,,,,,No unique legally curated target found.
dim_region.csv,12 vintages 1989-2000 Shiraz,1,other,,12 vintages 1989 2000 shiraz,unresolved_requires_review,0,,,,,,No unique legally curated target found.
dim_region.csv,1907 - 1912,1,other,,1907 1912,unresolved_requires_review,0,,,,,,No unique legally curated target found.
dim_region.csv,"1963 & 1968"" Grande Champagne",1,other,,1963 and 1968 grande champagne,curated_compound_to_specific,0.97,FR-ORI-CHAMPAGNE,FR,Champagne,Champagne,appellation,Compound auction label contains a unique or hierarchically most specific curated target.
dim_region.csv,2 Bottle Set,1,other,,2 bottle set,unresolved_requires_review,0,,,,,,No unique legally curated target found.
dim_region.csv,2 Pax Shiraz,1,other,,2 pax shiraz,unresolved_requires_review,0,,,,,,No unique legally curated target found.
dim_region.csv,2 nights accommodation for 3 couples,1,other,,2 nights accommodation for 3 couples,unresolved_requires_review,0,,,,,,No unique legally curated target found.
dim_region.csv,2001 Tirage/2023 Disgorge Sparkling Black Shiraz and 2008 Rifle Range Cabernet Sauvignon,1,other,,2001 tirage 2023 disgorge sparkling black shiraz and 2008 rifle range cabernet sauvignon,unresolved_requires_review,0,,,,,,No unique legally curated target found.
dim_region.csv,2003,1,other,,2003,unresolved_requires_review,0,,,,,,No unique legally curated target found.
dim_region.csv,2008 & 2018 3 Bottle Set Signed by Stephen Henschke. Shiraz,1,other,,2008 and 2018 3 bottle set signed by stephen henschke shiraz,unresolved_requires_review,0,,,,,,No unique legally curated target found.
dim_region.csv,2009,1,other,,2009,unresolved_requires_review,0,,,,,,No unique legally curated target found.
dim_region.csv,2011,1,other,,2011,unresolved_requires_review,0,,,,,,No unique legally curated target found.
dim_region.csv,2011 & 2015 3-pack,1,other,,2011 and 2015 3 pack,unresolved_requires_review,0,,,,,,No unique legally curated target found.
dim_region.csv,2012 & 2016,1,other,,2012 and 2016,unresolved_requires_review,0,,,,,,No unique legally curated target found.
dim_region.csv,2012 -2017 Shiraz,1,other,,2012 2017 shiraz,unresolved_requires_review,0,,,,,,No unique legally curated target found.
dim_region.csv,2013-2018 Shiraz,1,other,,2013 2018 shiraz,unresolved_requires_review,0,,,,,,No unique legally curated target found.
dim_region.csv,2014,1,other,,2014,unresolved_requires_review,0,,,,,,No unique legally curated target found.
dim_region.csv,2015 Anubis Cabernet Sauvignon,1,other,,2015 anubis cabernet sauvignon,unresolved_requires_review,0,,,,,,No unique legally curated target found.
dim_region.csv,2015 Argos Shiraz,1,other,,2015 argos shiraz,unresolved_requires_review,0,,,,,,No unique legally curated target found.
dim_region.csv,2015 and 2016 Shiraz,1,other,,2015 and 2016 shiraz,unresolved_requires_review,0,,,,,,No unique legally curated target found.
dim_region.csv,2016 & 2017) 3-pack,1,other,,2016 and 2017 3 pack,unresolved_requires_review,0,,,,,,No unique legally curated target found.
dim_region.csv,2016 & 2018 Shiraz,1,other,,2016 and 2018 shiraz,unresolved_requires_review,0,,,,,,No unique legally curated target found.
dim_region.csv,2017 & 2018,1,other,,2017 and 2018,unresolved_requires_review,0,,,,,,No unique legally curated target found.
dim_region.csv,2017 - 2022 6 bottle collection Shiraz,1,other,,2017 2022 6 bottle collection shiraz,unresolved_requires_review,0,,,,,,No unique legally curated target found.
dim_region.csv,2017 Gaia and 2019 Polish Hill,1,other,,2017 gaia and 2019 polish hill,unresolved_requires_review,0,,,,,,No unique legally curated target found.
dim_region.csv,2018-2021 Vintages,1,other,,2018 2021 vintages,unresolved_requires_review,0,,,,,,No unique legally curated target found.
dim_region.csv,2019) Cabernet Merlot Shiraz,1,other,,2019 cabernet merlot shiraz,unresolved_requires_review,0,,,,,,No unique legally curated target found.
dim_region.csv,2020,1,other,,2020,unresolved_requires_review,0,,,,,,No unique legally curated target found.
dim_region.csv,2Bx2004,1,other,,2bx2004,unresolved_requires_review,0,,,,,,No unique legally curated target found.
dim_region.csv,3 course lunch or dinner with paired wines and a wine gift to take away,1,other,,3 course lunch or dinner with paired wines and a wine gift to take away,unresolved_requires_review,0,,,,,,No unique legally curated target found.
dim_region.csv,3 x 150ml Eifel Tower Limoges Porcelain bottle Set,1,other,,3 x 150ml eifel tower limoges porcelain bottle set,unresolved_requires_review,0,,,,,,No unique legally curated target found.
dim_region.csv,36 Bottle Set Grenache,1,other,,36 bottle set grenache,unresolved_requires_review,0,,,,,,No unique legally curated target found.
dim_region.csv,4 bottle Set,1,other,,4 bottle set,unresolved_requires_review,0,,,,,,No unique legally curated target found.
dim_region.csv,40%ABV,1,other,,40 abv,unresolved_requires_review,0,,,,,,No unique legally curated target found.
dim_region.csv,48 bottle set,1,other,,48 bottle set,unresolved_requires_review,0,,,,,,No unique legally curated target found.
dim_region.csv,5 units holding 6 bottles each,1,other,,5 units holding 6 bottles each,unresolved_requires_review,0,,,,,,No unique legally curated target found.
dim_region.csv,5% ABV Vodka,1,other,,5 abv vodka,unresolved_requires_review,0,,,,,,No unique legally curated target found.
dim_region.csv,6 bottle Set,1,other,,6 bottle set,unresolved_requires_review,0,,,,,,No unique legally curated target found.
dim_region.csv,6 bottle mixed 2010,1,other,,6 bottle mixed 2010,unresolved_requires_review,0,,,,,,No unique legally curated target found.
dim_region.csv,6 bottle vertical,1,other,,6 bottle vertical,unresolved_requires_review,0,,,,,,No unique legally curated target found.
dim_region.csv,60 bottle set Riesling,1,other,,60 bottle set riesling,unresolved_requires_review,0,,,,,,No unique legally curated target found.
dim_region.csv,95,1,other,,95,unresolved_requires_review,0,,,,,,No unique legally curated target found.
dim_region.csv,ABV 46% Single Malt Whisky,1,other,,abv 46 single malt whisky,excluded_non_wine_origin,1,,,,,,"Blend placeholder, unknown value, or spirits/non-wine geography outside this wine-origin reference."
dim_region.csv,APALTA,1,other,,apalta,unresolved_requires_review,0,,,,,,No unique legally curated target found.
dim_region.csv,Abruzzo - Bordeaux,1,other,,abruzzo bordeaux,ambiguous_requires_context,0,,,,,,Compound auction label contains 2 distinct curated targets.
dim_region.csv,Abruzzo - Cerasuolo,1,other,,abruzzo cerasuolo,curated_compound_to_specific,0.97,IT-ORI-ABRUZZO,IT,Abruzzo,Abruzzo,appellation,Compound auction label contains a unique or hierarchically most specific curated target.
dim_region.csv,Abruzzo - Chardonnay,1,other,,abruzzo chardonnay,curated_compound_to_specific,0.97,IT-ORI-ABRUZZO,IT,Abruzzo,Abruzzo,appellation,Compound auction label contains a unique or hierarchically most specific curated target.
dim_region.csv,Adelaide Hills-Fleurieu,1,other,,adelaide hills fleurieu,ambiguous_requires_context,0,,,,,,Compound auction label contains 3 distinct curated targets.
dim_region.csv,Adelaide Hills-McLaren Vale-Langhorne Creek,1,other,,adelaide hills mclaren vale langhorne creek,ambiguous_requires_context,0,,,,,,Compound auction label contains 4 distinct curated targets.
dim_region.csv,Adelaide Plains-Barossa Valley,1,other,,adelaide plains barossa valley,ambiguous_requires_context,0,,,,,,Compound auction label contains 4 distinct curated targets.
dim_region.csv,Adjara,1,other,,adjara,unresolved_requires_review,0,,,,,,No unique legally curated target found.
dim_region.csv,Agria,1,other,,agria,unresolved_requires_review,0,,,,,,No unique legally curated target found.
dim_region.csv,Albana Di Romagna DOCG,1,other,,albana di romagna docg,unresolved_requires_review,0,,,,,,No unique legally curated target found.
dim_region.csv,Albana di Romagna DOCG,1,other,,albana di romagna docg,unresolved_requires_review,0,,,,,,No unique legally curated target found.
dim_region.csv,Albarossa,1,other,,albarossa,unresolved_requires_review,0,,,,,,No unique legally curated target found.
dim_region.csv,Aldeburgh,1,other,,aldeburgh,unresolved_requires_review,0,,,,,,No unique legally curated target found.
dim_region.csv,Alenquer,1,other,,alenquer,unresolved_requires_review,0,,,,,,No unique legally curated target found.
dim_region.csv,Alexandra Central Otago,1,other,,alexandra central otago,curated_compound_to_specific,0.97,NZ-ORI-CENTRAL-OTAGO,NZ,Central Otago,Central Otago,appellation,Compound auction label contains a unique or hierarchically most specific curated target.
dim_region.csv,Alghero DOC,1,other,,alghero doc,unresolved_requires_review,0,,,,,,No unique legally curated target found.
dim_region.csv,Alto Adige / Tramin,1,other,,alto adige tramin,curated_compound_to_specific,0.97,IT-ORI-ALTO-ADIGE,IT,Trentino-Alto Adige,Alto Adige,appellation,Compound auction label contains a unique or hierarchically most specific curated target.
dim_region.csv,Amarone della Valpolicella DOCG Classico,1,other,,amarone della valpolicella docg classico,curated_compound_to_specific,0.97,IT-ORI-AMARONE-DELLA-VALPOLICELLA,IT,Veneto,Amarone della Valpolicella,appellation,Compound auction label contains a unique or hierarchically most specific curated target.
dim_region.csv,American Whisky,1,other,,american whisky,excluded_non_wine_origin,1,,,,,,"Blend placeholder, unknown value, or spirits/non-wine geography outside this wine-origin reference."
dim_region.csv,Amity Hills,1,other,,amity hills,unresolved_requires_review,0,,,,,,No unique legally curated target found.
dim_region.csv,Appenzell,1,other,,appenzell,unresolved_requires_review,0,,,,,,No unique legally curated target found.
dim_region.csv,Aquileia,1,other,,aquileia,unresolved_requires_review,0,,,,,,No unique legally curated target found.
dim_region.csv,Arbois Pupillin Blanc,1,other,,arbois pupillin blanc,curated_compound_to_specific,0.97,FR-ORI-ARBOIS,FR,Jura,Arbois,appellation,Compound auction label contains a unique or hierarchically most specific curated target.
dim_region.csv,Argan & Grapeseed Body and Hand Collection,1,other,,argan and grapeseed body and hand collection,unresolved_requires_review,0,,,,,,No unique legally curated target found.
dim_region.csv,Argentina - --- VINI---,1,other,,argentina vini,curated_compound_to_specific,0.97,AR-COUNTRY,AR,,,country,Compound auction label contains a unique or hierarchically most specific curated target.
dim_region.csv,Armagh book and cork screw. Tawny,1,other,,armagh book and cork screw tawny,unresolved_requires_review,0,,,,,,No unique legally curated target found.
dim_region.csv,Arman Taittinger Collection,1,other,,arman taittinger collection,unresolved_requires_review,0,,,,,,No unique legally curated target found.
dim_region.csv,Assmannshausen,1,other,,assmannshausen,unresolved_requires_review,0,,,,,,No unique legally curated target found.
dim_region.csv,Asturias,1,other,,asturias,unresolved_requires_review,0,,,,,,No unique legally curated target found.
dim_region.csv,Australia - Chardonnay,1,other,,australia chardonnay,curated_compound_to_specific,0.97,AU-COUNTRY,AU,,,country,Compound auction label contains a unique or hierarchically most specific curated target.
dim_region.csv,Austria - Samragd,1,other,,austria samragd,curated_compound_to_specific,0.97,AT-COUNTRY,AT,,,country,Compound auction label contains a unique or hierarchically most specific curated target.
dim_region.csv,Awatere Valley,1,other,,awatere valley,unresolved_requires_review,0,,,,,,No unique legally curated target found.
dim_region.csv,BLANCK Riesling,1,other,,blanck riesling,unresolved_requires_review,0,,,,,,No unique legally curated target found.
dim_region.csv,Bahamas,1,other,,bahamas,unresolved_requires_review,0,,,,,,No unique legally curated target found.
dim_region.csv,Bahamas - Rum,1,other,,bahamas rum,unresolved_requires_review,0,,,,,,No unique legally curated target found.
dim_region.csv,Ballandean Qld.,1,other,,ballandean qld,unresolved_requires_review,0,,,,,,No unique legally curated target found.
dim_region.csv,Bangalore,1,other,,bangalore,unresolved_requires_review,0,,,,,,No unique legally curated target found.
dim_region.csv,Barbados - Distillati,1,other,,barbados distillati,unresolved_requires_review,0,,,,,,No unique legally curated target found.
dim_region.csv,Barbera d'Alba DOC Superiore,1,other,,barbera d alba doc superiore,curated_compound_to_specific,0.97,IT-ORI-BARBERA-D-ALBA,IT,Piemonte,Barbera d'Alba,appellation,Compound auction label contains a unique or hierarchically most specific curated target.
dim_region.csv,Barbera del Montferrato,1,other,,barbera del montferrato,unresolved_requires_review,0,,,,,,No unique legally curated target found.
dim_region.csv,Barco Reale di Carmignano DOC,1,other,,barco reale di carmignano doc,unresolved_requires_review,0,,,,,,No unique legally curated target found.
dim_region.csv,Bardolino DOC,1,other,,bardolino doc,unresolved_requires_review,0,,,,,,No unique legally curated target found.
dim_region.csv,Barossa Valley Hand Painted Unique 3 x Double Magnum Set Plus,1,other,,barossa valley hand painted unique 3 x double magnum set plus,curated_compound_to_specific,0.97,AU-ORI-BAROSSA-VALLEY,AU,South Australia,Barossa Valley,appellation,Compound auction label contains a unique or hierarchically most specific curated target.
dim_region.csv,Barossa Valley Including 1991,1,other,,barossa valley including 1991,curated_compound_to_specific,0.97,AU-ORI-BAROSSA-VALLEY,AU,South Australia,Barossa Valley,appellation,Compound auction label contains a unique or hierarchically most specific curated target.
dim_region.csv,Barossa Valley six bottles featuring the prestigious Jimmy Watson Trophy-winning 2016,1,other,,barossa valley six bottles featuring the prestigious jimmy watson trophy winning 2016,curated_compound_to_specific,0.97,AU-ORI-BAROSSA-VALLEY,AU,South Australia,Barossa Valley,appellation,Compound auction label contains a unique or hierarchically most specific curated target.
dim_region.csv,Barossa Valley-McLaren Vale-Langhorne Creek,1,other,,barossa valley mclaren vale langhorne creek,ambiguous_requires_context,0,,,,,,Compound auction label contains 4 distinct curated targets.
dim_region.csv,Barossa Valley-Orange NSW,1,other,,barossa valley orange nsw,ambiguous_requires_context,0,,,,,,Compound auction label contains 3 distinct curated targets.
dim_region.csv,Barossa Valley/Coonawarra,1,other,,barossa valley coonawarra,ambiguous_requires_context,0,,,,,,Compound auction label contains 3 distinct curated targets.
dim_region.csv,Barossa-Limestone Coast,1,other,,barossa limestone coast,ambiguous_requires_context,0,,,,,,Compound auction label contains 2 distinct curated targets.
dim_region.csv,Barossa-Valley,1,other,,barossa valley,normalized_exact,1,AU-ORI-BAROSSA-VALLEY,AU,South Australia,Barossa Valley,appellation,"Accent, punctuation, whitespace and legal suffixes normalized."
dim_region.csv,Barrel Shed Tour,1,other,,barrel shed tour,unresolved_requires_review,0,,,,,,No unique legally curated target found.
dim_region.csv,Basse-Normandie,1,other,,basse normandie,unresolved_requires_review,0,,,,,,No unique legally curated target found.
dim_region.csv,Basse-Terre,1,other,,basse terre,unresolved_requires_review,0,,,,,,No unique legally curated target found.
dim_region.csv,Bats & Dawn Durif,1,other,,bats and dawn durif,unresolved_requires_review,0,,,,,,No unique legally curated target found.
dim_region.csv,Bay of Islands,1,other,,bay of islands,unresolved_requires_review,0,,,,,,No unique legally curated target found.
dim_region.csv,Beamsville Bench,1,other,,beamsville bench,unresolved_requires_review,0,,,,,,No unique legally curated target found.
dim_region.csv,Beaujolais / Fleurie,1,other,,beaujolais fleurie,curated_compound_to_specific,0.97,FR-ORI-FLEURIE,FR,Beaujolais,Fleurie,appellation,Compound auction label contains a unique or hierarchically most specific curated target.
dim_region.csv,Beaujolais / Morgon,1,other,,beaujolais morgon,curated_compound_to_specific,0.97,FR-ORI-MORGON,FR,Beaujolais,Morgon,appellation,Compound auction label contains a unique or hierarchically most specific curated target.
dim_region.csv,Beaujolais Blanc,1,other,,beaujolais blanc,curated_compound_to_specific,0.97,FR-ORI-BEAUJOLAIS,FR,Beaujolais,Beaujolais,appellation,Compound auction label contains a unique or hierarchically most specific curated target.
dim_region.csv,Beaujolais Morgon,1,other,,beaujolais morgon,curated_compound_to_specific,0.97,FR-ORI-MORGON,FR,Beaujolais,Morgon,appellation,Compound auction label contains a unique or hierarchically most specific curated target.
dim_region.csv,Beaujolais Rose,1,other,,beaujolais rose,curated_compound_to_specific,0.97,FR-ORI-BEAUJOLAIS,FR,Beaujolais,Beaujolais,appellation,Compound auction label contains a unique or hierarchically most specific curated target.
dim_region.csv,Beaune-Bastion,1,other,,beaune bastion,curated_compound_to_specific,0.97,FR-ORI-BEAUNE,FR,Bourgogne,Beaune,appellation,Compound auction label contains a unique or hierarchically most specific curated target.
dim_region.csv,Beaune-Les Greves,1,other,,beaune les greves,curated_compound_to_specific,0.97,FR-ORI-BEAUNE,FR,Bourgogne,Beaune,appellation,Compound auction label contains a unique or hierarchically most specific curated target.
dim_region.csv,Beaune-Perrieres,1,other,,beaune perrieres,curated_compound_to_specific,0.97,FR-ORI-BEAUNE,FR,Bourgogne,Beaune,appellation,Compound auction label contains a unique or hierarchically most specific curated target.
dim_region.csv,Beelbangera,1,other,,beelbangera,unresolved_requires_review,0,,,,,,No unique legally curated target found.
dim_region.csv,Belarus,1,other,,belarus,unresolved_requires_review,0,,,,,,No unique legally curated target found.
dim_region.csv,Bennwihr,1,other,,bennwihr,unresolved_requires_review,0,,,,,,No unique legally curated target found.
dim_region.csv,Bern,1,other,,bern,unresolved_requires_review,0,,,,,,No unique legally curated target found.
dim_region.csv,Bianco Paestum IGT,1,other,,bianco paestum igt,unresolved_requires_review,0,,,,,,No unique legally curated target found.
dim_region.csv,Biferno,1,other,,biferno,unresolved_requires_review,0,,,,,,No unique legally curated target found.
dim_region.csv,Bin 101-122 Para Liqueur Port,1,other,,bin 101 122 para liqueur port,unresolved_requires_review,0,,,,,,No unique legally curated target found.
dim_region.csv,Blanc Chateauneuf-du-Pape,1,other,,blanc chateauneuf du pape,curated_compound_to_specific,0.97,FR-ORI-CHATEAUNEUF-DU-PAPE,FR,Vallée du Rhône,Châteauneuf-du-Pape,appellation,Compound auction label contains a unique or hierarchically most specific curated target.
dim_region.csv,Blanc de Blanc Sec,1,other,,blanc de blanc sec,unresolved_requires_review,0,,,,,,No unique legally curated target found.
dim_region.csv,Blend and Taste,1,other,,blend and taste,unresolved_requires_review,0,,,,,,No unique legally curated target found.
dim_region.csv,Blended Whisky 43% abv,1,other,,blended whisky 43 abv,excluded_non_wine_origin,1,,,,,,"Blend placeholder, unknown value, or spirits/non-wine geography outside this wine-origin reference."
dim_region.csv,Blender and Travel Mug Opera,1,other,,blender and travel mug opera,unresolved_requires_review,0,,,,,,No unique legally curated target found.
dim_region.csv,Blewitt Springs,1,other,,blewitt springs,unresolved_requires_review,0,,,,,,No unique legally curated target found.
dim_region.csv,Blewitt Springs McLaren Vale,1,other,,blewitt springs mclaren vale,curated_compound_to_specific,0.97,AU-ORI-MCLAREN-VALE,AU,South Australia,McLaren Vale,appellation,Compound auction label contains a unique or hierarchically most specific curated target.
dim_region.csv,Bologna,1,other,,bologna,unresolved_requires_review,0,,,,,,No unique legally curated target found.
dim_region.csv,Bordeaux (DO NOT USE use Code BRLRB),1,other,,bordeaux do not use use code brlrb,curated_compound_to_specific,0.97,FR-ORI-BORDEAUX,FR,Bordeaux,Bordeaux,appellation,Compound auction label contains a unique or hierarchically most specific curated target.
dim_region.csv,Borden Ranch,1,other,,borden ranch,unresolved_requires_review,0,,,,,,No unique legally curated target found.
dim_region.csv,Borderies,1,other,,borderies,unresolved_requires_review,0,,,,,,No unique legally curated target found.
dim_region.csv,Borgogna,1,other,,borgogna,normalized_alias,0.99,FR-ORI-BOURGOGNE,FR,Bourgogne,Bourgogne,appellation,Curated alias normalized to canonical value.
dim_region.csv,Borja,1,other,,borja,unresolved_requires_review,0,,,,,,No unique legally curated target found.
dim_region.csv,Bourgogne Cote D'Or Rouge,1,other,,bourgogne cote d or rouge,curated_compound_to_specific,0.97,FR-ORI-BOURGOGNE-COTE-D-OR,FR,Bourgogne,Bourgogne Côte d'Or,legal_subdesignation,Compound auction label contains a unique or hierarchically most specific curated target.
dim_region.csv,Braidwood,1,other,,braidwood,unresolved_requires_review,0,,,,,,No unique legally curated target found.
dim_region.csv,Brasile - Distillati,1,other,,brasile distillati,unresolved_requires_review,0,,,,,,No unique legally curated target found.
dim_region.csv,Buenos Aires,1,other,,buenos aires,unresolved_requires_review,0,,,,,,No unique legally curated target found.
dim_region.csv,Burgundy France,1,other,,burgundy france,curated_compound_to_specific,0.97,FR-ORI-BOURGOGNE,FR,Bourgogne,Bourgogne,appellation,Compound auction label contains a unique or hierarchically most specific curated target.
dim_region.csv,Burnside,1,other,,burnside,unresolved_requires_review,0,,,,,,No unique legally curated target found.
dim_region.csv,Buzet,1,other,,buzet,unresolved_requires_review,0,,,,,,No unique legally curated target found.
dim_region.csv,Cabernet Franc Cabernet,1,other,,cabernet franc cabernet,unresolved_requires_review,0,,,,,,No unique legally curated target found.
dim_region.csv,Cachapoal Rapel Valley,1,other,,cachapoal rapel valley,curated_compound_to_specific,0.97,CL-ORI-VALLE-DEL-RAPEL,CL,Valle Central,Valle del Rapel,appellation,Compound auction label contains a unique or hierarchically most specific curated target.
dim_region.csv,Cadiz,1,other,,cadiz,unresolved_requires_review,0,,,,,,No unique legally curated target found.
dim_region.csv,Cairanne - Cotes-du-Rhone Villages,1,other,,cairanne cotes du rhone villages,ambiguous_requires_context,0,,,,,,Compound auction label contains 4 distinct curated targets.
dim_region.csv,Calificada,1,other,,calificada,unresolved_requires_review,0,,,,,,No unique legally curated target found.
dim_region.csv,California - Bordeaux,1,other,,california bordeaux,ambiguous_requires_context,0,,,,,,Compound auction label contains 2 distinct curated targets.
dim_region.csv,California / Anderson Valley,1,other,,california anderson valley,ambiguous_requires_context,0,,,,,,Compound auction label contains 2 distinct curated targets.
dim_region.csv,California / Mendocino,1,other,,california mendocino,curated_compound_to_specific,0.97,US-ORI-CALIFORNIA,US,California,California,appellation,Compound auction label contains a unique or hierarchically most specific curated target.
dim_region.csv,California / Santa Lucia Highlands,1,other,,california santa lucia highlands,curated_compound_to_specific,0.97,US-ORI-CALIFORNIA,US,California,California,appellation,Compound auction label contains a unique or hierarchically most specific curated target.
dim_region.csv,California / Santa Maria Valley,1,other,,california santa maria valley,ambiguous_requires_context,0,,,,,,Compound auction label contains 2 distinct curated targets.
dim_region.csv,California / Sonoma Valley,1,other,,california sonoma valley,curated_compound_to_specific,0.97,US-ORI-SONOMA-COUNTY,US,California,Sonoma County,appellation,Compound auction label contains a unique or hierarchically most specific curated target.
dim_region.csv,Campi Flegrei,1,other,,campi flegrei,unresolved_requires_review,0,,,,,,No unique legally curated target found.
dim_region.csv,Canadian Whiskey,1,other,,canadian whiskey,excluded_non_wine_origin,1,,,,,,"Blend placeholder, unknown value, or spirits/non-wine geography outside this wine-origin reference."
dim_region.csv,Canary Islands,1,other,,canary islands,unresolved_requires_review,0,,,,,,No unique legally curated target found.
dim_region.csv,Caneros,1,other,,caneros,unresolved_requires_review,0,,,,,,No unique legally curated target found.
dim_region.csv,Cannonau di Sardegna,1,other,,cannonau di sardegna,curated_compound_to_specific,0.97,IT-REG-SARDEGNA,IT,Sardegna,,region,Compound auction label contains a unique or hierarchically most specific curated target.
dim_region.csv,Cannubi Boschis,1,other,,cannubi boschis,unresolved_requires_review,0,,,,,,No unique legally curated target found.
dim_region.csv,Canowindra NSW,1,other,,canowindra nsw,unresolved_requires_review,0,,,,,,No unique legally curated target found.
dim_region.csv,Capannino IGT,1,other,,capannino igt,unresolved_requires_review,0,,,,,,No unique legally curated target found.
dim_region.csv,Cape Peninsula,1,other,,cape peninsula,unresolved_requires_review,0,,,,,,No unique legally curated target found.
dim_region.csv,Carbanup Sub Region,1,other,,carbanup sub region,unresolved_requires_review,0,,,,,,No unique legally curated target found.
dim_region.csv,Carignan Tempranillo Cabernet,1,other,,carignan tempranillo cabernet,unresolved_requires_review,0,,,,,,No unique legally curated target found.
dim_region.csv,Carlow,1,other,,carlow,unresolved_requires_review,0,,,,,,No unique legally curated target found.
dim_region.csv,Casablanca - Aconcagua,1,other,,casablanca aconcagua,unresolved_requires_review,0,,,,,,No unique legally curated target found.
dim_region.csv,Casablanca Valley-Curico Valley,1,other,,casablanca valley curico valley,curated_compound_to_specific,0.97,CL-ORI-VALLE-DE-CASABLANCA,CL,Aconcagua,Valle de Casablanca,appellation,Compound auction label contains a unique or hierarchically most specific curated target.
dim_region.csv,Castelli Di Jesi DOC,1,other,,castelli di jesi doc,unresolved_requires_review,0,,,,,,No unique legally curated target found.
dim_region.csv,Castilla,1,other,,castilla,normalized_exact,1,ES-ORI-CASTILLA,ES,Castilla-La Mancha,Castilla,appellation,"Accent, punctuation, whitespace and legal suffixes normalized."
dim_region.csv,Castillon,1,other,,castillon,unresolved_requires_review,0,,,,,,No unique legally curated target found.
dim_region.csv,Catamarca,1,other,,catamarca,unresolved_requires_review,0,,,,,,No unique legally curated target found.
dim_region.csv,Central Otago-Marlborough,1,other,,central otago marlborough,ambiguous_requires_context,0,,,,,,Compound auction label contains 2 distinct curated targets.
dim_region.csv,Central Ranges-Mclaren Vale,1,other,,central ranges mclaren vale,ambiguous_requires_context,0,,,,,,Compound auction label contains 2 distinct curated targets.
dim_region.csv,Ceramic bottle,1,other,,ceramic bottle,unresolved_requires_review,0,,,,,,No unique legally curated target found.
dim_region.csv,Chablis AOC,1,other,,chablis aoc,normalized_alias,0.99,FR-ORI-CHABLIS,FR,Bourgogne,Chablis,appellation,Curated alias normalized to canonical value.
dim_region.csv,Chambertin Clos-de-Beze - Borgogna,1,other,,chambertin clos de beze borgogna,curated_compound_to_specific,0.97,FR-ORI-CHAMBERTIN-CLOS-DE-BEZE,FR,Bourgogne,Chambertin-Clos de Bèze,appellation,Compound auction label contains a unique or hierarchically most specific curated target.
dim_region.csv,Champagne Rose,1,other,,champagne rose,curated_compound_to_specific,0.97,FR-ORI-CHAMPAGNE,FR,Champagne,Champagne,appellation,Compound auction label contains a unique or hierarchically most specific curated target.
dim_region.csv,Charles Kinloch & Co (London) Bottling,1,other,,charles kinloch and co london bottling,unresolved_requires_review,0,,,,,,No unique legally curated target found.
dim_region.csv,Chartreuse,1,other,,chartreuse,unresolved_requires_review,0,,,,,,No unique legally curated target found.
dim_region.csv,Chateauneuf du Pape - Rodano,1,other,,chateauneuf du pape rodano,curated_compound_to_specific,0.97,FR-ORI-CHATEAUNEUF-DU-PAPE,FR,Vallée du Rhône,Châteauneuf-du-Pape,appellation,Compound auction label contains a unique or hierarchically most specific curated target.
dim_region.csv,Chateauneuf-du-Pape (Blanc),1,other,,chateauneuf du pape blanc,curated_compound_to_specific,0.97,FR-ORI-CHATEAUNEUF-DU-PAPE,FR,Vallée du Rhône,Châteauneuf-du-Pape,appellation,Compound auction label contains a unique or hierarchically most specific curated target.
dim_region.csv,Chateauneuf-du-Pape Blanc,1,other,,chateauneuf du pape blanc,curated_compound_to_specific,0.97,FR-ORI-CHATEAUNEUF-DU-PAPE,FR,Vallée du Rhône,Châteauneuf-du-Pape,appellation,Compound auction label contains a unique or hierarchically most specific curated target.
dim_region.csv,Chenin Blanc Palomino,1,other,,chenin blanc palomino,unresolved_requires_review,0,,,,,,No unique legally curated target found.
dim_region.csv,Chianti Montalbano,1,other,,chianti montalbano,curated_compound_to_specific,0.97,IT-ORI-CHIANTI,IT,Toscana,Chianti,appellation,Compound auction label contains a unique or hierarchically most specific curated target.
dim_region.csv,Chris Donnellan and Serge Dansereau,1,other,,chris donnellan and serge dansereau,unresolved_requires_review,0,,,,,,No unique legally curated target found.
dim_region.csv,Cile - Cabernet,1,other,,cile cabernet,unresolved_requires_review,0,,,,,,No unique legally curated target found.
dim_region.csv,Cina ,1,other,,cina,unresolved_requires_review,0,,,,,,No unique legally curated target found.
dim_region.csv,Cina  - Gin,1,other,,cina gin,unresolved_requires_review,0,,,,,,No unique legally curated target found.
dim_region.csv,Cinqueterre,1,other,,cinqueterre,unresolved_requires_review,0,,,,,,No unique legally curated target found.
dim_region.csv,Civitella d'Agliano IGT,1,other,,civitella d agliano igt,unresolved_requires_review,0,,,,,,No unique legally curated target found.
dim_region.csv,Clare Valley-Lenswood,1,other,,clare valley lenswood,ambiguous_requires_context,0,,,,,,Compound auction label contains 2 distinct curated targets.
dim_region.csv,Claret,1,other,,claret,unresolved_requires_review,0,,,,,,No unique legally curated target found.
dim_region.csv,Classico,1,other,,classico,unresolved_requires_review,0,,,,,,No unique legally curated target found.
dim_region.csv,Classico Superiore,1,other,,classico superiore,unresolved_requires_review,0,,,,,,No unique legally curated target found.
dim_region.csv,Coahuila,1,other,,coahuila,unresolved_requires_review,0,,,,,,No unique legally curated target found.
dim_region.csv,Codru,1,other,,codru,unresolved_requires_review,0,,,,,,No unique legally curated target found.
dim_region.csv,Cognac - Cognac,1,other,,cognac cognac,excluded_non_wine_origin,1,,,,,,"Blend placeholder, unknown value, or spirits/non-wine geography outside this wine-origin reference."
dim_region.csv,Colchagua Valley Chile,1,other,,colchagua valley chile,curated_compound_to_specific,0.97,CL-ORI-VALLE-DE-COLCHAGUA,CL,Valle Central,Valle de Colchagua,appellation,Compound auction label contains a unique or hierarchically most specific curated target.
dim_region.csv,Colli Perugini,1,other,,colli perugini,unresolved_requires_review,0,,,,,,No unique legally curated target found.
dim_region.csv,Colli Tortonesi DOC,1,other,,colli tortonesi doc,unresolved_requires_review,0,,,,,,No unique legally curated target found.
dim_region.csv,Colline Novaresi,1,other,,colline novaresi,unresolved_requires_review,0,,,,,,No unique legally curated target found.
dim_region.csv,Colonia,1,other,,colonia,unresolved_requires_review,0,,,,,,No unique legally curated target found.
dim_region.csv,Columbia,1,other,,columbia,unresolved_requires_review,0,,,,,,No unique legally curated target found.
dim_region.csv,Contessa Entellina,1,other,,contessa entellina,unresolved_requires_review,0,,,,,,No unique legally curated target found.
dim_region.csv,Coonawarra DO NOT USE (USE MRWCCS),1,other,,coonawarra do not use use mrwccs,curated_compound_to_specific,0.97,AU-ORI-COONAWARRA,AU,South Australia,Coonawarra,appellation,Compound auction label contains a unique or hierarchically most specific curated target.
dim_region.csv,Coonawarra-Heathcote,1,other,,coonawarra heathcote,ambiguous_requires_context,0,,,,,,Compound auction label contains 2 distinct curated targets.
dim_region.csv,Coonawarra-Hunter Valley,1,other,,coonawarra hunter valley,ambiguous_requires_context,0,,,,,,Compound auction label contains 2 distinct curated targets.
dim_region.csv,Cordillera,1,other,,cordillera,unresolved_requires_review,0,,,,,,No unique legally curated target found.
dim_region.csv,Corse,1,other,,corse,unresolved_requires_review,0,,,,,,No unique legally curated target found.
dim_region.csv,Costers del Segre DO,1,other,,costers del segre do,unresolved_requires_review,0,,,,,,No unique legally curated target found.
dim_region.csv,Cote Chalonnaise - Borgogna,1,other,,cote chalonnaise borgogna,ambiguous_requires_context,0,,,,,,Compound auction label contains 2 distinct curated targets.
dim_region.csv,Cote Roannaise,1,other,,cote roannaise,unresolved_requires_review,0,,,,,,No unique legally curated target found.
dim_region.csv,Cote de Beaune - Borgogna,1,other,,cote de beaune borgogna,curated_compound_to_specific,0.97,FR-ORI-BEAUNE,FR,Bourgogne,Beaune,appellation,Compound auction label contains a unique or hierarchically most specific curated target.
dim_region.csv,Coteaux du Layon St. Lambert,1,other,,coteaux du layon saint lambert,curated_compound_to_specific,0.97,FR-ORI-COTEAUX-DU-LAYON,FR,Loire Valley,Coteaux du Layon,appellation,Compound auction label contains a unique or hierarchically most specific curated target.
dim_region.csv,Coteaux du Roussillon,1,other,,coteaux du roussillon,curated_compound_to_specific,0.97,FR-REG-ROUSSILLON,FR,Roussillon,,region,Compound auction label contains a unique or hierarchically most specific curated target.
dim_region.csv,Coteaux du Vendomois,1,other,,coteaux du vendomois,unresolved_requires_review,0,,,,,,No unique legally curated target found.
dim_region.csv,Cotes De Thongue IGP,1,other,,cotes de thongue igp,unresolved_requires_review,0,,,,,,No unique legally curated target found.
dim_region.csv,Cotes du Brian IGT,1,other,,cotes du brian igt,unresolved_requires_review,0,,,,,,No unique legally curated target found.
dim_region.csv,Cotes du Frontonnais,1,other,,cotes du frontonnais,unresolved_requires_review,0,,,,,,No unique legally curated target found.
dim_region.csv,Cowra/Orange,1,other,,cowra orange,ambiguous_requires_context,0,,,,,,Compound auction label contains 2 distinct curated targets.
dim_region.csv,Cream Liqueur,1,other,,cream liqueur,unresolved_requires_review,0,,,,,,No unique legally curated target found.
dim_region.csv,Croazia - Distillati,1,other,,croazia distillati,unresolved_requires_review,0,,,,,,No unique legally curated target found.
dim_region.csv,Cru Exceptionnel,1,other,,cru exceptionnel,unresolved_requires_review,0,,,,,,No unique legally curated target found.
dim_region.csv,Curico Valley Chile,1,other,,curico valley chile,curated_compound_to_specific,0.97,CL-COUNTRY,CL,,,country,Compound auction label contains a unique or hierarchically most specific curated target.
dim_region.csv,DCB01,1,other,,dcb01,unresolved_requires_review,0,,,,,,No unique legally curated target found.
dim_region.csv,Darling Downs,1,other,,darling downs,unresolved_requires_review,0,,,,,,No unique legally curated target found.
dim_region.csv,Dartmoor-Smith Estate,1,other,,dartmoor smith estate,unresolved_requires_review,0,,,,,,No unique legally curated target found.
dim_region.csv,Del Comune Di Gavi,1,other,,del comune di gavi,unresolved_requires_review,0,,,,,,No unique legally curated target found.
dim_region.csv,Denmark W.A.,1,other,,denmark w a,curated_compound_to_specific,0.97,AU-ORI-DENMARK,AU,Western Australia,Denmark,appellation,Compound auction label contains a unique or hierarchically most specific curated target.
dim_region.csv,Di Caratello DOC,1,other,,di caratello doc,unresolved_requires_review,0,,,,,,No unique legally curated target found.
dim_region.csv,Di San Gimignano,1,other,,di san gimignano,unresolved_requires_review,0,,,,,,No unique legally curated target found.
dim_region.csv,Dijon France,1,other,,dijon france,curated_compound_to_specific,0.97,FR-COUNTRY,FR,,,country,Compound auction label contains a unique or hierarchically most specific curated target.
dim_region.csv,Dolcetto D'Alba,1,other,,dolcetto d alba,normalized_exact,1,IT-ORI-DOLCETTO-D-ALBA,IT,Piemonte,Dolcetto d'Alba,appellation,"Accent, punctuation, whitespace and legal suffixes normalized."
dim_region.csv,Dolcetto d'Asti,1,other,,dolcetto d asti,unresolved_requires_review,0,,,,,,No unique legally curated target found.
dim_region.csv,Dookie Central Victoria,1,other,,dookie central victoria,curated_compound_to_specific,0.97,AU-ORI-CENTRAL-VICTORIA,AU,Victoria,Central Victoria,appellation,Compound auction label contains a unique or hierarchically most specific curated target.
dim_region.csv,Drei-Seen-Land / Mont Vully,1,other,,drei seen land mont vully,curated_compound_to_specific,0.97,CH-ORI-VULLY,CH,Vully,Vully,appellation,Compound auction label contains a unique or hierarchically most specific curated target.
dim_region.csv,Dry Creek Valley,1,other,,dry creek valley,unresolved_requires_review,0,,,,,,No unique legally curated target found.
dim_region.csv,Dulce,1,other,,dulce,unresolved_requires_review,0,,,,,,No unique legally curated target found.
dim_region.csv,Dzūkija,1,other,,dzukija,unresolved_requires_review,0,,,,,,No unique legally curated target found.
dim_region.csv,ELTVILLE Assmannshauser Hollenberg Spatburgunder Weissherbst Beerenauslese Spatburgunder,1,other,,eltville assmannshauser hollenberg spatburgunder weissherbst beerenauslese spatburgunder,unresolved_requires_review,0,,,,,,No unique legally curated target found.
dim_region.csv,ELTVILLE Hochheimer Domdechaney Spatlese Riesling,1,other,,eltville hochheimer domdechaney spatlese riesling,unresolved_requires_review,0,,,,,,No unique legally curated target found.
dim_region.csv,ELTVILLE Rauenthaler Baifen Eiswein-Auslese,1,other,,eltville rauenthaler baifen eiswein auslese,unresolved_requires_review,0,,,,,,No unique legally curated target found.
dim_region.csv,ELTVILLE Rauenthaler Gehrn Riesling-Auslese,1,other,,eltville rauenthaler gehrn riesling auslese,unresolved_requires_review,0,,,,,,No unique legally curated target found.
dim_region.csv,ELTVILLE Rauenthaler Langenstud Spatlese Riesling,1,other,,eltville rauenthaler langenstud spatlese riesling,unresolved_requires_review,0,,,,,,No unique legally curated target found.
dim_region.csv,ELTVILLE Rudesheimer Schlossberg Riesling-Kabinett,1,other,,eltville rudesheimer schlossberg riesling kabinett,unresolved_requires_review,0,,,,,,No unique legally curated target found.
dim_region.csv,ELTVILLE Steinberger Riesling-Kabinett,1,other,,eltville steinberger riesling kabinett,unresolved_requires_review,0,,,,,,No unique legally curated target found.
dim_region.csv,Eastern Washington,1,other,,eastern washington,curated_compound_to_specific,0.97,US-ORI-WASHINGTON,US,Washington,Washington,appellation,Compound auction label contains a unique or hierarchically most specific curated target.
dim_region.csv,Eden Valley 1967-1994 Collection,1,other,,eden valley 1967 1994 collection,curated_compound_to_specific,0.97,AU-ORI-EDEN-VALLEY,AU,South Australia,Eden Valley,appellation,Compound auction label contains a unique or hierarchically most specific curated target.
dim_region.csv,Eden Valley Signed by Stephen & Prue Henschke 8 Bottles Set Includes 2008,1,other,,eden valley signed by stephen and prue henschke 8 bottles set includes 2008,curated_compound_to_specific,0.97,AU-ORI-EDEN-VALLEY,AU,South Australia,Eden Valley,appellation,Compound auction label contains a unique or hierarchically most specific curated target.
dim_region.csv,Eden-Hunter Valley,1,other,,eden hunter valley,curated_compound_to_specific,0.97,AU-ORI-HUNTER-VALLEY,AU,New South Wales,Hunter Valley,appellation,Compound auction label contains a unique or hierarchically most specific curated target.
dim_region.csv,Eitelsbach - Mosel-Saar-Ruwer,1,other,,eitelsbach mosel saar ruwer,curated_compound_to_specific,0.97,DE-ORI-MOSEL,DE,Mosel,Mosel,appellation,Compound auction label contains a unique or hierarchically most specific curated target.
dim_region.csv,El Ciego,1,other,,el ciego,unresolved_requires_review,0,,,,,,No unique legally curated target found.
dim_region.csv,Elevage Meo-Camuzet,1,other,,elevage meo camuzet,unresolved_requires_review,0,,,,,,No unique legally curated target found.
dim_region.csv,Engelberg,1,other,,engelberg,unresolved_requires_review,0,,,,,,No unique legally curated target found.
dim_region.csv,Etna Bianco Superiore DOC,1,other,,etna bianco superiore doc,unresolved_requires_review,0,,,,,,No unique legally curated target found.
dim_region.csv,Etyek,1,other,,etyek,unresolved_requires_review,0,,,,,,No unique legally curated target found.
dim_region.csv,Expires June 2022,1,other,,expires june 2022,unresolved_requires_review,0,,,,,,No unique legally curated target found.
dim_region.csv,FLADGATE & YEATMAN 20 Year Old Aged Tawny,1,other,,fladgate and yeatman 20 year old aged tawny,unresolved_requires_review,0,,,,,,No unique legally curated target found.
dim_region.csv,FLADGATE & YEATMAN Cabrillo Fine Old Tawny Port,1,other,,fladgate and yeatman cabrillo fine old tawny port,unresolved_requires_review,0,,,,,,No unique legally curated target found.
dim_region.csv,Fance,1,other,,fance,unresolved_requires_review,0,,,,,,No unique legally curated target found.
dim_region.csv,Ferguson Valley W.A,1,other,,ferguson valley w a,curated_compound_to_specific,0.97,AU-REG-FERGUSON-VALLEY,AU,Ferguson Valley,,region,Compound auction label contains a unique or hierarchically most specific curated target.
dim_region.csv,Filippine - Rum,1,other,,filippine rum,unresolved_requires_review,0,,,,,,No unique legally curated target found.
dim_region.csv,Fitou,1,other,,fitou,unresolved_requires_review,0,,,,,,No unique legally curated target found.
dim_region.csv,Flordland,1,other,,flordland,unresolved_requires_review,0,,,,,,No unique legally curated target found.
dim_region.csv,Food and Champagne Tasting for 4 Guests,1,other,,food and champagne tasting for 4 guests,curated_compound_to_specific,0.97,FR-ORI-CHAMPAGNE,FR,Champagne,Champagne,appellation,Compound auction label contains a unique or hierarchically most specific curated target.
dim_region.csv,Forli IGT,1,other,,forli igt,unresolved_requires_review,0,,,,,,No unique legally curated target found.
dim_region.csv,Francia - --- VINI---,1,other,,francia vini,curated_compound_to_specific,0.97,FR-COUNTRY,FR,,,country,Compound auction label contains a unique or hierarchically most specific curated target.
dim_region.csv,Francia - Beaujolias,1,other,,francia beaujolias,curated_compound_to_specific,0.97,FR-COUNTRY,FR,,,country,Compound auction label contains a unique or hierarchically most specific curated target.
dim_region.csv,Francia - Brunello di Montalcino,1,other,,francia brunello di montalcino,curated_compound_to_specific,0.97,IT-ORI-BRUNELLO-DI-MONTALCINO,IT,Toscana,Brunello di Montalcino,appellation,Compound auction label contains a unique or hierarchically most specific curated target.
dim_region.csv,Francia - Chardonnay,1,other,,francia chardonnay,curated_compound_to_specific,0.97,FR-COUNTRY,FR,,,country,Compound auction label contains a unique or hierarchically most specific curated target.
dim_region.csv,Francia - Duero,1,other,,francia duero,curated_compound_to_specific,0.97,FR-COUNTRY,FR,,,country,Compound auction label contains a unique or hierarchically most specific curated target.
dim_region.csv,Francia - Jura,1,other,,francia jura,curated_compound_to_specific,0.97,FR-COUNTRY,FR,,,country,Compound auction label contains a unique or hierarchically most specific curated target.
dim_region.csv,Francia - Madeira,1,other,,francia madeira,curated_compound_to_specific,0.97,PT-ORI-MADEIRA,PT,Madeira,Madeira,appellation,Compound auction label contains a unique or hierarchically most specific curated target.
dim_region.csv,Francia - Rum,1,other,,francia rum,curated_compound_to_specific,0.97,FR-COUNTRY,FR,,,country,Compound auction label contains a unique or hierarchically most specific curated target.
dim_region.csv,Francia - Saint-Emilion,1,other,,francia saint emilion,curated_compound_to_specific,0.97,FR-ORI-SAINT-EMILION,FR,Bordeaux,Saint-Émilion,appellation,Compound auction label contains a unique or hierarchically most specific curated target.
dim_region.csv,Francia - Trebbiano,1,other,,francia trebbiano,curated_compound_to_specific,0.97,FR-COUNTRY,FR,,,country,Compound auction label contains a unique or hierarchically most specific curated target.
dim_region.csv,"Francia,  Italia - Denominazioni varie",1,other,,francia italia denominazioni varie,ambiguous_requires_context,0,,,,,,Compound auction label contains 2 distinct curated targets.
dim_region.csv,"Francia, La Réunion - Rum",1,other,,francia la reunion rum,curated_compound_to_specific,0.97,FR-COUNTRY,FR,,,country,Compound auction label contains a unique or hierarchically most specific curated target.
dim_region.csv,Frascati Superiore,1,other,,frascati superiore,unresolved_requires_review,0,,,,,,No unique legally curated target found.
dim_region.csv,Freisa,1,other,,freisa,unresolved_requires_review,0,,,,,,No unique legally curated target found.
dim_region.csv,French Brandy,1,other,,french brandy,unresolved_requires_review,0,,,,,,No unique legally curated target found.
dim_region.csv,Friuli-Venezia Giulia - Denominazioni varie,1,other,,friuli venezia giulia denominazioni varie,curated_compound_to_specific,0.97,IT-ORI-VENEZIA-GIULIA,IT,Friuli-Venezia Giulia,Venezia Giulia,appellation,Compound auction label contains a unique or hierarchically most specific curated target.
dim_region.csv,Friuli-Venezia Giulia - Merlot,1,other,,friuli venezia giulia merlot,curated_compound_to_specific,0.97,IT-ORI-VENEZIA-GIULIA,IT,Friuli-Venezia Giulia,Venezia Giulia,appellation,Compound auction label contains a unique or hierarchically most specific curated target.
dim_region.csv,Friuli-Venezia Giulia - Venezia Giulia,1,other,,friuli venezia giulia venezia giulia,curated_compound_to_specific,0.97,IT-ORI-VENEZIA-GIULIA,IT,Friuli-Venezia Giulia,Venezia Giulia,appellation,Compound auction label contains a unique or hierarchically most specific curated target.
dim_region.csv,Fukuoka,1,other,,fukuoka,unresolved_requires_review,0,,,,,,No unique legally curated target found.
dim_region.csv,Fully Appointed Lorne Residence,1,other,,fully appointed lorne residence,unresolved_requires_review,0,,,,,,No unique legally curated target found.
dim_region.csv,Gavi di Tassarolo,1,other,,gavi di tassarolo,unresolved_requires_review,0,,,,,,No unique legally curated target found.
dim_region.csv,Georgischer Wien Kachetien,1,other,,georgischer wien kachetien,unresolved_requires_review,0,,,,,,No unique legally curated target found.
dim_region.csv,Germania - Riesling,1,other,,germania riesling,unresolved_requires_review,0,,,,,,No unique legally curated target found.
dim_region.csv,Giappone   - Rum,1,other,,giappone rum,unresolved_requires_review,0,,,,,,No unique legally curated target found.
dim_region.csv,Gimblett Gravels Malbec,1,other,,gimblett gravels malbec,unresolved_requires_review,0,,,,,,No unique legally curated target found.
dim_region.csv,Gimblett Gravels Merlot,1,other,,gimblett gravels merlot,unresolved_requires_review,0,,,,,,No unique legally curated target found.
dim_region.csv,Gironde Bordeaux,1,other,,gironde bordeaux,curated_compound_to_specific,0.97,FR-ORI-BORDEAUX,FR,Bordeaux,Bordeaux,appellation,Compound auction label contains a unique or hierarchically most specific curated target.
dim_region.csv,Gisborne Marlborough,1,other,,gisborne marlborough,ambiguous_requires_context,0,,,,,,Compound auction label contains 2 distinct curated targets.
dim_region.csv,Glenkinchie,1,other,,glenkinchie,unresolved_requires_review,0,,,,,,No unique legally curated target found.
dim_region.csv,Golan Height,1,other,,golan height,unresolved_requires_review,0,,,,,,No unique legally curated target found.
dim_region.csv,Gold Medal Series Tawny Port,1,other,,gold medal series tawny port,unresolved_requires_review,0,,,,,,No unique legally curated target found.
dim_region.csv,Gorenjska,1,other,,gorenjska,unresolved_requires_review,0,,,,,,No unique legally curated target found.
dim_region.csv,Graham County,1,other,,graham county,unresolved_requires_review,0,,,,,,No unique legally curated target found.
dim_region.csv,Gran Malaga,1,other,,gran malaga,curated_compound_to_specific,0.97,ES-ORI-MALAGA,ES,Andalucía,Málaga,appellation,Compound auction label contains a unique or hierarchically most specific curated target.
dim_region.csv,Grand  Cru,1,other,,grand cru,unresolved_requires_review,0,,,,,,No unique legally curated target found.
dim_region.csv,Grand-Echezeaux,1,other,,grand echezeaux,curated_compound_to_specific,0.97,FR-ORI-ECHEZEAUX,FR,Bourgogne,Échezeaux,appellation,Compound auction label contains a unique or hierarchically most specific curated target.
dim_region.csv,Granite Belt-Darling Downs,1,other,,granite belt darling downs,curated_compound_to_specific,0.97,AU-ORI-GRANITE-BELT,AU,Queensland,Granite Belt,appellation,Compound auction label contains a unique or hierarchically most specific curated target.
dim_region.csv,Grecia - Distillati,1,other,,grecia distillati,unresolved_requires_review,0,,,,,,No unique legally curated target found.
dim_region.csv,Grecia - Spirit,1,other,,grecia spirit,unresolved_requires_review,0,,,,,,No unique legally curated target found.
dim_region.csv,Green Valley of Russian River Valle,1,other,,green valley of russian river valle,unresolved_requires_review,0,,,,,,No unique legally curated target found.
dim_region.csv,Grignolino d'Asti,1,other,,grignolino d asti,unresolved_requires_review,0,,,,,,No unique legally curated target found.
dim_region.csv,Grignolino del Monferrato Casalese,1,other,,grignolino del monferrato casalese,curated_compound_to_specific,0.97,IT-ORI-MONFERRATO,IT,Piemonte,Monferrato,appellation,Compound auction label contains a unique or hierarchically most specific curated target.
dim_region.csv,Guy Grossi,1,other,,guy grossi,unresolved_requires_review,0,,,,,,No unique legally curated target found.
dim_region.csv,HL/R18,1,other,,hl r18,unresolved_requires_review,0,,,,,,No unique legally curated target found.
dim_region.csv,Habikino,1,other,,habikino,unresolved_requires_review,0,,,,,,No unique legally curated target found.
dim_region.csv,Haiti - Rum,1,other,,haiti rum,unresolved_requires_review,0,,,,,,No unique legally curated target found.
dim_region.csv,Hanwood,1,other,,hanwood,unresolved_requires_review,0,,,,,,No unique legally curated target found.
dim_region.csv,Harcourt Valley,1,other,,harcourt valley,unresolved_requires_review,0,,,,,,No unique legally curated target found.
dim_region.csv,Hard Rock Shiraz,1,other,,hard rock shiraz,unresolved_requires_review,0,,,,,,No unique legally curated target found.
dim_region.csv,Hastings River Region,1,other,,hastings river region,unresolved_requires_review,0,,,,,,No unique legally curated target found.
dim_region.csv,Hattenheim,1,other,,hattenheim,unresolved_requires_review,0,,,,,,No unique legally curated target found.
dim_region.csv,Haut-Mé,1,other,,haut me,unresolved_requires_review,0,,,,,,No unique legally curated target found.
dim_region.csv,Hautes Cotes de Nuits Pinot Noir,1,other,,hautes cotes de nuits pinot noir,unresolved_requires_review,0,,,,,,No unique legally curated target found.
dim_region.csv,Heathcote-Macedon Ranges,1,other,,heathcote macedon ranges,ambiguous_requires_context,0,,,,,,Compound auction label contains 2 distinct curated targets.
dim_region.csv,Heathcote-Yarra Valley-Great Western,1,other,,heathcote yarra valley great western,ambiguous_requires_context,0,,,,,,Compound auction label contains 3 distinct curated targets.
dim_region.csv,Hemel-en-Aade,1,other,,hemel en aade,unresolved_requires_review,0,,,,,,No unique legally curated target found.
dim_region.csv,Henderson NZ,1,other,,henderson nz,unresolved_requires_review,0,,,,,,No unique legally curated target found.
dim_region.csv,Henschke,1,other,,henschke,unresolved_requires_review,0,,,,,,No unique legally curated target found.
dim_region.csv,Hessische Bergstraße,1,other,,hessische bergstra e,normalized_exact,1,DE-ORI-HESSISCHE-BERGSTRA-E,DE,Hessische Bergstraße,Hessische Bergstraße,appellation,"Accent, punctuation, whitespace and legal suffixes normalized."
dim_region.csv,Highland Single Malt Scotch Whisky,1,other,,highland single malt scotch whisky,excluded_non_wine_origin,1,,,,,,"Blend placeholder, unknown value, or spirits/non-wine geography outside this wine-origin reference."
dim_region.csv,Highland Single Malt Whisky Scotland,1,other,,highland single malt whisky scotland,excluded_non_wine_origin,1,,,,,,"Blend placeholder, unknown value, or spirits/non-wine geography outside this wine-origin reference."
dim_region.csv,Hilltops - Orange,1,other,,hilltops orange,ambiguous_requires_context,0,,,,,,Compound auction label contains 2 distinct curated targets.
dim_region.csv,Hochheimer Holle Riesling-Trockenbeerenauslese,1,other,,hochheimer holle riesling trockenbeerenauslese,unresolved_requires_review,0,,,,,,No unique legally curated target found.
dim_region.csv,Hochheimer Kirchenstuck Riesling-Trockenbeerenauslese,1,other,,hochheimer kirchenstuck riesling trockenbeerenauslese,unresolved_requires_review,0,,,,,,No unique legally curated target found.
dim_region.csv,Horse Heaven Hills,1,other,,horse heaven hills,unresolved_requires_review,0,,,,,,No unique legally curated target found.
dim_region.csv,Howqua River,1,other,,howqua river,unresolved_requires_review,0,,,,,,No unique legally curated target found.
dim_region.csv,Huapai Valley,1,other,,huapai valley,unresolved_requires_review,0,,,,,,No unique legally curated target found.
dim_region.csv,Hunter Valley - McLaren Vale,1,other,,hunter valley mclaren vale,ambiguous_requires_context,0,,,,,,Compound auction label contains 2 distinct curated targets.
dim_region.csv,Hunter Valley Dry Red,1,other,,hunter valley dry red,curated_compound_to_specific,0.97,AU-ORI-HUNTER-VALLEY,AU,New South Wales,Hunter Valley,appellation,Compound auction label contains a unique or hierarchically most specific curated target.
dim_region.csv,Hunter Valley-Tumbarumba,1,other,,hunter valley tumbarumba,ambiguous_requires_context,0,,,,,,Compound auction label contains 2 distinct curated targets.
dim_region.csv,Hunter-Barossa Valley,1,other,,hunter barossa valley,ambiguous_requires_context,0,,,,,,Compound auction label contains 3 distinct curated targets.
dim_region.csv,Hunter-Coonawarra-Cowra,1,other,,hunter coonawarra cowra,ambiguous_requires_context,0,,,,,,Compound auction label contains 3 distinct curated targets.
dim_region.csv,IGP Ardeche,1,other,,igp ardeche,normalized_alias,0.99,FR-ORI-ARDECHE,FR,Vallée du Rhône,Ardèche,appellation,Curated alias normalized to canonical value.
dim_region.csv,IGT Venezie,1,other,,igt venezie,unresolved_requires_review,0,,,,,,No unique legally curated target found.
dim_region.csv,Iceland,1,other,,iceland,unresolved_requires_review,0,,,,,,No unique legally curated target found.
dim_region.csv,Illinois Valley,1,other,,illinois valley,unresolved_requires_review,0,,,,,,No unique legally curated target found.
dim_region.csv,Irlanda,1,other,,irlanda,unresolved_requires_review,0,,,,,,No unique legally curated target found.
dim_region.csv,Isla De Maipo,1,other,,isla de maipo,unresolved_requires_review,0,,,,,,No unique legally curated target found.
dim_region.csv,Isonzo Del Friuli,1,other,,isonzo del friuli,unresolved_requires_review,0,,,,,,No unique legally curated target found.
dim_region.csv,Isonzo Friuli-Venezia,1,other,,isonzo friuli venezia,unresolved_requires_review,0,,,,,,No unique legally curated target found.
dim_region.csv,Italy-Jamaica,1,other,,italy jamaica,curated_compound_to_specific,0.97,IT-COUNTRY,IT,,,country,Compound auction label contains a unique or hierarchically most specific curated target.
dim_region.csv,JR Single Barrel 50% ABV,1,other,,jr single barrel 50 abv,unresolved_requires_review,0,,,,,,No unique legally curated target found.
dim_region.csv,Jam Factory,1,other,,jam factory,unresolved_requires_review,0,,,,,,No unique legally curated target found.
dim_region.csv,Jonkershoek Valley,1,other,,jonkershoek valley,unresolved_requires_review,0,,,,,,No unique legally curated target found.
dim_region.csv,Jordan Valley,1,other,,jordan valley,unresolved_requires_review,0,,,,,,No unique legally curated target found.
dim_region.csv,Judean Hills,1,other,,judean hills,unresolved_requires_review,0,,,,,,No unique legally curated target found.
dim_region.csv,Jumilla D.O.P,1,other,,jumilla d o p,curated_compound_to_specific,0.97,ES-ORI-JUMILLA,ES,Región de Murcia,Jumilla,appellation,Compound auction label contains a unique or hierarchically most specific curated target.
dim_region.csv,KAVAL AND SHAW The Bruiser Durif,1,other,,kaval and shaw the bruiser durif,unresolved_requires_review,0,,,,,,No unique legally curated target found.
dim_region.csv,Kadarka,1,other,,kadarka,unresolved_requires_review,0,,,,,,No unique legally curated target found.
dim_region.csv,Kamikatsu,1,other,,kamikatsu,unresolved_requires_review,0,,,,,,No unique legally curated target found.
dim_region.csv,Kerner Beerenauslese,1,other,,kerner beerenauslese,unresolved_requires_review,0,,,,,,No unique legally curated target found.
dim_region.csv,Kitchen Pack and Grinders,1,other,,kitchen pack and grinders,unresolved_requires_review,0,,,,,,No unique legally curated target found.
dim_region.csv,Klagenfurt,1,other,,klagenfurt,unresolved_requires_review,0,,,,,,No unique legally curated target found.
dim_region.csv,Koalas and Wildlife Ecotour,1,other,,koalas and wildlife ecotour,unresolved_requires_review,0,,,,,,No unique legally curated target found.
dim_region.csv,Kunság,1,other,,kunsag,unresolved_requires_review,0,,,,,,No unique legally curated target found.
dim_region.csv,Kyneton,1,other,,kyneton,unresolved_requires_review,0,,,,,,No unique legally curated target found.
dim_region.csv,Kyneton Macedon Ranges,1,other,,kyneton macedon ranges,curated_compound_to_specific,0.97,AU-ORI-MACEDON-RANGES,AU,Victoria,Macedon Ranges,appellation,Compound auction label contains a unique or hierarchically most specific curated target.
dim_region.csv,LE CLOITRE DU PRIEURE LICHINE,1,other,,le cloitre du prieure lichine,unresolved_requires_review,0,,,,,,No unique legally curated target found.
dim_region.csv,LEITHABERG DAC,1,other,,leithaberg dac,normalized_alias,0.99,AT-ORI-LEITHABERG,AT,Burgenland,Leithaberg,appellation,Curated alias normalized to canonical value.
dim_region.csv,LITHUANIAN,1,other,,lithuanian,unresolved_requires_review,0,,,,,,No unique legally curated target found.
dim_region.csv,La Chapelle,1,other,,la chapelle,unresolved_requires_review,0,,,,,,No unique legally curated target found.
dim_region.csv,La Morra,1,other,,la morra,unresolved_requires_review,0,,,,,,No unique legally curated target found.
dim_region.csv,La Pobla de Cervoles,1,other,,la pobla de cervoles,unresolved_requires_review,0,,,,,,No unique legally curated target found.
dim_region.csv,Lagavulin,1,other,,lagavulin,unresolved_requires_review,0,,,,,,No unique legally curated target found.
dim_region.csv,Lake Erie North Shore,1,other,,lake erie north shore,unresolved_requires_review,0,,,,,,No unique legally curated target found.
dim_region.csv,Lake Erie U.S.A.,1,other,,lake erie u s a,curated_compound_to_specific,0.97,US-COUNTRY,US,,,country,Compound auction label contains a unique or hierarchically most specific curated target.
dim_region.csv,Lambrusco dell'Emilia IGT,1,other,,lambrusco dell emilia igt,unresolved_requires_review,0,,,,,,No unique legally curated target found.
dim_region.csv,Langhe - Denominazioni varie,1,other,,langhe denominazioni varie,curated_compound_to_specific,0.97,IT-ORI-LANGHE,IT,Piemonte,Langhe,appellation,Compound auction label contains a unique or hierarchically most specific curated target.
dim_region.csv,Langhorne Creek - Barossa Blend,1,other,,langhorne creek barossa blend,ambiguous_requires_context,0,,,,,,Compound auction label contains 2 distinct curated targets.
dim_region.csv,Langhorne Creek McLaren Vale & Barossa Valley,1,other,,langhorne creek mclaren vale and barossa valley,ambiguous_requires_context,0,,,,,,Compound auction label contains 4 distinct curated targets.
dim_region.csv,Langhorne creek,1,other,,langhorne creek,normalized_exact,1,AU-ORI-LANGHORNE-CREEK,AU,South Australia,Langhorne Creek,appellation,"Accent, punctuation, whitespace and legal suffixes normalized."
dim_region.csv,Languedoc-Roussillon / Cité de Carcassonne,1,other,,languedoc roussillon cite de carcassonne,curated_compound_to_specific,0.97,FR-ORI-LANGUEDOC,FR,Languedoc-Roussillon,Languedoc,appellation,Compound auction label contains a unique or hierarchically most specific curated target.
dim_region.csv,Languedoc-Roussillon / Costières de Nîmes,1,other,,languedoc roussillon costieres de nimes,curated_compound_to_specific,0.97,FR-ORI-LANGUEDOC,FR,Languedoc-Roussillon,Languedoc,appellation,Compound auction label contains a unique or hierarchically most specific curated target.
dim_region.csv,Languedoc-Roussillon / Côtes du Roussillon,1,other,,languedoc roussillon cotes du roussillon,ambiguous_requires_context,0,,,,,,Compound auction label contains 4 distinct curated targets.
dim_region.csv,Languedoc-Roussillon / Saint-Chinian,1,other,,languedoc roussillon saint chinian,curated_compound_to_specific,0.97,FR-ORI-LANGUEDOC,FR,Languedoc-Roussillon,Languedoc,appellation,Compound auction label contains a unique or hierarchically most specific curated target.
dim_region.csv,Late Disgorged Brut,1,other,,late disgorged brut,unresolved_requires_review,0,,,,,,No unique legally curated target found.
dim_region.csv,Lazio IGT,1,other,,lazio igt,unresolved_requires_review,0,,,,,,No unique legally curated target found.
dim_region.csv,Les Maladieres cuvee Graingier,1,other,,les maladieres cuvee graingier,unresolved_requires_review,0,,,,,,No unique legally curated target found.
dim_region.csv,Libano,1,other,,libano,unresolved_requires_review,0,,,,,,No unique legally curated target found.
dim_region.csv,Libano - Bordeaux,1,other,,libano bordeaux,curated_compound_to_specific,0.97,FR-ORI-BORDEAUX,FR,Bordeaux,Bordeaux,appellation,Compound auction label contains a unique or hierarchically most specific curated target.
dim_region.csv,Libano - Denominazioni varie,1,other,,libano denominazioni varie,unresolved_requires_review,0,,,,,,No unique legally curated target found.
dim_region.csv,Limestone Coast-Clare Valley,1,other,,limestone coast clare valley,ambiguous_requires_context,0,,,,,,Compound auction label contains 2 distinct curated targets.
dim_region.csv,Limoges Decanter,1,other,,limoges decanter,unresolved_requires_review,0,,,,,,No unique legally curated target found.
dim_region.csv,Litttle Hampton Pinot Gris,1,other,,litttle hampton pinot gris,unresolved_requires_review,0,,,,,,No unique legally curated target found.
dim_region.csv,Locorotondo,1,other,,locorotondo,unresolved_requires_review,0,,,,,,No unique legally curated target found.
dim_region.csv,Loire / Touraine,1,other,,loire touraine,curated_compound_to_specific,0.97,FR-ORI-TOURAINE,FR,Loire Valley,Touraine,appellation,Compound auction label contains a unique or hierarchically most specific curated target.
dim_region.csv,Lombardia - Rosso del Sebino,1,other,,lombardia rosso del sebino,curated_compound_to_specific,0.97,IT-ORI-LOMBARDIA,IT,Lombardia,Lombardia,appellation,Compound auction label contains a unique or hierarchically most specific curated target.
dim_region.csv,Lontue Valley,1,other,,lontue valley,unresolved_requires_review,0,,,,,,No unique legally curated target found.
dim_region.csv,Los Carneros AVA,1,other,,los carneros ava,normalized_alias,0.99,US-REG-LOS-CARNEROS,US,Los Carneros,,region,Curated alias normalized to canonical value.
dim_region.csv,Lujan de Cuyo Mendoza,1,other,,lujan de cuyo mendoza,curated_compound_to_specific,0.97,AR-ORI-LUJAN-DE-CUYO,AR,Mendoza,Luján de Cuyo,appellation,Compound auction label contains a unique or hierarchically most specific curated target.
dim_region.csv,Lussac-St.Emilion,1,other,,lussac saint emilion,normalized_exact,1,FR-ORI-LUSSAC-SAINT-EMILION,FR,Bordeaux,Lussac-Saint-Émilion,appellation,"Accent, punctuation, whitespace and legal suffixes normalized."
dim_region.csv,Luxembourg,1,other,,luxembourg,unresolved_requires_review,0,,,,,,No unique legally curated target found.
dim_region.csv,Macon Charnay,1,other,,macon charnay,unresolved_requires_review,0,,,,,,No unique legally curated target found.
dim_region.csv,Macon-Charnay,1,other,,macon charnay,unresolved_requires_review,0,,,,,,No unique legally curated target found.
dim_region.csv,Macon-Pierreclos,1,other,,macon pierreclos,unresolved_requires_review,0,,,,,,No unique legally curated target found.
dim_region.csv,Magnum Set,1,other,,magnum set,unresolved_requires_review,0,,,,,,No unique legally curated target found.
dim_region.csv,Magnum and 6 Bottles Shiraz,1,other,,magnum and 6 bottles shiraz,unresolved_requires_review,0,,,,,,No unique legally curated target found.
dim_region.csv,Maipo Chile,1,other,,maipo chile,curated_compound_to_specific,0.97,CL-COUNTRY,CL,,,country,Compound auction label contains a unique or hierarchically most specific curated target.
dim_region.csv,Malaga Solera,1,other,,malaga solera,curated_compound_to_specific,0.97,ES-ORI-MALAGA,ES,Andalucía,Málaga,appellation,Compound auction label contains a unique or hierarchically most specific curated target.
dim_region.csv,Maleny Queensland Coastal,1,other,,maleny queensland coastal,curated_compound_to_specific,0.97,AU-REG-QUEENSLAND,AU,Queensland,,region,Compound auction label contains a unique or hierarchically most specific curated target.
dim_region.csv,Mandrolisai,1,other,,mandrolisai,unresolved_requires_review,0,,,,,,No unique legally curated target found.
dim_region.csv,Marc de Champagne,1,other,,marc de champagne,curated_compound_to_specific,0.97,FR-ORI-CHAMPAGNE,FR,Champagne,Champagne,appellation,Compound auction label contains a unique or hierarchically most specific curated target.
dim_region.csv,Marche  - Denominazioni varie,1,other,,marche denominazioni varie,curated_compound_to_specific,0.97,IT-ORI-MARCHE,IT,Marche,Marche,appellation,Compound auction label contains a unique or hierarchically most specific curated target.
dim_region.csv,Margaret River & Geographe,1,other,,margaret river and geographe,ambiguous_requires_context,0,,,,,,Compound auction label contains 2 distinct curated targets.
dim_region.csv,Margaret River / Mudgee,1,other,,margaret river mudgee,ambiguous_requires_context,0,,,,,,Compound auction label contains 2 distinct curated targets.
dim_region.csv,Margaret River-Adelaide Hills,1,other,,margaret river adelaide hills,ambiguous_requires_context,0,,,,,,Compound auction label contains 3 distinct curated targets.
dim_region.csv,Margaret River-Frankland Rivers,1,other,,margaret river frankland rivers,curated_compound_to_specific,0.97,AU-ORI-MARGARET-RIVER,AU,Western Australia,Margaret River,appellation,Compound auction label contains a unique or hierarchically most specific curated target.
dim_region.csv,Marino,1,other,,marino,unresolved_requires_review,0,,,,,,No unique legally curated target found.
dim_region.csv,"Martinica, Caraibi - Rum",1,other,,martinica caraibi rum,unresolved_requires_review,0,,,,,,No unique legally curated target found.
dim_region.csv,Massachusetts / Southeastern New England,1,other,,massachusetts southeastern new england,curated_compound_to_specific,0.97,AU-ORI-NEW-ENGLAND-AUSTRALIA,AU,New South Wales,New England Australia,appellation,Compound auction label contains a unique or hierarchically most specific curated target.
dim_region.csv,Mazowieckie,1,other,,mazowieckie,unresolved_requires_review,0,,,,,,No unique legally curated target found.
dim_region.csv,McLaren Vale-Barossa Valley,1,other,,mclaren vale barossa valley,ambiguous_requires_context,0,,,,,,Compound auction label contains 3 distinct curated targets.
dim_region.csv,McLaren Vale-Coonawarra-Goulburn Valley,1,other,,mclaren vale coonawarra goulburn valley,ambiguous_requires_context,0,,,,,,Compound auction label contains 3 distinct curated targets.
dim_region.csv,McLaren Vale-Mt Barker,1,other,,mclaren vale mt barker,curated_compound_to_specific,0.97,AU-ORI-MCLAREN-VALE,AU,South Australia,McLaren Vale,appellation,Compound auction label contains a unique or hierarchically most specific curated target.
dim_region.csv,McLaren Vale-Padthaway-Beechworth,1,other,,mclaren vale padthaway beechworth,ambiguous_requires_context,0,,,,,,Compound auction label contains 3 distinct curated targets.
dim_region.csv,McLaren Vale-Wrattonbully,1,other,,mclaren vale wrattonbully,ambiguous_requires_context,0,,,,,,Compound auction label contains 2 distinct curated targets.
dim_region.csv,Medoc - Montepulciano d'Abruzzo,1,other,,medoc montepulciano d abruzzo,curated_compound_to_specific,0.97,IT-ORI-MONTEPULCIANO-D-ABRUZZO,IT,Abruzzo,Montepulciano d'Abruzzo,appellation,Compound auction label contains a unique or hierarchically most specific curated target.
dim_region.csv,Mendocino County,1,other,,mendocino county,unresolved_requires_review,0,,,,,,No unique legally curated target found.
dim_region.csv,Metodo Classico,1,other,,metodo classico,unresolved_requires_review,0,,,,,,No unique legally curated target found.
dim_region.csv,Meursault Chevalieres,1,other,,meursault chevalieres,curated_compound_to_specific,0.97,FR-ORI-MEURSAULT,FR,Bourgogne,Meursault,appellation,Compound auction label contains a unique or hierarchically most specific curated target.
dim_region.csv,Milicevo selo,1,other,,milicevo selo,unresolved_requires_review,0,,,,,,No unique legally curated target found.
dim_region.csv,Minnesota / Alexandria Lakes,1,other,,minnesota alexandria lakes,unresolved_requires_review,0,,,,,,No unique legally curated target found.
dim_region.csv,Mittelbergheim,1,other,,mittelbergheim,unresolved_requires_review,0,,,,,,No unique legally curated target found.
dim_region.csv,Mittelrhein,1,other,,mittelrhein,normalized_exact,1,DE-ORI-MITTELRHEIN,DE,Mittelrhein,Mittelrhein,appellation,"Accent, punctuation, whitespace and legal suffixes normalized."
dim_region.csv,Mitttelwihr,1,other,,mitttelwihr,unresolved_requires_review,0,,,,,,No unique legally curated target found.
dim_region.csv,Molina,1,other,,molina,unresolved_requires_review,0,,,,,,No unique legally curated target found.
dim_region.csv,"Montalcino, Toscana  - Super Tuscan",1,other,,montalcino toscana super tuscan,curated_compound_to_specific,0.97,IT-ORI-TOSCANA,IT,Toscana,Toscana,appellation,Compound auction label contains a unique or hierarchically most specific curated target.
dim_region.csv,Montecucco DOC,1,other,,montecucco doc,unresolved_requires_review,0,,,,,,No unique legally curated target found.
dim_region.csv,Montefalco Bianco,1,other,,montefalco bianco,curated_compound_to_specific,0.97,IT-ORI-MONTEFALCO,IT,Umbria,Montefalco,appellation,Compound auction label contains a unique or hierarchically most specific curated target.
dim_region.csv,Monterrei,1,other,,monterrei,unresolved_requires_review,0,,,,,,No unique legally curated target found.
dim_region.csv,Montescudaio Rosso - Tuscany,1,other,,montescudaio rosso tuscany,curated_compound_to_specific,0.97,IT-ORI-TOSCANA,IT,Toscana,Toscana,appellation,Compound auction label contains a unique or hierarchically most specific curated target.
dim_region.csv,Monticello,1,other,,monticello,unresolved_requires_review,0,,,,,,No unique legally curated target found.
dim_region.csv,Monto,1,other,,monto,unresolved_requires_review,0,,,,,,No unique legally curated target found.
dim_region.csv,Montravel,1,other,,montravel,unresolved_requires_review,0,,,,,,No unique legally curated target found.
dim_region.csv,Montville,1,other,,montville,unresolved_requires_review,0,,,,,,No unique legally curated target found.
dim_region.csv,Mosel / Saar,1,other,,mosel saar,curated_compound_to_specific,0.97,DE-ORI-MOSEL,DE,Mosel,Mosel,appellation,Compound auction label contains a unique or hierarchically most specific curated target.
dim_region.csv,Mt Cotton,1,other,,mt cotton,unresolved_requires_review,0,,,,,,No unique legally curated target found.
dim_region.csv,Much Ado About Nothing,1,other,,much ado about nothing,unresolved_requires_review,0,,,,,,No unique legally curated target found.
dim_region.csv,Murgers cuvee Guyard de Chaugey,1,other,,murgers cuvee guyard de chaugey,unresolved_requires_review,0,,,,,,No unique legally curated target found.
dim_region.csv,Murray Valley,1,other,,murray valley,unresolved_requires_review,0,,,,,,No unique legally curated target found.
dim_region.csv,Muscadet Blanc,1,other,,muscadet blanc,unresolved_requires_review,0,,,,,,No unique legally curated target found.
dim_region.csv,Muscat de Lunel,1,other,,muscat de lunel,unresolved_requires_review,0,,,,,,No unique legally curated target found.
dim_region.csv,Muscat de Saint-Jean de Minervois,1,other,,muscat de saint jean de minervois,curated_compound_to_specific,0.97,FR-ORI-MINERVOIS,FR,Languedoc-Roussillon,Minervois,appellation,Compound auction label contains a unique or hierarchically most specific curated target.
dim_region.csv,Muster Macquarie University Tawny Port,1,other,,muster macquarie university tawny port,unresolved_requires_review,0,,,,,,No unique legally curated target found.
dim_region.csv,Mülheimer,1,other,,mulheimer,unresolved_requires_review,0,,,,,,No unique legally curated target found.
dim_region.csv,Mülheimer Sonnenlay,1,other,,mulheimer sonnenlay,unresolved_requires_review,0,,,,,,No unique legally curated target found.
dim_region.csv,NZ-Chile,1,other,,nz chile,curated_compound_to_specific,0.97,CL-COUNTRY,CL,,,country,Compound auction label contains a unique or hierarchically most specific curated target.
dim_region.csv,Nagano Prefecture,1,other,,nagano prefecture,unresolved_requires_review,0,,,,,,No unique legally curated target found.
dim_region.csv,Nascetta del Comune Di Novello,1,other,,nascetta del comune di novello,unresolved_requires_review,0,,,,,,No unique legally curated target found.
dim_region.csv,Natural Sweet Muscadel,1,other,,natural sweet muscadel,unresolved_requires_review,0,,,,,,No unique legally curated target found.
dim_region.csv,Nelson-Marlborough,1,other,,nelson marlborough,ambiguous_requires_context,0,,,,,,Compound auction label contains 2 distinct curated targets.
dim_region.csv,Nevada,1,other,,nevada,unresolved_requires_review,0,,,,,,No unique legally curated target found.
dim_region.csv,New Richmond,1,other,,new richmond,unresolved_requires_review,0,,,,,,No unique legally curated target found.
dim_region.csv,New South Walse,1,other,,new south walse,unresolved_requires_review,0,,,,,,No unique legally curated target found.
dim_region.csv,New York / Central Delaware Valley,1,other,,new york central delaware valley,unresolved_requires_review,0,,,,,,No unique legally curated target found.
dim_region.csv,New York / Niagara Escarpment,1,other,,new york niagara escarpment,unresolved_requires_review,0,,,,,,No unique legally curated target found.
dim_region.csv,New York State,1,other,,new york state,unresolved_requires_review,0,,,,,,No unique legally curated target found.
dim_region.csv,New Zealand/Australia,1,other,,new zealand australia,ambiguous_requires_context,0,,,,,,Compound auction label contains 2 distinct curated targets.
dim_region.csv,Nine People,1,other,,nine people,unresolved_requires_review,0,,,,,,No unique legally curated target found.
dim_region.csv,Noosa,1,other,,noosa,unresolved_requires_review,0,,,,,,No unique legally curated target found.
dim_region.csv,Nord Piemonte,1,other,,nord piemonte,curated_compound_to_specific,0.97,IT-ORI-PIEMONTE,IT,Piemonte,Piemonte,appellation,Compound auction label contains a unique or hierarchically most specific curated target.
dim_region.csv,Norfolk Island,1,other,,norfolk island,unresolved_requires_review,0,,,,,,No unique legally curated target found.
dim_region.csv,North East Victoria-Geelong-Heathcote,1,other,,north east victoria geelong heathcote,ambiguous_requires_context,0,,,,,,Compound auction label contains 4 distinct curated targets.
dim_region.csv,North Island / Hawke’s Bay,1,other,,north island hawke s bay,curated_compound_to_specific,0.97,NZ-ORI-HAWKE-S-BAY,NZ,Hawke's Bay,Hawke's Bay,appellation,Compound auction label contains a unique or hierarchically most specific curated target.
dim_region.csv,Norway,1,other,,norway,unresolved_requires_review,0,,,,,,No unique legally curated target found.
dim_region.csv,Nov 1993-Aug 2004,1,other,,nov 1993 aug 2004,unresolved_requires_review,0,,,,,,No unique legally curated target found.
dim_region.csv,Nubian,1,other,,nubian,unresolved_requires_review,0,,,,,,No unique legally curated target found.
dim_region.csv,Nuits-Meurgers,1,other,,nuits meurgers,unresolved_requires_review,0,,,,,,No unique legally curated target found.
dim_region.csv,Nuits-Saint-Georges Les Cailles - Borgogna,1,other,,nuits saint georges les cailles borgogna,curated_compound_to_specific,0.97,FR-ORI-NUITS-SAINT-GEORGES,FR,Bourgogne,Nuits-Saint-Georges,appellation,Compound auction label contains a unique or hierarchically most specific curated target.
dim_region.csv,OCEANS AT MOOLOOLABA & OPERA QUEENSLAND Two nights in a three bedroom apartment and two A-Reserve tickets to an Opera Queensland performance,1,other,,oceans at mooloolaba and opera queensland two nights in a three bedroom apartment and two a reserve tickets to an opera queensland performance,curated_compound_to_specific,0.97,AU-REG-QUEENSLAND,AU,Queensland,,region,Compound auction label contains a unique or hierarchically most specific curated target.
dim_region.csv,Occitanie,1,other,,occitanie,unresolved_requires_review,0,,,,,,No unique legally curated target found.
dim_region.csv,Old Tawny Port,1,other,,old tawny port,unresolved_requires_review,0,,,,,,No unique legally curated target found.
dim_region.csv,Online,1,other,,online,unresolved_requires_review,0,,,,,,No unique legally curated target found.
dim_region.csv,Opera's Schools Program Charity,1,other,,opera s schools program charity,unresolved_requires_review,0,,,,,,No unique legally curated target found.
dim_region.csv,Orange Highlands,1,other,,orange highlands,curated_compound_to_specific,0.97,AU-ORI-ORANGE,AU,New South Wales,Orange,appellation,Compound auction label contains a unique or hierarchically most specific curated target.
dim_region.csv,Orange-Hilltops-Hunter Valley,1,other,,orange hilltops hunter valley,ambiguous_requires_context,0,,,,,,Compound auction label contains 3 distinct curated targets.
dim_region.csv,Orange/Hunter Valley,1,other,,orange hunter valley,ambiguous_requires_context,0,,,,,,Compound auction label contains 2 distinct curated targets.
dim_region.csv,Osaka,1,other,,osaka,unresolved_requires_review,0,,,,,,No unique legally curated target found.
dim_region.csv,Pago Casa del Blanco,1,other,,pago casa del blanco,unresolved_requires_review,0,,,,,,No unique legally curated target found.
dim_region.csv,Painted and Signed by Pro Hart,1,other,,painted and signed by pro hart,unresolved_requires_review,0,,,,,,No unique legally curated target found.
dim_region.csv,Panama,1,other,,panama,unresolved_requires_review,0,,,,,,No unique legally curated target found.
dim_region.csv,Paoca,1,other,,paoca,unresolved_requires_review,0,,,,,,No unique legally curated target found.
dim_region.csv,Passion Fruit with Cognac Liqueur,1,other,,passion fruit with cognac liqueur,excluded_non_wine_origin,1,,,,,,"Blend placeholder, unknown value, or spirits/non-wine geography outside this wine-origin reference."
dim_region.csv,Passito,1,other,,passito,unresolved_requires_review,0,,,,,,No unique legally curated target found.
dim_region.csv,Pays D'Auge,1,other,,pays d auge,unresolved_requires_review,0,,,,,,No unique legally curated target found.
dim_region.csv,Pays d'Oc,1,other,,pays d oc,normalized_exact,1,FR-ORI-PAYS-D-OC,FR,Languedoc-Roussillon,Pays d'Oc,appellation,"Accent, punctuation, whitespace and legal suffixes normalized."
dim_region.csv,Peloponnese,1,other,,peloponnese,unresolved_requires_review,0,,,,,,No unique legally curated target found.
dim_region.csv,Perricoota,1,other,,perricoota,unresolved_requires_review,0,,,,,,No unique legally curated target found.
dim_region.csv,Petit Chablis AC,1,other,,petit chablis ac,curated_compound_to_specific,0.97,FR-ORI-PETIT-CHABLIS,FR,Bourgogne,Petit Chablis,appellation,Compound auction label contains a unique or hierarchically most specific curated target.
dim_region.csv,Petite Syrah Carignan Grenache,1,other,,petite syrah carignan grenache,unresolved_requires_review,0,,,,,,No unique legally curated target found.
dim_region.csv,Piemonte - Gattinara,1,other,,piemonte gattinara,curated_compound_to_specific,0.97,IT-ORI-GATTINARA,IT,Piemonte,Gattinara,appellation,Compound auction label contains a unique or hierarchically most specific curated target.
dim_region.csv,Piemonte - Vini Dolci,1,other,,piemonte vini dolci,curated_compound_to_specific,0.97,IT-ORI-PIEMONTE,IT,Piemonte,Piemonte,appellation,Compound auction label contains a unique or hierarchically most specific curated target.
dim_region.csv,Piemonte - Whisky,1,other,,piemonte whisky,excluded_non_wine_origin,1,,,,,,"Blend placeholder, unknown value, or spirits/non-wine geography outside this wine-origin reference."
dim_region.csv,"Piemonte, Toscana  - Denominazioni varie",1,other,,piemonte toscana denominazioni varie,ambiguous_requires_context,0,,,,,,Compound auction label contains 2 distinct curated targets.
dim_region.csv,"Piemonte, Toscana  - Grappa",1,other,,piemonte toscana grappa,ambiguous_requires_context,0,,,,,,Compound auction label contains 2 distinct curated targets.
dim_region.csv,Pinot Grigio delle Venezie,1,other,,pinot grigio delle venezie,curated_compound_to_specific,0.97,IT-ORI-DELLE-VENEZIE,IT,Veneto,Delle Venezie,appellation,Compound auction label contains a unique or hierarchically most specific curated target.
dim_region.csv,Pisa,1,other,,pisa,unresolved_requires_review,0,,,,,,No unique legally curated target found.
dim_region.csv,Pisco,1,other,,pisco,unresolved_requires_review,0,,,,,,No unique legally curated target found.
dim_region.csv,Plus 6 Bottles of Wine Other,1,other,,plus 6 bottles of wine other,unresolved_requires_review,0,,,,,,No unique legally curated target found.
dim_region.csv,Plus A Magnum of 99 Point wine Shiraz,1,other,,plus a magnum of 99 point wine shiraz,unresolved_requires_review,0,,,,,,No unique legally curated target found.
dim_region.csv,Pomerol - Brunello di Montalcino,1,other,,pomerol brunello di montalcino,ambiguous_requires_context,0,,,,,,Compound auction label contains 2 distinct curated targets.
dim_region.csv,Pomorie,1,other,,pomorie,unresolved_requires_review,0,,,,,,No unique legally curated target found.
dim_region.csv,Portalegre,1,other,,portalegre,unresolved_requires_review,0,,,,,,No unique legally curated target found.
dim_region.csv,Portogallo,1,other,,portogallo,unresolved_requires_review,0,,,,,,No unique legally curated target found.
dim_region.csv,Portogallo - VINI LIQUOROSI,1,other,,portogallo vini liquorosi,unresolved_requires_review,0,,,,,,No unique legally curated target found.
dim_region.csv,Portogallo - Whisky,1,other,,portogallo whisky,excluded_non_wine_origin,1,,,,,,"Blend placeholder, unknown value, or spirits/non-wine geography outside this wine-origin reference."
dim_region.csv,"Portogallo, Francia,  Italia - Distillati",1,other,,portogallo francia italia distillati,ambiguous_requires_context,0,,,,,,Compound auction label contains 2 distinct curated targets.
dim_region.csv,Poysdorfer Schneiderberg,1,other,,poysdorfer schneiderberg,unresolved_requires_review,0,,,,,,No unique legally curated target found.
dim_region.csv,Primitivo di Manduria D.O.P,1,other,,primitivo di manduria d o p,curated_compound_to_specific,0.97,IT-ORI-PRIMITIVO-DI-MANDURIA,IT,Puglia,Primitivo di Manduria,appellation,Compound auction label contains a unique or hierarchically most specific curated target.
dim_region.csv,Prince Edward County,1,other,,prince edward county,normalized_exact,1,CA-ORI-PRINCE-EDWARD-COUNTY,CA,Ontario,Prince Edward County,appellation,"Accent, punctuation, whitespace and legal suffixes normalized."
dim_region.csv,Princeton,1,other,,princeton,unresolved_requires_review,0,,,,,,No unique legally curated target found.
dim_region.csv,Progreso,1,other,,progreso,unresolved_requires_review,0,,,,,,No unique legally curated target found.
dim_region.csv,Prosecco Brut,1,other,,prosecco brut,curated_compound_to_specific,0.97,IT-ORI-PROSECCO,IT,Veneto,Prosecco,appellation,Compound auction label contains a unique or hierarchically most specific curated target.
dim_region.csv,Prosecco di Valdobbiadene,1,other,,prosecco di valdobbiadene,curated_compound_to_specific,0.97,IT-ORI-PROSECCO,IT,Veneto,Prosecco,appellation,Compound auction label contains a unique or hierarchically most specific curated target.
dim_region.csv,Provence / Cassis / Bouches-du-Rhône,1,other,,provence cassis bouches du rhone,curated_compound_to_specific,0.97,FR-ORI-CASSIS,FR,Provence,Cassis,appellation,Compound auction label contains a unique or hierarchically most specific curated target.
dim_region.csv,Pyrenees-McLaren Vale,1,other,,pyrenees mclaren vale,ambiguous_requires_context,0,,,,,,Compound auction label contains 2 distinct curated targets.
dim_region.csv,QLD With Three of Your Friends,1,other,,qld with three of your friends,unresolved_requires_review,0,,,,,,No unique legally curated target found.
dim_region.csv,Racha,1,other,,racha,unresolved_requires_review,0,,,,,,No unique legally curated target found.
dim_region.csv,Ramandolo,1,other,,ramandolo,unresolved_requires_review,0,,,,,,No unique legally curated target found.
dim_region.csv,Rancho Santa Rosa,1,other,,rancho santa rosa,unresolved_requires_review,0,,,,,,No unique legally curated target found.
dim_region.csv,Rapsani,1,other,,rapsani,unresolved_requires_review,0,,,,,,No unique legally curated target found.
dim_region.csv,Rattlesnake Hills,1,other,,rattlesnake hills,unresolved_requires_review,0,,,,,,No unique legally curated target found.
dim_region.csv,Recioto della valpolicella Classico,1,other,,recioto della valpolicella classico,curated_compound_to_specific,0.97,IT-ORI-VALPOLICELLA,IT,Veneto,Valpolicella,appellation,Compound auction label contains a unique or hierarchically most specific curated target.
dim_region.csv,Recioto della valpolicella DOCG Cla,1,other,,recioto della valpolicella docg cla,curated_compound_to_specific,0.97,IT-ORI-VALPOLICELLA,IT,Veneto,Valpolicella,appellation,Compound auction label contains a unique or hierarchically most specific curated target.
dim_region.csv,Repubblica Domenicana - Rum,1,other,,repubblica domenicana rum,unresolved_requires_review,0,,,,,,No unique legally curated target found.
dim_region.csv,Reserva 890,1,other,,reserva 890,unresolved_requires_review,0,,,,,,No unique legally curated target found.
dim_region.csv,Rever,1,other,,rever,unresolved_requires_review,0,,,,,,No unique legally curated target found.
dim_region.csv,Reynella District S.A.,1,other,,reynella district s a,unresolved_requires_review,0,,,,,,No unique legally curated target found.
dim_region.csv,Rheingau Deinhard,1,other,,rheingau deinhard,curated_compound_to_specific,0.97,DE-ORI-RHEINGAU,DE,Rheingau,Rheingau,appellation,Compound auction label contains a unique or hierarchically most specific curated target.
dim_region.csv,Rhone Valley,1,other,,rhone valley,normalized_exact,1,FR-REG-RHONE-VALLEY,FR,Rhône Valley,,region,"Accent, punctuation, whitespace and legal suffixes normalized."
dim_region.csv,Rhône / Coteaux de l'Ardèche,1,other,,rhone coteaux de l ardeche,ambiguous_requires_context,0,,,,,,Compound auction label contains 2 distinct curated targets.
dim_region.csv,Rhône / Crozes-Hermitage,1,other,,rhone crozes hermitage,ambiguous_requires_context,0,,,,,,Compound auction label contains 3 distinct curated targets.
dim_region.csv,Rhône / Côte-Rôtie,1,other,,rhone cote rotie,ambiguous_requires_context,0,,,,,,Compound auction label contains 2 distinct curated targets.
dim_region.csv,Rhône / Côtes du Rhône Villages,1,other,,rhone cotes du rhone villages,ambiguous_requires_context,0,,,,,,Compound auction label contains 3 distinct curated targets.
dim_region.csv,Rhône / Vacqueyras,1,other,,rhone vacqueyras,ambiguous_requires_context,0,,,,,,Compound auction label contains 2 distinct curated targets.
dim_region.csv,Ribatejo,1,other,,ribatejo,unresolved_requires_review,0,,,,,,No unique legally curated target found.
dim_region.csv,Riverina - New South Wales,1,other,,riverina new south wales,curated_compound_to_specific,0.97,AU-ORI-RIVERINA,AU,New South Wales,Riverina,appellation,Compound auction label contains a unique or hierarchically most specific curated target.
dim_region.csv,Riverina-Hilltops,1,other,,riverina hilltops,ambiguous_requires_context,0,,,,,,Compound auction label contains 2 distinct curated targets.
dim_region.csv,Robinson Mixed 6 Pack,1,other,,robinson mixed 6 pack,unresolved_requires_review,0,,,,,,No unique legally curated target found.
dim_region.csv,Roccamonfina,1,other,,roccamonfina,unresolved_requires_review,0,,,,,,No unique legally curated target found.
dim_region.csv,Rogue River,1,other,,rogue river,unresolved_requires_review,0,,,,,,No unique legally curated target found.
dim_region.csv,Romanee-Saint-Vivant - Borgogna,1,other,,romanee saint vivant borgogna,curated_compound_to_specific,0.97,FR-ORI-ROMANEE-SAINT-VIVANT,FR,Bourgogne,Romanée-Saint-Vivant,appellation,Compound auction label contains a unique or hierarchically most specific curated target.
dim_region.csv,Rorschwihr,1,other,,rorschwihr,unresolved_requires_review,0,,,,,,No unique legally curated target found.
dim_region.csv,Rose Champagne,1,other,,rose champagne,curated_compound_to_specific,0.97,FR-ORI-CHAMPAGNE,FR,Champagne,Champagne,appellation,Compound auction label contains a unique or hierarchically most specific curated target.
dim_region.csv,Rose des Pyrenees,1,other,,rose des pyrenees,curated_compound_to_specific,0.97,AU-ORI-PYRENEES,AU,Victoria,Pyrenees,appellation,Compound auction label contains a unique or hierarchically most specific curated target.
dim_region.csv,Rosso Conero,1,other,,rosso conero,unresolved_requires_review,0,,,,,,No unique legally curated target found.
dim_region.csv,Rosso Conero DOC,1,other,,rosso conero doc,unresolved_requires_review,0,,,,,,No unique legally curated target found.
dim_region.csv,Rosso Di Montalcino,1,other,,rosso di montalcino,normalized_exact,1,IT-ORI-ROSSO-DI-MONTALCINO,IT,Toscana,Rosso di Montalcino,appellation,"Accent, punctuation, whitespace and legal suffixes normalized."
dim_region.csv,Rosso Riserva,1,other,,rosso riserva,unresolved_requires_review,0,,,,,,No unique legally curated target found.
dim_region.csv,Rosso Veronese,1,other,,rosso veronese,unresolved_requires_review,0,,,,,,No unique legally curated target found.
dim_region.csv,Rouge Valley,1,other,,rouge valley,unresolved_requires_review,0,,,,,,No unique legally curated target found.
dim_region.csv,Royal Doulton Decanter,1,other,,royal doulton decanter,unresolved_requires_review,0,,,,,,No unique legally curated target found.
dim_region.csv,Rumanien DOCG,1,other,,rumanien docg,unresolved_requires_review,0,,,,,,No unique legally curated target found.
dim_region.csv,Réunion,1,other,,reunion,unresolved_requires_review,0,,,,,,No unique legally curated target found.
dim_region.csv,Rías Baixas,1,other,,rias baixas,normalized_exact,1,ES-ORI-RIAS-BAIXAS,ES,Galicia,Rías Baixas,appellation,"Accent, punctuation, whitespace and legal suffixes normalized."
dim_region.csv,SA,1,other,,sa,unresolved_requires_review,0,,,,,,No unique legally curated target found.
dim_region.csv,Sailor,1,other,,sailor,unresolved_requires_review,0,,,,,,No unique legally curated target found.
dim_region.csv,Saint Jean de Blaignac,1,other,,saint jean de blaignac,unresolved_requires_review,0,,,,,,No unique legally curated target found.
dim_region.csv,Saint Lucia,1,other,,saint lucia,unresolved_requires_review,0,,,,,,No unique legally curated target found.
dim_region.csv,Saint Pourcain AC,1,other,,saint pourcain ac,unresolved_requires_review,0,,,,,,No unique legally curated target found.
dim_region.csv,Saint-Chinian-Berlou AC,1,other,,saint chinian berlou ac,unresolved_requires_review,0,,,,,,No unique legally curated target found.
dim_region.csv,Saint-Pierre Sancerre,1,other,,saint pierre sancerre,curated_compound_to_specific,0.97,FR-ORI-SANCERRE,FR,Loire Valley,Sancerre,appellation,Compound auction label contains a unique or hierarchically most specific curated target.
dim_region.csv,Salvador Dali),1,other,,salvador dali,unresolved_requires_review,0,,,,,,No unique legally curated target found.
dim_region.csv,San Gimignano DOC,1,other,,san gimignano doc,unresolved_requires_review,0,,,,,,No unique legally curated target found.
dim_region.csv,San Luis Obispo,1,other,,san luis obispo,unresolved_requires_review,0,,,,,,No unique legally curated target found.
dim_region.csv,San Severo,1,other,,san severo,unresolved_requires_review,0,,,,,,No unique legally curated target found.
dim_region.csv,Sangiovese Ravenna IGT,1,other,,sangiovese ravenna igt,unresolved_requires_review,0,,,,,,No unique legally curated target found.
dim_region.csv,Sangiovese-Cabernet,1,other,,sangiovese cabernet,unresolved_requires_review,0,,,,,,No unique legally curated target found.
dim_region.csv,Sant'Antimo,1,other,,sant antimo,unresolved_requires_review,0,,,,,,No unique legally curated target found.
dim_region.csv,Santa Catarina,1,other,,santa catarina,unresolved_requires_review,0,,,,,,No unique legally curated target found.
dim_region.csv,Santenay Maladiere,1,other,,santenay maladiere,curated_compound_to_specific,0.97,FR-ORI-SANTENAY,FR,Bourgogne,Santenay,appellation,Compound auction label contains a unique or hierarchically most specific curated target.
dim_region.csv,Saratoga,1,other,,saratoga,unresolved_requires_review,0,,,,,,No unique legally curated target found.
dim_region.csv,Sardegna - Vernaccia,1,other,,sardegna vernaccia,curated_compound_to_specific,0.97,IT-REG-SARDEGNA,IT,Sardegna,,region,Compound auction label contains a unique or hierarchically most specific curated target.
dim_region.csv,Saucepan and Gift Voucher,1,other,,saucepan and gift voucher,unresolved_requires_review,0,,,,,,No unique legally curated target found.
dim_region.csv,Sauvignon de Saint-Bris,1,other,,sauvignon de saint bris,unresolved_requires_review,0,,,,,,No unique legally curated target found.
dim_region.csv,Savigny-Dominode,1,other,,savigny dominode,unresolved_requires_review,0,,,,,,No unique legally curated target found.
dim_region.csv,Savigny-Marconnets,1,other,,savigny marconnets,unresolved_requires_review,0,,,,,,No unique legally curated target found.
dim_region.csv,Scandaleuse Chirouble,1,other,,scandaleuse chirouble,unresolved_requires_review,0,,,,,,No unique legally curated target found.
dim_region.csv,Schaffhausen / Klettgau,1,other,,schaffhausen klettgau,curated_compound_to_specific,0.97,CH-ORI-SCHAFFHAUSEN,CH,Schaffhausen,Schaffhausen,appellation,Compound auction label contains a unique or hierarchically most specific curated target.
dim_region.csv,Schleswig-Holstein,1,other,,schleswig holstein,unresolved_requires_review,0,,,,,,No unique legally curated target found.
dim_region.csv,Scotland 40% ABV,1,other,,scotland 40 abv,unresolved_requires_review,0,,,,,,No unique legally curated target found.
dim_region.csv,Scozia,1,other,,scozia,unresolved_requires_review,0,,,,,,No unique legally curated target found.
dim_region.csv,Scozia - Brandy,1,other,,scozia brandy,unresolved_requires_review,0,,,,,,No unique legally curated target found.
dim_region.csv,Scozia - Denominazioni varie,1,other,,scozia denominazioni varie,unresolved_requires_review,0,,,,,,No unique legally curated target found.
dim_region.csv,Scozia - Gin,1,other,,scozia gin,unresolved_requires_review,0,,,,,,No unique legally curated target found.
dim_region.csv,"Scozia, USA, Irlanda - Whisky",1,other,,scozia usa irlanda whisky,excluded_non_wine_origin,1,,,,,,"Blend placeholder, unknown value, or spirits/non-wine geography outside this wine-origin reference."
dim_region.csv,Sebino IGT,1,other,,sebino igt,unresolved_requires_review,0,,,,,,No unique legally curated target found.
dim_region.csv,Serbia,1,other,,serbia,unresolved_requires_review,0,,,,,,No unique legally curated target found.
dim_region.csv,SevenHill Shiraz Cabernet,1,other,,sevenhill shiraz cabernet,unresolved_requires_review,0,,,,,,No unique legally curated target found.
dim_region.csv,Sforzato di Valtellina,1,other,,sforzato di valtellina,curated_compound_to_specific,0.97,IT-ORI-VALTELLINA,IT,Lombardia,Valtellina,appellation,Compound auction label contains a unique or hierarchically most specific curated target.
dim_region.csv,Sherry,1,other,,sherry,unresolved_requires_review,0,,,,,,No unique legally curated target found.
dim_region.csv,Shiraz,1,other,,shiraz,unresolved_requires_review,0,,,,,,No unique legally curated target found.
dim_region.csv,Shiraz Malbec And Riesling 2 Bottles Each,1,other,,shiraz malbec and riesling 2 bottles each,unresolved_requires_review,0,,,,,,No unique legally curated target found.
dim_region.csv,Shiraz and Merlot,1,other,,shiraz and merlot,unresolved_requires_review,0,,,,,,No unique legally curated target found.
dim_region.csv,Sicilia  - Distillati,1,other,,sicilia distillati,curated_compound_to_specific,0.97,IT-ORI-SICILIA,IT,Sicilia,Sicilia,appellation,Compound auction label contains a unique or hierarchically most specific curated target.
dim_region.csv,Sicilia  - Faro,1,other,,sicilia faro,curated_compound_to_specific,0.97,IT-ORI-SICILIA,IT,Sicilia,Sicilia,appellation,Compound auction label contains a unique or hierarchically most specific curated target.
dim_region.csv,Sicilia  - Vini Dolci,1,other,,sicilia vini dolci,curated_compound_to_specific,0.97,IT-ORI-SICILIA,IT,Sicilia,Sicilia,appellation,Compound auction label contains a unique or hierarchically most specific curated target.
dim_region.csv,Sicily - Distillati,1,other,,sicily distillati,curated_compound_to_specific,0.97,IT-ORI-SICILIA,IT,Sicilia,Sicilia,appellation,Compound auction label contains a unique or hierarchically most specific curated target.
dim_region.csv,Sierra De La Pila,1,other,,sierra de la pila,unresolved_requires_review,0,,,,,,No unique legally curated target found.
dim_region.csv,Sierra Foothills,1,other,,sierra foothills,unresolved_requires_review,0,,,,,,No unique legally curated target found.
dim_region.csv,Similkameen Valley,1,other,,similkameen valley,unresolved_requires_review,0,,,,,,No unique legally curated target found.
dim_region.csv,Single Malt Scotch Whisky,1,other,,single malt scotch whisky,excluded_non_wine_origin,1,,,,,,"Blend placeholder, unknown value, or spirits/non-wine geography outside this wine-origin reference."
dim_region.csv,Single Malt Whisky Scotland,1,other,,single malt whisky scotland,excluded_non_wine_origin,1,,,,,,"Blend placeholder, unknown value, or spirits/non-wine geography outside this wine-origin reference."
dim_region.csv,Single Malt Whisky Speyside,1,other,,single malt whisky speyside,excluded_non_wine_origin,1,,,,,,"Blend placeholder, unknown value, or spirits/non-wine geography outside this wine-origin reference."
dim_region.csv,Single malt Scotch Whisky,1,other,,single malt scotch whisky,excluded_non_wine_origin,1,,,,,,"Blend placeholder, unknown value, or spirits/non-wine geography outside this wine-origin reference."
dim_region.csv,Skadarsko Jezero,1,other,,skadarsko jezero,unresolved_requires_review,0,,,,,,No unique legally curated target found.
dim_region.csv,Slovenia - Denominazioni varie,1,other,,slovenia denominazioni varie,curated_compound_to_specific,0.97,SI-COUNTRY,SI,,,country,Compound auction label contains a unique or hierarchically most specific curated target.
dim_region.csv,Soave  Superiore Classico,1,other,,soave superiore classico,curated_compound_to_specific,0.97,IT-ORI-SOAVE,IT,Veneto,Soave,appellation,Compound auction label contains a unique or hierarchically most specific curated target.
dim_region.csv,Soave Classico Superiore,1,other,,soave classico superiore,curated_compound_to_specific,0.97,IT-ORI-SOAVE,IT,Veneto,Soave,appellation,Compound auction label contains a unique or hierarchically most specific curated target.
dim_region.csv,Soave Superiore DOCG,1,other,,soave superiore docg,curated_compound_to_specific,0.97,IT-ORI-SOAVE,IT,Veneto,Soave,appellation,Compound auction label contains a unique or hierarchically most specific curated target.
dim_region.csv,Sopron,1,other,,sopron,unresolved_requires_review,0,,,,,,No unique legally curated target found.
dim_region.csv,South Australia (DO NOT USE THS CODE) (USE PGH),1,other,,south australia do not use ths code use pgh,curated_compound_to_specific,0.97,AU-ORI-SOUTH-AUSTRALIA,AU,South Australia,South Australia,appellation,Compound auction label contains a unique or hierarchically most specific curated target.
dim_region.csv,South Australia / Clare Valley,1,other,,south australia clare valley,curated_compound_to_specific,0.97,AU-ORI-CLARE-VALLEY,AU,South Australia,Clare Valley,appellation,Compound auction label contains a unique or hierarchically most specific curated target.
dim_region.csv,South Australia-Victoria,1,other,,south australia victoria,ambiguous_requires_context,0,,,,,,Compound auction label contains 2 distinct curated targets.
dim_region.csv,South Coast,1,other,,south coast,unresolved_requires_review,0,,,,,,No unique legally curated target found.
dim_region.csv,South Gippsland (Cork),1,other,,south gippsland cork,curated_compound_to_specific,0.97,AU-ORI-SOUTH-GIPPSLAND,AU,Victoria,South Gippsland,appellation,Compound auction label contains a unique or hierarchically most specific curated target.
dim_region.csv,South Kaipara,1,other,,south kaipara,unresolved_requires_review,0,,,,,,No unique legally curated target found.
dim_region.csv,South Melbourne,1,other,,south melbourne,curated_compound_to_specific,0.97,AU-REG-MELBOURNE,AU,Melbourne,,region,Compound auction label contains a unique or hierarchically most specific curated target.
dim_region.csv,South Wales,1,other,,south wales,unresolved_requires_review,0,,,,,,No unique legally curated target found.
dim_region.csv,South West,1,other,,south west,unresolved_requires_review,0,,,,,,No unique legally curated target found.
dim_region.csv,Southern Blue Dandenongs,1,other,,southern blue dandenongs,unresolved_requires_review,0,,,,,,No unique legally curated target found.
dim_region.csv,Southern Oregon,1,other,,southern oregon,curated_compound_to_specific,0.97,US-ORI-OREGON,US,Oregon,Oregon,appellation,Compound auction label contains a unique or hierarchically most specific curated target.
dim_region.csv,Spagna - Champagne,1,other,,spagna champagne,curated_compound_to_specific,0.97,FR-ORI-CHAMPAGNE,FR,Champagne,Champagne,appellation,Compound auction label contains a unique or hierarchically most specific curated target.
dim_region.csv,Spagna - Gin,1,other,,spagna gin,unresolved_requires_review,0,,,,,,No unique legally curated target found.
dim_region.csv,Spagna - Grappa,1,other,,spagna grappa,unresolved_requires_review,0,,,,,,No unique legally curated target found.
dim_region.csv,Spagna - Spumante,1,other,,spagna spumante,unresolved_requires_review,0,,,,,,No unique legally curated target found.
dim_region.csv,Spagna - Whisky,1,other,,spagna whisky,excluded_non_wine_origin,1,,,,,,"Blend placeholder, unknown value, or spirits/non-wine geography outside this wine-origin reference."
dim_region.csv,Spagna2 - Rioja,1,other,,spagna2 rioja,curated_compound_to_specific,0.97,ES-ORI-RIOJA,ES,Rioja,Rioja,appellation,Compound auction label contains a unique or hierarchically most specific curated target.
dim_region.csv,Spagna2 - Sherry,1,other,,spagna2 sherry,unresolved_requires_review,0,,,,,,No unique legally curated target found.
dim_region.csv,Spirit,1,other,,spirit,unresolved_requires_review,0,,,,,,No unique legally curated target found.
dim_region.csv,Spode Decanter,1,other,,spode decanter,unresolved_requires_review,0,,,,,,No unique legally curated target found.
dim_region.csv,Sqinzano,1,other,,sqinzano,unresolved_requires_review,0,,,,,,No unique legally curated target found.
dim_region.csv,St Armour,1,other,,saint armour,unresolved_requires_review,0,,,,,,No unique legally curated target found.
dim_region.csv,St Helena,1,other,,saint helena,normalized_exact,1,US-REG-SAINT-HELENA,US,St. Helena,,region,"Accent, punctuation, whitespace and legal suffixes normalized."
dim_region.csv,St. Louis,1,other,,saint louis,unresolved_requires_review,0,,,,,,No unique legally curated target found.
dim_region.csv,Stags Leap District,1,other,,stags leap district,normalized_exact,1,US-REG-STAGS-LEAP-DISTRICT,US,Stags Leap District,,region,"Accent, punctuation, whitespace and legal suffixes normalized."
dim_region.csv,Stajerska,1,other,,stajerska,unresolved_requires_review,0,,,,,,No unique legally curated target found.
dim_region.csv,Stanley Wine Co. Riesling,1,other,,stanley wine co riesling,unresolved_requires_review,0,,,,,,No unique legally curated target found.
dim_region.csv,Stati Uniti - Oregon,1,other,,stati uniti oregon,curated_compound_to_specific,0.97,US-ORI-OREGON,US,Oregon,Oregon,appellation,Compound auction label contains a unique or hierarchically most specific curated target.
dim_region.csv,Stati Uniti - Whisky,1,other,,stati uniti whisky,excluded_non_wine_origin,1,,,,,,"Blend placeholder, unknown value, or spirits/non-wine geography outside this wine-origin reference."
dim_region.csv,Stay & Unwind Experience for 2 People,1,other,,stay and unwind experience for 2 people,unresolved_requires_review,0,,,,,,No unique legally curated target found.
dim_region.csv,Stonewell Shiraz 6 750ml mixed set - 2013,1,other,,stonewell shiraz 6 750ml mixed set 2013,unresolved_requires_review,0,,,,,,No unique legally curated target found.
dim_region.csv,Strathbogie Range,1,other,,strathbogie range,suggested_review,0.944,AU-ORI-STRATHBOGIE-RANGES,AU,Victoria,Strathbogie Ranges,appellation,String-similarity suggestion only; not accepted as a confirmed mapping.
dim_region.csv,Strathbogie/King Valley,1,other,,strathbogie king valley,curated_compound_to_specific,0.97,AU-ORI-KING-VALLEY,AU,Victoria,King Valley,appellation,Compound auction label contains a unique or hierarchically most specific curated target.
dim_region.csv,Sud Africa - Rum,1,other,,sud africa rum,unresolved_requires_review,0,,,,,,No unique legally curated target found.
dim_region.csv,Sud-Ouest / Bergerac / Monbazillac,1,other,,sud ouest bergerac monbazillac,curated_compound_to_specific,0.97,FR-REG-SUD-OUEST,FR,Sud-Ouest,,region,Compound auction label contains a unique or hierarchically most specific curated target.
dim_region.csv,Sud-Ouest / Buzet,1,other,,sud ouest buzet,curated_compound_to_specific,0.97,FR-REG-SUD-OUEST,FR,Sud-Ouest,,region,Compound auction label contains a unique or hierarchically most specific curated target.
dim_region.csv,Sud-Ouest / Côtes de Duras,1,other,,sud ouest cotes de duras,curated_compound_to_specific,0.97,FR-REG-SUD-OUEST,FR,Sud-Ouest,,region,Compound auction label contains a unique or hierarchically most specific curated target.
dim_region.csv,Sud-Ouest / Gaillac,1,other,,sud ouest gaillac,curated_compound_to_specific,0.97,FR-REG-SUD-OUEST,FR,Sud-Ouest,,region,Compound auction label contains a unique or hierarchically most specific curated target.
dim_region.csv,Sud-Ouest / Jurançon,1,other,,sud ouest jurancon,curated_compound_to_specific,0.97,FR-ORI-JURANCON,FR,Sud-Ouest,Jurançon,appellation,Compound auction label contains a unique or hierarchically most specific curated target.
dim_region.csv,Sudtirol-Alto Adige,1,other,,sudtirol alto adige,curated_compound_to_specific,0.97,IT-ORI-ALTO-ADIGE,IT,Trentino-Alto Adige,Alto Adige,appellation,Compound auction label contains a unique or hierarchically most specific curated target.
dim_region.csv,Super Tuscan,1,other,,super tuscan,unresolved_requires_review,0,,,,,,No unique legally curated target found.
dim_region.csv,Superiore DOC,1,other,,superiore doc,unresolved_requires_review,0,,,,,,No unique legally curated target found.
dim_region.csv,Surrey,1,other,,surrey,unresolved_requires_review,0,,,,,,No unique legally curated target found.
dim_region.csv,Surry Hills,1,other,,surry hills,unresolved_requires_review,0,,,,,,No unique legally curated target found.
dim_region.csv,Svizzera - Toscana,1,other,,svizzera toscana,curated_compound_to_specific,0.97,IT-ORI-TOSCANA,IT,Toscana,Toscana,appellation,Compound auction label contains a unique or hierarchically most specific curated target.
dim_region.csv,Swansea -Freycinet Coast Tasmania,1,other,,swansea freycinet coast tasmania,curated_compound_to_specific,0.97,AU-ORI-TASMANIA,AU,Tasmania,Tasmania,appellation,Compound auction label contains a unique or hierarchically most specific curated target.
dim_region.csv,Sydney and enjoy A-Reserve Opera Australia tickets,1,other,,sydney and enjoy a reserve opera australia tickets,curated_compound_to_specific,0.97,AU-REG-SYDNEY,AU,Sydney,,region,Compound auction label contains a unique or hierarchically most specific curated target.
dim_region.csv,TAITTINGER,1,other,,taittinger,unresolved_requires_review,0,,,,,,No unique legally curated target found.
dim_region.csv,Tamar Valley - Tasmania,1,other,,tamar valley tasmania,curated_compound_to_specific,0.97,AU-ORI-TAMAR-VALLEY,AU,Tasmania,Tamar Valley,appellation,Compound auction label contains a unique or hierarchically most specific curated target.
dim_region.csv,Tanunda SA,1,other,,tanunda sa,unresolved_requires_review,0,,,,,,No unique legally curated target found.
dim_region.csv,Taste and Graze Experience,1,other,,taste and graze experience,unresolved_requires_review,0,,,,,,No unique legally curated target found.
dim_region.csv,Tasting & Lunch for 2,1,other,,tasting and lunch for 2,unresolved_requires_review,0,,,,,,No unique legally curated target found.
dim_region.csv,Taurasi Docg,1,other,,taurasi docg,normalized_alias,0.99,IT-ORI-TAURASI,IT,Campania,Taurasi,appellation,Curated alias normalized to canonical value.
dim_region.csv,Tawny Oporto,1,other,,tawny oporto,curated_compound_to_specific,0.97,PT-ORI-PORTO,PT,Porto,Porto,appellation,Compound auction label contains a unique or hierarchically most specific curated target.
dim_region.csv,Terre del Volturno IGT,1,other,,terre del volturno igt,unresolved_requires_review,0,,,,,,No unique legally curated target found.
dim_region.csv,The Fall Chardonnay,1,other,,the fall chardonnay,unresolved_requires_review,0,,,,,,No unique legally curated target found.
dim_region.csv,The Great Plain (Alfold),1,other,,the great plain alfold,unresolved_requires_review,0,,,,,,No unique legally curated target found.
dim_region.csv,The Hamptons,1,other,,the hamptons,unresolved_requires_review,0,,,,,,No unique legally curated target found.
dim_region.csv,The Highland,1,other,,the highland,unresolved_requires_review,0,,,,,,No unique legally curated target found.
dim_region.csv,The Highlands Single Malt,1,other,,the highlands single malt,unresolved_requires_review,0,,,,,,No unique legally curated target found.
dim_region.csv,The Icon,1,other,,the icon,unresolved_requires_review,0,,,,,,No unique legally curated target found.
dim_region.csv,The Prince – St Kilda,1,other,,the prince saint kilda,unresolved_requires_review,0,,,,,,No unique legally curated target found.
dim_region.csv,The Second Edition,1,other,,the second edition,unresolved_requires_review,0,,,,,,No unique legally curated target found.
dim_region.csv,Thracian Valley,1,other,,thracian valley,unresolved_requires_review,0,,,,,,No unique legally curated target found.
dim_region.csv,Three Vineyards Cabernet Sauvignon,1,other,,three vineyards cabernet sauvignon,unresolved_requires_review,0,,,,,,No unique legally curated target found.
dim_region.csv,Three Vineyards Shiraz,1,other,,three vineyards shiraz,unresolved_requires_review,0,,,,,,No unique legally curated target found.
dim_region.csv,Thunersee,1,other,,thunersee,unresolved_requires_review,0,,,,,,No unique legally curated target found.
dim_region.csv,Tibet,1,other,,tibet,unresolved_requires_review,0,,,,,,No unique legally curated target found.
dim_region.csv,Tiers VY & Chardonny Chardonnay,1,other,,tiers vy and chardonny chardonnay,unresolved_requires_review,0,,,,,,No unique legally curated target found.
dim_region.csv,Timiș,1,other,,timis,unresolved_requires_review,0,,,,,,No unique legally curated target found.
dim_region.csv,Tocado,1,other,,tocado,unresolved_requires_review,0,,,,,,No unique legally curated target found.
dim_region.csv,Toscana  - Chardonnay,1,other,,toscana chardonnay,curated_compound_to_specific,0.97,IT-ORI-TOSCANA,IT,Toscana,Toscana,appellation,Compound auction label contains a unique or hierarchically most specific curated target.
dim_region.csv,Toscana  - Distillati,1,other,,toscana distillati,curated_compound_to_specific,0.97,IT-ORI-TOSCANA,IT,Toscana,Toscana,appellation,Compound auction label contains a unique or hierarchically most specific curated target.
dim_region.csv,Toscana  - Merlot,1,other,,toscana merlot,curated_compound_to_specific,0.97,IT-ORI-TOSCANA,IT,Toscana,Toscana,appellation,Compound auction label contains a unique or hierarchically most specific curated target.
dim_region.csv,Toscana  - Rosso di Montalcino,1,other,,toscana rosso di montalcino,curated_compound_to_specific,0.97,IT-ORI-ROSSO-DI-MONTALCINO,IT,Toscana,Rosso di Montalcino,appellation,Compound auction label contains a unique or hierarchically most specific curated target.
dim_region.csv,Toscana  - Syrah,1,other,,toscana syrah,curated_compound_to_specific,0.97,IT-ORI-TOSCANA,IT,Toscana,Toscana,appellation,Compound auction label contains a unique or hierarchically most specific curated target.
dim_region.csv,Toscana  - Vini Dolci,1,other,,toscana vini dolci,curated_compound_to_specific,0.97,IT-ORI-TOSCANA,IT,Toscana,Toscana,appellation,Compound auction label contains a unique or hierarchically most specific curated target.
dim_region.csv,Toscana  - Whisky,1,other,,toscana whisky,excluded_non_wine_origin,1,,,,,,"Blend placeholder, unknown value, or spirits/non-wine geography outside this wine-origin reference."
dim_region.csv,Toscana / Chianti classico,1,other,,toscana chianti classico,curated_compound_to_specific,0.97,IT-ORI-CHIANTI-CLASSICO,IT,Toscana,Chianti Classico,appellation,Compound auction label contains a unique or hierarchically most specific curated target.
dim_region.csv,Toscana / Montecucco Sangiovese,1,other,,toscana montecucco sangiovese,curated_compound_to_specific,0.97,IT-ORI-TOSCANA,IT,Toscana,Toscana,appellation,Compound auction label contains a unique or hierarchically most specific curated target.
dim_region.csv,Toscana Rose,1,other,,toscana rose,curated_compound_to_specific,0.97,IT-ORI-TOSCANA,IT,Toscana,Toscana,appellation,Compound auction label contains a unique or hierarchically most specific curated target.
dim_region.csv,Trentino - Alto Adige - Grappa,1,other,,trentino alto adige grappa,ambiguous_requires_context,0,,,,,,Compound auction label contains 2 distinct curated targets.
dim_region.csv,"Trentino - Alto Adige, Toscana , Friuli-Venezia Giulia - Denominazioni varie",1,other,,trentino alto adige toscana friuli venezia giulia denominazioni varie,curated_compound_to_specific,0.97,IT-ORI-VENEZIA-GIULIA,IT,Friuli-Venezia Giulia,Venezia Giulia,appellation,Compound auction label contains a unique or hierarchically most specific curated target.
dim_region.csv,Trittenheim,1,other,,trittenheim,unresolved_requires_review,0,,,,,,No unique legally curated target found.
dim_region.csv,Tumbarumba-Adelaide Hills,1,other,,tumbarumba adelaide hills,ambiguous_requires_context,0,,,,,,Compound auction label contains 3 distinct curated targets.
dim_region.csv,Two Magnum Set 2008 & 2010,1,other,,two magnum set 2008 and 2010,unresolved_requires_review,0,,,,,,No unique legally curated target found.
dim_region.csv,UR/R18,1,other,,ur r18,unresolved_requires_review,0,,,,,,No unique legally curated target found.
dim_region.csv,USA - --- VINI---,1,other,,usa vini,unresolved_requires_review,0,,,,,,No unique legally curated target found.
dim_region.csv,USA - Atlas Peak,1,other,,usa atlas peak,unresolved_requires_review,0,,,,,,No unique legally curated target found.
dim_region.csv,USA - Cabernet,1,other,,usa cabernet,unresolved_requires_review,0,,,,,,No unique legally curated target found.
dim_region.csv,USA' 15 Year Old Single Malt Scotch Whisky 46% ABV,1,other,,usa 15 year old single malt scotch whisky 46 abv,excluded_non_wine_origin,1,,,,,,"Blend placeholder, unknown value, or spirits/non-wine geography outside this wine-origin reference."
dim_region.csv,"USA, Francia - Champagne",1,other,,usa francia champagne,curated_compound_to_specific,0.97,FR-ORI-CHAMPAGNE,FR,Champagne,Champagne,appellation,Compound auction label contains a unique or hierarchically most specific curated target.
dim_region.csv,Umbria / Sagrantino di Montefalco,1,other,,umbria sagrantino di montefalco,curated_compound_to_specific,0.97,IT-ORI-MONTEFALCO-SAGRANTINO,IT,Umbria,Montefalco Sagrantino,appellation,Compound auction label contains a unique or hierarchically most specific curated target.
dim_region.csv,"Umbria, Cile",1,other,,umbria cile,curated_compound_to_specific,0.97,IT-ORI-UMBRIA,IT,Umbria,Umbria,appellation,Compound auction label contains a unique or hierarchically most specific curated target.
dim_region.csv,"Umbria, Piemonte - Denominazioni varie",1,other,,umbria piemonte denominazioni varie,ambiguous_requires_context,0,,,,,,Compound auction label contains 2 distinct curated targets.
dim_region.csv,Ungheria,1,other,,ungheria,unresolved_requires_review,0,,,,,,No unique legally curated target found.
dim_region.csv,"Ungheria, Slovacchia - Vini Dolci",1,other,,ungheria slovacchia vini dolci,unresolved_requires_review,0,,,,,,No unique legally curated target found.
dim_region.csv,V.S.O.P. Reserve Cognac,1,other,,v s o p reserve cognac,excluded_non_wine_origin,1,,,,,,"Blend placeholder, unknown value, or spirits/non-wine geography outside this wine-origin reference."
dim_region.csv,VV/R20,1,other,,vv r20,unresolved_requires_review,0,,,,,,No unique legally curated target found.
dim_region.csv,Val de Loire,1,other,,val de loire,curated_compound_to_specific,0.97,FR-REG-LOIRE-VALLEY,FR,Loire Valley,,region,Compound auction label contains a unique or hierarchically most specific curated target.
dim_region.csv,Valcalepio Rosso,1,other,,valcalepio rosso,unresolved_requires_review,0,,,,,,No unique legally curated target found.
dim_region.csv,Valencay,1,other,,valencay,unresolved_requires_review,0,,,,,,No unique legally curated target found.
dim_region.csv,Valle Central / Valle del Maule,1,other,,valle central valle del maule,curated_compound_to_specific,0.97,CL-ORI-VALLE-DEL-MAULE,CL,Valle Central,Valle del Maule,appellation,Compound auction label contains a unique or hierarchically most specific curated target.
dim_region.csv,Valle Del Itata,1,other,,valle del itata,normalized_exact,1,CL-ORI-VALLE-DEL-ITATA,CL,Región Sur,Valle del Itata,appellation,"Accent, punctuation, whitespace and legal suffixes normalized."
dim_region.csv,Valpolicella - Amarone della Valpolicella,1,other,,valpolicella amarone della valpolicella,curated_compound_to_specific,0.97,IT-ORI-AMARONE-DELLA-VALPOLICELLA,IT,Veneto,Amarone della Valpolicella,appellation,Compound auction label contains a unique or hierarchically most specific curated target.
dim_region.csv,Valpolicella Superiore DOC,1,other,,valpolicella superiore doc,curated_compound_to_specific,0.97,IT-ORI-VALPOLICELLA,IT,Veneto,Valpolicella,appellation,Compound auction label contains a unique or hierarchically most specific curated target.
dim_region.csv,Valul lui Traian,1,other,,valul lui traian,unresolved_requires_review,0,,,,,,No unique legally curated target found.
dim_region.csv,Valvigneres,1,other,,valvigneres,unresolved_requires_review,0,,,,,,No unique legally curated target found.
dim_region.csv,Vecchie Vigne,1,other,,vecchie vigne,unresolved_requires_review,0,,,,,,No unique legally curated target found.
dim_region.csv,Veneto - Distillati,1,other,,veneto distillati,curated_compound_to_specific,0.97,IT-ORI-VENETO,IT,Veneto,Veneto,appellation,Compound auction label contains a unique or hierarchically most specific curated target.
dim_region.csv,Veneto - Vini Dolci,1,other,,veneto vini dolci,curated_compound_to_specific,0.97,IT-ORI-VENETO,IT,Veneto,Veneto,appellation,Compound auction label contains a unique or hierarchically most specific curated target.
dim_region.csv,"Veneto, Piemonte",1,other,,veneto piemonte,ambiguous_requires_context,0,,,,,,Compound auction label contains 2 distinct curated targets.
dim_region.csv,Venezia IGT,1,other,,venezia igt,unresolved_requires_review,0,,,,,,No unique legally curated target found.
dim_region.csv,Venezuela - Rum,1,other,,venezuela rum,unresolved_requires_review,0,,,,,,No unique legally curated target found.
dim_region.csv,Verdicchio dei Castelli,1,other,,verdicchio dei castelli,unresolved_requires_review,0,,,,,,No unique legally curated target found.
dim_region.csv,Verduno Pelaverga DOC,1,other,,verduno pelaverga doc,unresolved_requires_review,0,,,,,,No unique legally curated target found.
dim_region.csv,Vernaccia di San Gimignano,1,other,,vernaccia di san gimignano,unresolved_requires_review,0,,,,,,No unique legally curated target found.
dim_region.csv,Vernaccia di Serrapetrona,1,other,,vernaccia di serrapetrona,unresolved_requires_review,0,,,,,,No unique legally curated target found.
dim_region.csv,Very Old 1969 to 1978 Bottling,1,other,,very old 1969 to 1978 bottling,unresolved_requires_review,0,,,,,,No unique legally curated target found.
dim_region.csv,Victoria-New South Wales,1,other,,victoria new south wales,ambiguous_requires_context,0,,,,,,Compound auction label contains 2 distinct curated targets.
dim_region.csv,Victoria/Tasmania,1,other,,victoria tasmania,ambiguous_requires_context,0,,,,,,Compound auction label contains 2 distinct curated targets.
dim_region.csv,Vieux Cognac,1,other,,vieux cognac,excluded_non_wine_origin,1,,,,,,"Blend placeholder, unknown value, or spirits/non-wine geography outside this wine-origin reference."
dim_region.csv,Villányer,1,other,,villanyer,unresolved_requires_review,0,,,,,,No unique legally curated target found.
dim_region.csv,Vin De Pays Cotes De Thongue,1,other,,vin de pays cotes de thongue,unresolved_requires_review,0,,,,,,No unique legally curated target found.
dim_region.csv,Vin Jaune Arbois,1,other,,vin jaune arbois,curated_compound_to_specific,0.97,FR-ORI-ARBOIS,FR,Jura,Arbois,appellation,Compound auction label contains a unique or hierarchically most specific curated target.
dim_region.csv,Vin Santo Del Chianti Classico DOC,1,other,,vin santo del chianti classico doc,curated_compound_to_specific,0.97,IT-ORI-CHIANTI-CLASSICO,IT,Toscana,Chianti Classico,appellation,Compound auction label contains a unique or hierarchically most specific curated target.
dim_region.csv,Vin de Pays Du Gard,1,other,,vin de pays du gard,unresolved_requires_review,0,,,,,,No unique legally curated target found.
dim_region.csv,Vin de Pays Sables du Golfe du Lion,1,other,,vin de pays sables du golfe du lion,unresolved_requires_review,0,,,,,,No unique legally curated target found.
dim_region.csv,Vin de Pays d'Herault,1,other,,vin de pays d herault,curated_compound_to_specific,0.97,FR-ORI-HERAULT,FR,Languedoc-Roussillon,Hérault,appellation,Compound auction label contains a unique or hierarchically most specific curated target.
dim_region.csv,Vin de Pays d'Oc d'Herault,1,other,,vin de pays d oc d herault,ambiguous_requires_context,0,,,,,,Compound auction label contains 2 distinct curated targets.
dim_region.csv,Vin de Pays de L'Ardeche - Northern Rhone,1,other,,vin de pays de l ardeche northern rhone,ambiguous_requires_context,0,,,,,,Compound auction label contains 2 distinct curated targets.
dim_region.csv,Vin de Pays del' Herault,1,other,,vin de pays del herault,curated_compound_to_specific,0.97,FR-ORI-HERAULT,FR,Languedoc-Roussillon,Hérault,appellation,Compound auction label contains a unique or hierarchically most specific curated target.
dim_region.csv,Vin de Pays des Coteaux du Verdon,1,other,,vin de pays des coteaux du verdon,unresolved_requires_review,0,,,,,,No unique legally curated target found.
dim_region.csv,Vinho de Mesa,1,other,,vinho de mesa,unresolved_requires_review,0,,,,,,No unique legally curated target found.
dim_region.csv,Vino da Tavola Bianco,1,other,,vino da tavola bianco,unresolved_requires_review,0,,,,,,No unique legally curated target found.
dim_region.csv,Vino da Tavola Dolce,1,other,,vino da tavola dolce,unresolved_requires_review,0,,,,,,No unique legally curated target found.
dim_region.csv,Vino da Tavola Rosso,1,other,,vino da tavola rosso,unresolved_requires_review,0,,,,,,No unique legally curated target found.
dim_region.csv,Vino da Tavola della Toscana,1,other,,vino da tavola della toscana,curated_compound_to_specific,0.97,IT-ORI-TOSCANA,IT,Toscana,Toscana,appellation,Compound auction label contains a unique or hierarchically most specific curated target.
dim_region.csv,Vins de L'Orleanais,1,other,,vins de l orleanais,unresolved_requires_review,0,,,,,,No unique legally curated target found.
dim_region.csv,Vintage Cognac,1,other,,vintage cognac,excluded_non_wine_origin,1,,,,,,"Blend placeholder, unknown value, or spirits/non-wine geography outside this wine-origin reference."
dim_region.csv,Virgin Islands,1,other,,virgin islands,unresolved_requires_review,0,,,,,,No unique legally curated target found.
dim_region.csv,Volnay Village,1,other,,volnay village,curated_compound_to_specific,0.97,FR-ORI-VOLNAY,FR,Bourgogne,Volnay,appellation,Compound auction label contains a unique or hierarchically most specific curated target.
dim_region.csv,Volnay-Santenots-du-Milieu,1,other,,volnay santenots du milieu,curated_compound_to_specific,0.97,FR-ORI-VOLNAY,FR,Bourgogne,Volnay,appellation,Compound auction label contains a unique or hierarchically most specific curated target.
dim_region.csv,Waadt / Chablais,1,other,,waadt chablais,ambiguous_requires_context,0,,,,,,Compound auction label contains 2 distinct curated targets.
dim_region.csv,Waikato,1,other,,waikato,unresolved_requires_review,0,,,,,,No unique legally curated target found.
dim_region.csv,Wakayama Prefecture,1,other,,wakayama prefecture,unresolved_requires_review,0,,,,,,No unique legally curated target found.
dim_region.csv,Wallis / Salgesch,1,other,,wallis salgesch,curated_compound_to_specific,0.97,CH-ORI-VALAIS,CH,Valais,Valais,appellation,Compound auction label contains a unique or hierarchically most specific curated target.
dim_region.csv,Wehlener Sonnenuhr Riesling Spätlese Fruchtsüss (Gold Cap),1,other,,wehlener sonnenuhr riesling spatlese fruchtsuss gold cap,unresolved_requires_review,0,,,,,,No unique legally curated target found.
dim_region.csv,Weinviertal,1,other,,weinviertal,unresolved_requires_review,0,,,,,,No unique legally curated target found.
dim_region.csv,West Indies,1,other,,west indies,unresolved_requires_review,0,,,,,,No unique legally curated target found.
dim_region.csv,Western Australia / Margaret River,1,other,,western australia margaret river,curated_compound_to_specific,0.97,AU-ORI-MARGARET-RIVER,AU,Western Australia,Margaret River,appellation,Compound auction label contains a unique or hierarchically most specific curated target.
dim_region.csv,Westkap / Walker Bay,1,other,,westkap walker bay,curated_compound_to_specific,0.97,ZA-ORI-WALKER-BAY,ZA,Cape South Coast,Walker Bay,appellation,Compound auction label contains a unique or hierarchically most specific curated target.
dim_region.csv,White Crozes-Hermitage,1,other,,white crozes hermitage,curated_compound_to_specific,0.97,FR-ORI-CROZES-HERMITAGE,FR,Vallée du Rhône,Crozes-Hermitage,appellation,Compound auction label contains a unique or hierarchically most specific curated target.
dim_region.csv,White Label Pinot Noir,1,other,,white label pinot noir,unresolved_requires_review,0,,,,,,No unique legally curated target found.
dim_region.csv,Wielkopolskie,1,other,,wielkopolskie,unresolved_requires_review,0,,,,,,No unique legally curated target found.
dim_region.csv,Wood Matured Semillon,1,other,,wood matured semillon,unresolved_requires_review,0,,,,,,No unique legally curated target found.
dim_region.csv,Wooloomooloo NSW,1,other,,wooloomooloo nsw,unresolved_requires_review,0,,,,,,No unique legally curated target found.
dim_region.csv,Wrattonbully Single Vineyard,1,other,,wrattonbully single vineyard,curated_compound_to_specific,0.97,AU-ORI-WRATTONBULLY,AU,South Australia,Wrattonbully,appellation,Compound auction label contains a unique or hierarchically most specific curated target.
dim_region.csv,Yackandandah,1,other,,yackandandah,unresolved_requires_review,0,,,,,,No unique legally curated target found.
dim_region.csv,Yarra Valley-Pyrenees,1,other,,yarra valley pyrenees,ambiguous_requires_context,0,,,,,,Compound auction label contains 2 distinct curated targets.
dim_region.csv,Yarra Valley-Tumbarumba,1,other,,yarra valley tumbarumba,ambiguous_requires_context,0,,,,,,Compound auction label contains 2 distinct curated targets.
dim_region.csv,Yarra Valley/ Great Western,1,other,,yarra valley great western,ambiguous_requires_context,0,,,,,,Compound auction label contains 2 distinct curated targets.
dim_region.csv,Yavapai County,1,other,,yavapai county,unresolved_requires_review,0,,,,,,No unique legally curated target found.
dim_region.csv,Yellow Ceramic Decanter,1,other,,yellow ceramic decanter,unresolved_requires_review,0,,,,,,No unique legally curated target found.
dim_region.csv,Yerevan,1,other,,yerevan,unresolved_requires_review,0,,,,,,No unique legally curated target found.
dim_region.csv,Young,1,other,,young,unresolved_requires_review,0,,,,,,No unique legally curated target found.
dim_region.csv,Young NSW,1,other,,young nsw,unresolved_requires_review,0,,,,,,No unique legally curated target found.
dim_region.csv,Yugoslavia,1,other,,yugoslavia,unresolved_requires_review,0,,,,,,No unique legally curated target found.
dim_region.csv,Zacapa,1,other,,zacapa,unresolved_requires_review,0,,,,,,No unique legally curated target found.
dim_region.csv,a beautiful scent for women,1,other,,a beautiful scent for women,unresolved_requires_review,0,,,,,,No unique legally curated target found.
dim_region.csv,a novel by Camilla Nelson,1,other,,a novel by camilla nelson,curated_compound_to_specific,0.97,NZ-ORI-NELSON,NZ,Nelson,Nelson,appellation,Compound auction label contains a unique or hierarchically most specific curated target.
dim_region.csv,a sublime three-disc set,1,other,,a sublime three disc set,unresolved_requires_review,0,,,,,,No unique legally curated target found.
dim_region.csv,and Current Contemporary Art from Australia and New Zealand,1,other,,and current contemporary art from australia and new zealand,ambiguous_requires_context,0,,,,,,Compound auction label contains 2 distinct curated targets.
dim_region.csv,and Dinner at MoVida,1,other,,and dinner at movida,unresolved_requires_review,0,,,,,,No unique legally curated target found.
dim_region.csv,and a Willlie Creek Pearl Farm Tour for two,1,other,,and a willlie creek pearl farm tour for two,unresolved_requires_review,0,,,,,,No unique legally curated target found.
dim_region.csv,and two A-Reserve tickets to Sydney Symphony,1,other,,and two a reserve tickets to sydney symphony,curated_compound_to_specific,0.97,AU-REG-SYDNEY,AU,Sydney,,region,Compound auction label contains a unique or hierarchically most specific curated target.
dim_region.csv,cuvee Billardet,1,other,,cuvee billardet,unresolved_requires_review,0,,,,,,No unique legally curated target found.
dim_region.csv,cuvee Charlotte-Dumay,1,other,,cuvee charlotte dumay,unresolved_requires_review,0,,,,,,No unique legally curated target found.
dim_region.csv,cuvee General Muteau,1,other,,cuvee general muteau,unresolved_requires_review,0,,,,,,No unique legally curated target found.
dim_region.csv,della Valpolicella,1,other,,della valpolicella,curated_compound_to_specific,0.97,IT-ORI-VALPOLICELLA,IT,Veneto,Valpolicella,appellation,Compound auction label contains a unique or hierarchically most specific curated target.
dim_region.csv,evening drinks and canapes,1,other,,evening drinks and canapes,unresolved_requires_review,0,,,,,,No unique legally curated target found.
dim_region.csv,featuring a selection of the 15 vintages of Eligo. The winning bidder also claims a rare 3L bottle of their favorite Eligo vintage,1,other,,featuring a selection of the 15 vintages of eligo the winning bidder also claims a rare 3l bottle of their favorite eligo vintage,unresolved_requires_review,0,,,,,,No unique legally curated target found.
dim_region.csv,flagship Barossa Shiraz,1,other,,flagship barossa shiraz,curated_compound_to_specific,0.97,AU-ORI-BAROSSA,AU,South Australia,Barossa,appellation,Compound auction label contains a unique or hierarchically most specific curated target.
dim_region.csv,from Sydney,1,other,,from sydney,curated_compound_to_specific,0.97,AU-REG-SYDNEY,AU,Sydney,,region,Compound auction label contains a unique or hierarchically most specific curated target.
dim_region.csv,heavy duty steel polythene coated. Holds 152 bottles.,1,other,,heavy duty steel polythene coated holds 152 bottles,unresolved_requires_review,0,,,,,,No unique legally curated target found.
dim_region.csv,heavy duty steel polythene coated. Holds 304 bottles.,1,other,,heavy duty steel polythene coated holds 304 bottles,unresolved_requires_review,0,,,,,,No unique legally curated target found.
dim_region.csv,includes 1x 2016 Ruchottes-Chambertin and Cellar Visit for 4 People,1,other,,includes 1x 2016 ruchottes chambertin and cellar visit for 4 people,curated_compound_to_specific,0.97,FR-ORI-RUCHOTTES-CHAMBERTIN,FR,Bourgogne,Ruchottes-Chambertin,appellation,Compound auction label contains a unique or hierarchically most specific curated target.
dim_region.csv,plus Johann George Shiraz 2004 - 2009  6 bottle vertical,1,other,,plus johann george shiraz 2004 2009 6 bottle vertical,unresolved_requires_review,0,,,,,,No unique legally curated target found.
dim_region.csv,qualia,1,other,,qualia,unresolved_requires_review,0,,,,,,No unique legally curated target found.
dim_region.csv,recorded live at Radio City Music Hall,1,other,,recorded live at radio city music hall,unresolved_requires_review,0,,,,,,No unique legally curated target found.
dim_region.csv,signed by Emma Matthews,1,other,,signed by emma matthews,unresolved_requires_review,0,,,,,,No unique legally curated target found.
dim_region.csv,signed by Stephen and Prue Henschke 750ml,1,other,,signed by stephen and prue henschke 750ml,unresolved_requires_review,0,,,,,,No unique legally curated target found.
dim_region.csv,signed by Winemaker Paul Lindner,1,other,,signed by winemaker paul lindner,unresolved_requires_review,0,,,,,,No unique legally curated target found.
dim_region.csv,two-bathroom cottage in the Barossa Valley,1,other,,two bathroom cottage in the barossa valley,curated_compound_to_specific,0.97,AU-ORI-BAROSSA-VALLEY,AU,South Australia,Barossa Valley,appellation,Compound auction label contains a unique or hierarchically most specific curated target.
dim_region.csv,vintages 1985-1996,1,other,,vintages 1985 1996,unresolved_requires_review,0,,,,,,No unique legally curated target found.
dim_region.csv,weinviertel,1,other,,weinviertel,normalized_exact,1,AT-ORI-WEINVIERTEL,AT,Niederösterreich,Weinviertel,appellation,"Accent, punctuation, whitespace and legal suffixes normalized."
dim_region.csv,with Dragan Radocaj fine art print (1 of 100) Shiraz,1,other,,with dragan radocaj fine art print 1 of 100 shiraz,unresolved_requires_review,0,,,,,,No unique legally curated target found.
dim_region.csv,with guided a Snorkelling Adventure for two,1,other,,with guided a snorkelling adventure for two,unresolved_requires_review,0,,,,,,No unique legally curated target found.
dim_region.csv,with two Port Glassest,1,other,,with two port glassest,unresolved_requires_review,0,,,,,,No unique legally curated target found.
